Date,Close_ADANIENT,Close_ADANIGREEN,Close_AXISBANK,Close_BAJFINANCE,Close_BOSCHLTD,Close_BRITANNIA,Close_CIPLA,Close_DABUR,Close_DIVISLAB,Close_DRREDDY,Close_GODREJCP,Close_HCLTECH,Close_HDFCBANK,Close_HEROMOTOCO,Close_HINDUNILVR,Close_ICICIBANK,Close_INFY,Close_KOTAKBANK,Close_LTIM,Close_LUPIN,Close_MARUTI,Close_NESTLEIND,Close_NTPC,Close_PAYTM,Close_RELIANCE,Close_SBIN,Close_SUNPHARMA,Close_TATAMOTORS,Close_TCS,Close_TECHM,Close_YESBANK
2022-10-24,3305.123779296875,2121.25,907.047119140625,709.6375732421875,14843.51953125,3633.24365234375,1116.1844482421875,519.05908203125,3545.511474609375,858.1500854492188,794.30224609375,918.093994140625,703.0101928710938,2322.87158203125,2438.193603515625,903.9210815429688,1398.093505859375,1889.9874267578125,4546.173828125,670.6942138671875,8510.3671875,1008.4096069335938,152.44952392578125,637.5,1132.0430908203125,539.5609741210938,958.6383056640625,394.4970703125,2894.77978515625,939.29736328125,15.75
2022-10-25,3295.836669921875,2079.89990234375,900.4644775390625,699.4358520507812,14865.560546875,3556.990478515625,1124.943359375,514.5149536132812,3530.494873046875,870.8629760742188,794.9801635742188,913.5550537109375,698.1263427734375,2326.20068359375,2374.043212890625,902.7013549804688,1405.876708984375,1840.9381103515625,4614.6787109375,674.3888549804688,8742.9462890625,979.7806396484375,154.64108276367188,656.3499755859375,1114.559326171875,547.1743774414062,963.0574951171875,397.3948669433594,2895.14697265625,970.0800170898438,15.600000381469727
2022-10-27,3320.30224609375,2117.60009765625,912.7320556640625,686.4572143554688,14957.53125,3597.416259765625,1134.6754150390625,530.8547973632812,3553.9521484375,880.4393920898438,809.1173095703125,918.4944458007812,699.8103637695312,2348.827392578125,2386.93017578125,902.067138671875,1419.052734375,1859.2818603515625,4486.64013671875,692.9110717773438,8778.8212890625,972.5756225585938,155.82815551757812,649.8499755859375,1118.941650390625,548.2147827148438,982.5799560546875,400.48919677734375,2890.84326171875,964.1206665039062,15.75
2022-10-28,3318.604736328125,2098.550048828125,900.6640014648438,689.9775390625,15310.25390625,3618.874267578125,1124.261962890625,532.7885131835938,3481.76513671875,874.3132934570312,803.5496215820312,916.669921875,701.87939453125,2384.0048828125,2391.905029296875,885.9168090820312,1409.08935546875,1878.4727783203125,4398.27392578125,686.1130981445312,9216.3076171875,979.7830200195312,158.93283081054688,642.8499755859375,1153.178955078125,539.7974243164062,961.5520629882812,402.6502685546875,2896.19873046875,940.0142822265625,15.649999618530273
2022-10-31,3342.720458984375,2102.89990234375,903.606201171875,703.4927978515625,15665.7802734375,3608.193115234375,1136.1353759765625,536.3175048828125,3542.02734375,869.1672973632812,803.01708984375,926.5931396484375,720.1637573242188,2408.2958984375,2416.96826171875,886.746337890625,1431.809814453125,1896.1185302734375,4547.66064453125,688.6746826171875,9250.337890625,989.5480346679688,158.0653839111328,638.4000244140625,1163.8837890625,542.6820068359375,987.6791381835938,405.4498596191406,2923.57470703125,952.963623046875,15.550000190734863
2022-11-01,3570.64794921875,2121.25,869.4466552734375,709.9329223632812,15770.95703125,3628.7412109375,1141.974609375,545.1160278320312,3765.360595703125,889.0845947265625,811.8286743164062,943.4137573242188,728.1271362304688,2404.967041015625,2434.234375,886.6487426757812,1464.7265625,1903.34619140625,4649.1708984375,698.7732543945312,9179.4619140625,1000.5572509765625,166.0097198486328,642.9000244140625,1154.867919921875,545.6138916015625,1006.81298828125,413.89776611328125,2984.507080078125,959.6846923828125,15.5
2022-11-02,3575.640869140625,2137.050048828125,861.2683715820312,704.6843872070312,15751.0048828125,3567.384033203125,1128.20361328125,543.6173706054688,3711.379638671875,893.0739135742188,807.0355224609375,930.1975708007812,728.584228515625,2378.69677734375,2402.277587890625,882.843017578125,1446.3826904296875,1904.0938720703125,4662.79541015625,696.9998779296875,8960.81640625,990.7118530273438,165.23353576660156,642.5999755859375,1162.08056640625,542.729248046875,1021.7218627929688,414.6836242675781,2968.02587890625,969.6318969726562,15.5
2022-11-03,3585.3271484375,2106.699951171875,861.7670288085938,701.2772216796875,15731.6220703125,3596.218505859375,1131.950439453125,539.8783569335938,3711.379638671875,899.7882080078125,805.389404296875,930.1531982421875,725.384521484375,2380.85595703125,2429.03515625,886.6975708007812,1425.384765625,1894.3240966796875,4642.791015625,701.6304321289062,8970.2333984375,992.4661865234375,162.67674255371094,643.0499877929688,1166.4173583984375,553.1800537109375,1014.1945190429688,408.887939453125,2936.026611328125,943.5092163085938,16.100000381469727
2022-11-04,3827.834228515625,2121.25,865.8062744140625,710.1791381835938,15507.7314453125,3644.260009765625,1115.40576171875,541.4321899414062,3676.88134765625,887.0850219726562,802.8718872070312,930.3310546875,720.38037109375,2329.169677734375,2404.233154296875,883.428466796875,1409.7877197265625,1894.1246337890625,4611.99169921875,700.1526489257812,8960.9130859375,992.5560302734375,161.5809783935547,650.3499755859375,1183.5816650390625,561.7392578125,1010.0182495117188,417.8270263671875,2945.778076171875,944.2262573242188,16.450000762939453
2022-11-07,3955.00439453125,2165.699951171875,870.6435546875,708.0176391601562,15625.49609375,3965.223388671875,1100.6129150390625,537.6446533203125,3351.278564453125,879.3121948242188,800.6447143554688,931.9331665039062,725.9859008789062,2358.093994140625,2416.109619140625,895.3338012695312,1403.6884765625,1876.8277587890625,4663.37109375,699.3643798828125,9061.6923828125,995.2262573242188,160.5765380859375,651.25,1189.904052734375,580.8438110351562,998.8001098632812,427.3063049316406,2960.701416015625,944.0916748046875,16.549999237060547
2022-11-09,3991.55224609375,2215.5,871.3915405273438,703.4830322265625,16364.1025390625,3999.805908203125,1099.153076171875,538.1787719726562,3237.624267578125,889.0061645507812,789.0250244140625,937.539794921875,725.7693481445312,2385.4892578125,2393.21533203125,888.5028686523438,1407.1802978515625,1887.5948486328125,4640.91943359375,683.994873046875,8984.2138671875,987.4342041015625,158.33929443359375,643.6500244140625,1188.7171630859375,582.1678466796875,984.4253540039062,425.4890441894531,2944.54150390625,937.8919067382812,16.549999237060547
2022-11-10,3986.609619140625,2176.0,841.4707641601562,686.85107421875,15974.3720703125,3960.816650390625,1092.2432861328125,537.9359741210938,3225.8466796875,891.8585205078125,794.2055053710938,936.64990234375,733.6605224609375,2440.369384765625,2397.794189453125,888.6980590820312,1398.567138671875,1906.287353515625,4665.33837890625,708.7240600585938,8832.51171875,980.407470703125,157.1522216796875,626.9000244140625,1174.337646484375,572.8993530273438,981.6087036132812,404.90960693359375,2935.019287109375,930.9627685546875,16.5
2022-11-11,4003.186279296875,2196.699951171875,848.4523315429688,694.3694458007812,15931.5234375,3926.33056640625,1091.3673095703125,537.1590576171875,3210.78125,889.898193359375,793.04345703125,970.6466064453125,775.2334594726562,2400.783447265625,2387.73046875,884.6483154296875,1462.026123046875,1893.2772216796875,4852.9111328125,735.9656372070312,8823.0947265625,987.560546875,156.5586700439453,632.0,1201.4078369140625,568.690673828125,984.4253540039062,416.0097351074219,3036.0078125,965.2437744140625,16.850000381469727
2022-11-14,4016.86669921875,2178.550048828125,848.75146484375,691.8436889648438,15981.6875,3931.40771484375,1099.25048828125,537.2562255859375,3215.001220703125,855.4349365234375,818.1226806640625,978.078125,777.1099853515625,2418.68701171875,2344.56494140625,873.3285522460938,1476.179931640625,1916.9046630859375,4946.64990234375,748.2809448242188,8886.0078125,975.0571899414062,156.5586700439453,638.5499877929688,1195.5875244140625,560.4151611328125,987.6791381835938,426.0293273925781,3053.90673828125,971.3067626953125,17.100000381469727
2022-11-15,4052.06689453125,2196.949951171875,856.38134765625,691.8386840820312,16047.6240234375,3965.3193359375,1088.788330078125,534.8767700195312,3264.958251953125,869.1672973632812,821.8505859375,982.4390258789062,779.0105590820312,2456.788330078125,2344.27880859375,889.673828125,1484.281005859375,1906.5364990234375,4927.220703125,742.4189453125,8895.572265625,974.5883178710938,157.1522216796875,626.5,1190.2236328125,568.2650146484375,986.853515625,429.4183044433594,3051.25244140625,972.7654418945312,17.049999237060547
2022-11-16,3951.009765625,2110.14990234375,853.139892578125,678.9684448242188,15842.640625,3957.79931640625,1091.172607421875,534.1969604492188,3228.84033203125,878.4398193359375,818.9940795898438,983.5958862304688,785.6988525390625,2464.615234375,2363.69140625,891.5279541015625,1492.475341796875,1959.87255859375,4843.3642578125,728.7242431640625,8869.115234375,976.6463012695312,155.18894958496094,601.4500122070312,1183.3990478515625,567.2247314453125,989.3787231445312,423.9173583984375,3072.08203125,972.6743774414062,17.049999237060547
2022-11-17,4012.47314453125,2102.60009765625,855.9324951171875,678.9684448242188,15869.767578125,3951.764404296875,1089.5181884765625,535.99365234375,3229.036376953125,866.7364501953125,812.2643432617188,972.3377685546875,778.6016235351562,2468.708984375,2346.66357421875,897.5781860351562,1478.1353759765625,1944.5694580078125,4730.10107421875,725.2266235351562,8724.935546875,971.4514770507812,153.6822509765625,539.7999877929688,1186.45751953125,566.5626831054688,984.2310180664062,415.6659240722656,3066.26806640625,965.1070556640625,16.950000762939453
2022-11-18,4014.12060546875,2085.39990234375,856.929931640625,668.771728515625,15710.43359375,3933.419189453125,1072.8760986328125,532.6915893554688,3226.435791015625,864.3349609375,812.3128051757812,981.7713623046875,776.5567016601562,2449.95068359375,2369.271728515625,898.1148071289062,1483.722412109375,1953.5419921875,4697.3828125,710.39892578125,8590.5634765625,968.2490844726562,151.44508361816406,547.0,1185.818359375,570.0147705078125,980.5888061523438,416.3044128417969,3061.186279296875,967.2039794921875,16.850000381469727
2022-11-21,3996.196044921875,2003.300048828125,867.7511596679688,657.703369140625,15541.078125,3946.83056640625,1074.8712158203125,534.9253540039062,3205.431884765625,852.7295532226562,812.4095458984375,974.963134765625,768.5933227539062,2408.8359375,2386.156005859375,899.1395874023438,1460.2569580078125,1938.1392822265625,4573.56689453125,710.2511596679688,8607.21484375,960.3087768554688,150.1209716796875,537.0,1164.477294921875,565.6641235351562,974.3242797851562,413.6521911621094,3006.29736328125,950.56494140625,16.649999618530273
2022-11-22,4028.30029296875,1986.0999755859375,867.7511596679688,658.2893676757812,15602.6474609375,3982.802001953125,1074.530517578125,530.7007446289062,3244.347412109375,855.2094116210938,815.3629760742188,981.9939575195312,767.4625854492188,2416.032958984375,2399.79736328125,901.3839721679688,1475.9471435546875,1933.8026123046875,4563.30078125,709.1181640625,8615.515625,953.1069946289062,152.5408477783203,476.79998779296875,1170.9365234375,566.6099243164062,981.074462890625,417.1885070800781,3035.09228515625,957.9043579101562,17.049999237060547
2022-11-23,3897.78515625,2036.5,872.388916015625,667.6441650390625,15816.8935546875,3980.454833984375,1078.3260498046875,535.508056640625,3238.802001953125,863.6685180664062,821.22119140625,981.9939575195312,769.45947265625,2392.10205078125,2391.83203125,905.0433959960938,1474.177978515625,1947.36083984375,4549.771484375,708.428466796875,8674.498046875,950.755126953125,153.4539794921875,452.3999938964844,1167.28466796875,574.6962890625,988.4075927734375,416.54998779296875,3029.003662109375,951.8870239257812,16.850000381469727
2022-11-24,3915.560302734375,2043.050048828125,876.2286987304688,666.7874755859375,15808.009765625,4014.989501953125,1066.0150146484375,537.6446533203125,3244.15087890625,865.2760009765625,835.4552612304688,1005.3112182617188,781.9697875976562,2404.922119140625,2431.7060546875,916.1679077148438,1517.616943359375,1938.886962890625,4745.02001953125,708.4777221679688,8706.1484375,959.033203125,154.77806091308594,441.1000061035156,1177.3504638671875,576.3040771484375,1005.3560791015625,415.9114990234375,3094.78759765625,974.9080200195312,16.950000762939453
2022-11-25,3895.58837890625,2023.949951171875,885.4044189453125,664.43896484375,16091.421875,4007.804931640625,1075.7471923828125,540.5095825195312,3280.71044921875,866.109130859375,832.1146240234375,1004.0651245117188,778.3610229492188,2436.455810546875,2420.545166015625,907.824462890625,1523.0643310546875,1922.4874267578125,4738.064453125,709.1181640625,8757.0244140625,949.0178833007812,155.00631713867188,465.20001220703125,1194.9254150390625,574.4598999023438,1004.1420288085938,425.5382080078125,3103.48583984375,984.80029296875,16.950000762939453
2022-11-28,3880.6591796875,1990.699951171875,889.3440551757812,667.3881225585938,16126.578125,4035.92041015625,1072.2435302734375,542.5004272460938,3313.001220703125,862.9529418945312,826.9827270507812,995.6994018554688,769.9887084960938,2504.24609375,2408.859375,914.7530517578125,1511.657470703125,1922.23828125,4740.94287109375,722.8128662109375,8723.9169921875,962.9207153320312,155.59986877441406,461.5,1235.9874267578125,575.5947875976562,1005.0161743164062,425.5873107910156,3108.61328125,982.1105346679688,17.149999618530273
2022-11-29,3872.920166015625,2012.050048828125,890.1917114257812,663.124267578125,15957.0791015625,4105.18115234375,1091.1240234375,576.0061645507812,3310.2041015625,873.0193481445312,838.2149658203125,1004.732421875,768.8338623046875,2544.5068359375,2512.837646484375,923.8770751953125,1516.9185791015625,1919.6461181640625,4712.97509765625,740.3499145507812,8650.904296875,977.7784423828125,155.37156677246094,483.8999938964844,1238.110107421875,575.5474853515625,1019.6823120117188,425.4890441894531,3110.53564453125,979.6947021484375,17.049999237060547
2022-11-30,3912.364501953125,2116.5,898.8687133789062,661.824462890625,16155.83984375,4178.8955078125,1109.1285400390625,571.3931274414062,3341.611083984375,879.6454467773438,853.5143432617188,997.4794921875,773.934326171875,2565.783935546875,2560.67724609375,929.8785400390625,1522.412353515625,1941.080322265625,4642.359375,754.7835083007812,8712.9951171875,980.8228759765625,157.2435302734375,481.70001220703125,1246.85205078125,569.7783203125,1015.9915771484375,431.6285095214844,3104.5390625,981.9282836914062,17.149999618530273
2022-12-01,3909.568603515625,2113.550048828125,901.4618530273438,664.4635620117188,16188.1435546875,4216.2080078125,1094.7734375,569.8876953125,3345.88037109375,877.1361694335938,849.4473266601562,1011.3628540039062,779.2511596679688,2583.687744140625,2540.168212890625,917.4852905273438,1543.0377197265625,1928.3695068359375,4642.359375,758.9214477539062,8697.4609375,974.2942504882812,157.2435302734375,501.04998779296875,1243.1773681640625,575.121826171875,1016.3800048828125,430.4988708496094,3182.225830078125,1004.2655639648438,17.049999237060547
2022-12-02,3916.9580078125,2062.300048828125,902.7584838867188,657.3735961914062,16287.810546875,4246.52734375,1084.506103515625,574.1123657226562,3318.595703125,884.2033081054688,853.7079467773438,1010.6065063476562,773.2847290039062,2537.4892578125,2494.61767578125,908.1172485351562,1525.1593017578125,1924.880126953125,4642.359375,764.5372924804688,8559.30078125,959.798583984375,157.1978759765625,536.9500122070312,1242.6522216796875,574.6016845703125,1010.1152954101562,427.69927978515625,3148.806884765625,1016.3460693359375,17.399999618530273
2022-12-05,3924.8466796875,2042.0999755859375,896.8241577148438,655.866943359375,16340.4443359375,4218.22021484375,1085.479248046875,570.1790771484375,3306.425537109375,878.1261596679688,854.5310668945312,1006.4237060546875,776.0994873046875,2543.967041015625,2499.1494140625,911.0447998046875,1526.8818359375,1932.5067138671875,4773.66015625,758.724365234375,8536.193359375,959.8471069335938,159.9373016357422,523.3499755859375,1224.529296875,583.8229370117188,1009.5325317382812,421.1668701171875,3136.675537109375,1002.6699829101562,17.450000762939453
2022-12-06,4026.103759765625,2063.300048828125,902.259765625,659.6187133789062,16423.623046875,4238.3369140625,1079.88330078125,575.5205688476562,3293.715087890625,857.503173828125,857.6780395507812,997.61279296875,775.2334594726562,2518.011474609375,2532.250244140625,900.3593139648438,1501.8802490234375,1929.31640625,4620.29150390625,756.3106079101562,8463.6669921875,967.5687866210938,159.9829559326172,514.6500244140625,1228.0672607421875,575.92578125,1003.8506469726562,419.54608154296875,3099.549072265625,992.6868286132812,17.5
2022-12-07,3993.649658203125,2032.699951171875,912.2333374023438,652.3958129882812,16236.693359375,4208.83154296875,1075.698486328125,584.8925170898438,3276.392333984375,855.0134887695312,869.68505859375,984.21875,774.8965454101562,2482.698974609375,2582.61767578125,899.8714599609375,1494.9896240234375,1905.5892333984375,4497.529296875,758.52734375,8407.1611328125,967.5565795898438,156.92391967773438,509.8999938964844,1209.9443359375,574.1287841796875,988.5046997070312,412.66986083984375,3095.2001953125,982.8858032226562,17.450000762939453
2022-12-08,4019.313232421875,2052.699951171875,936.8681030273438,648.1369018554688,16583.765625,4210.12548828125,1077.839599609375,586.9805908203125,3226.53369140625,853.9744873046875,872.88037109375,980.1694946289062,779.2511596679688,2481.484375,2580.80517578125,909.3858032226562,1508.631103515625,1891.1837158203125,4373.9521484375,743.6996459960938,8430.025390625,962.429931640625,155.55422973632812,508.20001220703125,1209.373779296875,578.4793701171875,952.6165161132812,409.8211975097656,3067.68701171875,979.3300170898438,17.75
2022-12-09,3991.153076171875,2053.449951171875,931.2330322265625,641.7855224609375,16642.669921875,4224.8779296875,1078.2288818359375,581.493408203125,3213.382080078125,863.9526977539062,894.3283081054688,914.4451904296875,784.8087158203125,2475.456787109375,2596.831298828125,907.4342041015625,1461.28125,1882.26123046875,4223.27001953125,740.3991088867188,8362.693359375,983.6365356445312,154.77806091308594,544.5999755859375,1191.0452880859375,583.0663452148438,964.3201904296875,405.9901428222656,3014.766845703125,943.909423828125,19.700000762939453
2022-12-12,4011.025146484375,2024.050048828125,936.1699829101562,640.7072143554688,16516.548828125,4246.19189453125,1067.4261474609375,585.086669921875,3276.932373046875,872.8037719726562,866.9736938476562,915.24609375,790.9194946289062,2493.405029296875,2592.0615234375,907.824462890625,1440.702392578125,1860.029541015625,4155.34130859375,740.8917846679688,8407.7431640625,995.5713500976562,154.23013305664062,528.75,1192.871337890625,579.803466796875,959.02685546875,406.8251037597656,3008.99853515625,940.9918212890625,21.100000381469727
2022-12-13,4054.463623046875,2021.4000244140625,942.1041870117188,651.8936157226562,16700.53125,4240.4443359375,1080.17529296875,577.074462890625,3293.371826171875,873.9603881835938,849.0116577148438,929.7526245117188,793.1088256835938,2482.609130859375,2585.431884765625,910.4105224609375,1463.9351806640625,1862.77099609375,4142.7236328125,732.9114379882812,8369.8310546875,990.7579956054688,154.50408935546875,539.4000244140625,1198.3037109375,583.3027954101562,966.0685424804688,411.0981750488281,3050.794677734375,953.4369506835938,23.950000762939453
2022-12-14,4050.06982421875,2018.1500244140625,939.9100341796875,655.3499755859375,16709.12890625,4224.30322265625,1082.9002685546875,570.1790771484375,3330.962158203125,883.056396484375,859.03369140625,939.9873657226562,799.8211669921875,2471.72314453125,2560.963623046875,899.4810180664062,1470.68603515625,1867.45654296875,4262.9912109375,747.5420532226562,8390.1201171875,974.9745483398438,156.69564819335938,529.2000122070312,1193.9669189453125,591.5782470703125,971.507568359375,410.5087585449219,3081.237548828125,971.0787353515625,22.100000381469727
2022-12-15,4038.03662109375,2024.9000244140625,935.6712646484375,652.41552734375,16782.76171875,4277.70947265625,1072.292236328125,569.98486328125,3303.08837890625,876.0775756835938,874.5750122070312,927.6611328125,785.1695556640625,2492.865478515625,2540.549560546875,886.8438720703125,1434.463623046875,1857.4873046875,4155.6767578125,739.7587890625,8334.34375,959.1498413085938,157.1522216796875,531.7000122070312,1177.008056640625,582.546142578125,973.4015502929688,409.33001708984375,3026.073974609375,932.46728515625,22.450000762939453
2022-12-16,3975.17578125,2044.25,932.6292724609375,649.6090087890625,16598.3984375,4257.83154296875,1060.224365234375,563.0408935546875,3265.252685546875,844.7411499023438,868.3777465820312,916.3585815429688,788.9467163085938,2451.480712890625,2548.228759765625,880.208251953125,1417.423095703125,1834.9068603515625,4160.52197265625,718.527099609375,8238.85546875,959.1911010742188,155.05198669433594,528.0,1171.1876220703125,570.6294555664062,965.09716796875,414.1433410644531,2966.698486328125,930.6893310546875,21.200000762939453
2022-12-19,4069.542236328125,2062.050048828125,943.699951171875,658.4813842773438,16655.06640625,4336.19189453125,1067.2801513671875,572.0729370117188,3283.8515625,861.7865600585938,877.7704467773438,919.5625,791.4006958007812,2501.637451171875,2592.87255859375,884.5507202148438,1403.5953369140625,1852.452880859375,4195.3017578125,717.83740234375,8353.4697265625,975.8566284179688,156.87828063964844,523.5,1186.5716552734375,571.6697998046875,959.5609741210938,410.60699462890625,2931.723876953125,936.0684814453125,21.399999618530273
2022-12-20,4159.41455078125,2061.64990234375,947.2406005859375,654.1337890625,16722.857421875,4319.47607421875,1061.927490234375,562.7982177734375,3289.446044921875,856.6307373046875,866.24755859375,916.40283203125,785.9393920898438,2494.39501953125,2551.3291015625,887.7222290039062,1403.5489501953125,1841.4366455078125,4185.32373046875,715.2265625,8276.283203125,978.4758911132812,155.00631713867188,526.75,1196.843017578125,571.6697998046875,959.949462890625,403.2396545410156,2970.08642578125,928.0910034179688,21.299999237060547
2022-12-21,3896.43701171875,1968.25,929.8367309570312,642.6962890625,16541.390625,4233.068359375,1097.79052734375,560.6129760742188,3453.547607421875,864.0409545898438,856.3223266601562,925.8812866210938,778.3369750976562,2480.809814453125,2543.36376953125,870.6937866210938,1405.643798828125,1809.036376953125,4244.85791015625,740.2513427734375,8107.39599609375,987.1572875976562,153.3626708984375,517.0999755859375,1179.8155517578125,561.2191162109375,976.703857421875,395.4793701171875,2992.609375,935.4759521484375,19.850000381469727
2022-12-22,3863.084228515625,1980.75,917.120361328125,639.1463623046875,16383.2470703125,4206.8203125,1092.38916015625,561.0985717773438,3431.120849609375,852.6119384765625,863.1005249023438,924.7687377929688,775.66650390625,2454.04443359375,2523.47412109375,869.1324462890625,1417.2835693359375,1820.4512939453125,4200.96337890625,754.9805297851562,8091.81201171875,986.7879638671875,151.49070739746094,506.54998779296875,1176.7569580078125,561.2191162109375,981.6087036132812,387.4735412597656,2984.507080078125,926.17626953125,18.950000762939453
2022-12-23,3637.053955078125,1809.050048828125,904.20458984375,627.71875,16008.623046875,4149.7744140625,1089.177490234375,549.54150390625,3433.6240234375,845.0057983398438,845.7194213867188,917.2040405273438,768.7376098632812,2372.30908203125,2500.34130859375,857.6663818359375,1394.051025390625,1816.36376953125,4093.55224609375,745.5715942382812,7904.671875,978.3397216796875,148.84259033203125,476.1000061035156,1142.245849609375,542.8711547851562,972.7702026367188,371.65826416015625,2955.80322265625,907.8506469726562,17.450000762939453
2022-12-26,3711.498779296875,1876.8499755859375,926.2462768554688,633.5384521484375,16418.77734375,4191.39697265625,1067.1341552734375,549.7843627929688,3365.264404296875,832.8809204101562,855.0150756835938,918.1830444335938,784.0387573242188,2416.798095703125,2496.859375,871.620849609375,1398.9859619140625,1807.9896240234375,4172.611328125,731.2365112304688,8016.51953125,966.9078979492188,151.26243591308594,504.3500061035156,1152.2203369140625,564.7184448242188,971.3132934570312,377.9941711425781,2978.28076171875,912.63720703125,19.600000381469727
2022-12-27,3764.323974609375,1908.699951171875,929.7369995117188,640.5299072265625,16362.154296875,4185.5537109375,1066.5015869140625,556.9710693359375,3412.66943359375,833.322021484375,860.8248901367188,922.3214721679688,784.832763671875,2431.23779296875,2473.774658203125,878.8908081054688,1410.5791015625,1815.3170166015625,4212.427734375,730.743896484375,8063.75390625,961.0037231445312,150.8515167236328,512.8499755859375,1161.64697265625,569.2581787109375,971.410400390625,387.1788330078125,2984.323486328125,920.4324340820312,20.149999618530273
2022-12-28,3792.33447265625,1897.8499755859375,922.2568359375,637.713623046875,16426.4765625,4201.5517578125,1056.720703125,552.7464599609375,3382.4892578125,833.6944580078125,867.699951171875,921.5203247070312,784.2072143554688,2426.06494140625,2464.569091796875,877.23193359375,1406.2025146484375,1814.51953125,4156.34765625,722.0739135742188,8175.98974609375,964.2886352539062,151.44508361816406,535.5499877929688,1161.532958984375,568.4542236328125,966.408447265625,384.3792419433594,2982.126220703125,926.541015625,20.149999618530273
2022-12-29,3805.21630859375,1910.25,932.0807495117188,641.1405029296875,16234.369140625,4165.484375,1058.4239501953125,544.7827758789062,3348.97216796875,835.2333374023438,857.9684448242188,929.5302124023438,789.7406616210938,2449.09619140625,2449.735595703125,886.112060546875,1413.09326171875,1813.1737060546875,4240.97216796875,725.27587890625,8190.310546875,962.5587158203125,152.26687622070312,527.2000122070312,1161.0078125,578.6212158203125,971.7988891601562,379.0747375488281,2992.792724609375,923.76025390625,20.149999618530273
2022-12-30,3852.898681640625,1931.800048828125,931.2828369140625,647.4722290039062,16402.673828125,4126.35205078125,1047.134521484375,545.2683715820312,3349.95361328125,830.7147827148438,846.3487548828125,924.9468994140625,783.4132690429688,2464.07568359375,2443.057861328125,869.3275146484375,1404.3868408203125,1821.6475830078125,4188.3935546875,722.862060546875,8150.3095703125,952.74267578125,151.99295043945312,531.0,1162.7882080078125,580.418212890625,972.62451171875,381.0885314941406,2981.759765625,926.6777954101562,20.600000381469727
2023-01-02,3835.77294921875,1888.699951171875,939.112060546875,645.3599853515625,16312.84375,4111.6953125,1042.268310546875,545.3655395507812,3310.15478515625,830.2246704101562,865.182373046875,925.0802001953125,783.6778564453125,2443.427978515625,2440.530029296875,880.6473388671875,1419.099365234375,1819.4542236328125,4146.849609375,722.024658203125,8158.755859375,950.5825805664062,153.40834045410156,532.0999755859375,1175.8896484375,578.9995727539062,968.3509521484375,387.81732177734375,2986.109375,920.3868408203125,21.649999618530273
2023-01-03,3825.537353515625,1892.949951171875,959.7574462890625,650.52978515625,16278.736328125,4063.509765625,1047.0858154296875,544.6856689453125,3330.1279296875,830.8715209960938,864.4560546875,926.7711791992188,788.8023681640625,2447.476806640625,2424.933349609375,879.5739135742188,1417.749267578125,1827.23046875,4172.80224609375,727.04931640625,8138.8046875,958.6370849609375,153.04306030273438,535.4500122070312,1167.28466796875,579.1886596679688,980.1032104492188,386.9332580566406,3031.796875,933.424560546875,22.049999237060547
2023-01-04,3821.642822265625,1860.5,954.9202880859375,647.05859375,16016.17578125,4056.9482421875,1038.326904296875,543.7144165039062,3371.889404296875,833.8414916992188,860.5345458984375,922.5439453125,774.7042236328125,2437.490478515625,2419.257080078125,877.3782958984375,1391.909423828125,1815.16748046875,4104.490234375,723.748779296875,8177.6884765625,948.5586547851562,152.12994384765625,540.2999877929688,1149.7095947265625,572.3790893554688,975.2468872070312,378.7800598144531,3034.817626953125,930.2335815429688,21.350000381469727
2023-01-05,3824.38916015625,1860.0,947.0410766601562,600.683349609375,16158.0263671875,4131.8603515625,1059.2025146484375,556.2427368164062,3397.7021484375,842.4671020507812,887.4534301757812,929.2185668945312,769.72412109375,2489.53662109375,2464.66455078125,857.9102783203125,1373.658203125,1814.7188720703125,4087.4599609375,731.876953125,8214.873046875,961.0037231445312,155.143310546875,541.5,1147.6553955078125,572.2846069335938,986.999267578125,380.05706787109375,3031.5673828125,922.34716796875,21.450000762939453
2023-01-06,3818.846923828125,1838.25,937.4166870117188,588.901123046875,16214.0791015625,4175.78173828125,1047.5238037109375,536.9161987304688,3371.251220703125,837.419189453125,888.3732299804688,919.1619262695312,767.1738891601562,2467.404541015625,2457.74853515625,849.078857421875,1348.796142578125,1781.321533203125,4027.398193359375,727.1971435546875,8139.09521484375,966.3125610351562,154.32147216796875,551.3499755859375,1158.0863037109375,568.0759887695312,979.7147827148438,375.24371337890625,2940.421630859375,899.0980834960938,21.100000381469727
2023-01-09,3849.85302734375,1891.449951171875,956.2168579101562,590.1764526367188,16361.9169921875,4180.8115234375,1058.3265380859375,533.7113647460938,3395.3955078125,849.6224365234375,879.3196411132812,949.9993896484375,768.66552734375,2476.221435546875,2503.15576171875,852.2503051757812,1382.271728515625,1806.3446044921875,4121.08837890625,738.7734985351562,8133.2216796875,976.0533447265625,155.59986877441406,563.9000244140625,1185.4302978515625,574.7435913085938,987.6305541992188,382.56195068359375,3039.670166015625,925.6292114257812,21.25
2023-01-10,3641.74755859375,1895.199951171875,949.63427734375,581.3926391601562,16537.11328125,4144.9365234375,1049.810791015625,538.6156616210938,3436.9609375,840.7420043945312,882.7571411132812,946.7955322265625,754.6154174804688,2439.96435546875,2522.04345703125,840.540283203125,1368.5833740234375,1790.044921875,4060.01904296875,747.6405639648438,8051.81201171875,973.0526123046875,153.3626708984375,575.5499877929688,1167.9010009765625,562.8742065429688,982.7742309570312,405.5971984863281,3008.95263671875,914.1415405273438,20.649999618530273
2023-01-11,3630.6630859375,1877.1500244140625,947.2406005859375,580.5655517578125,16485.095703125,4132.91357421875,1019.5437622070312,532.5458984375,3348.23583984375,835.4882202148438,871.9605102539062,938.7412109375,765.48974609375,2423.50048828125,2473.774658203125,845.3706665039062,1369.980224609375,1796.3253173828125,4054.16650390625,742.9114990234375,8043.36474609375,960.1435546875,151.62770080566406,579.1500244140625,1153.178955078125,564.3401489257812,998.4601440429688,410.8034973144531,3047.681640625,917.5149536132812,20.049999237060547
2023-01-12,3642.046875,1889.8499755859375,933.078125,580.8264770507812,16511.74609375,4118.49658203125,1032.73095703125,529.243896484375,3244.052978515625,845.0352172851562,886.146240234375,953.7373046875,769.5797119140625,2423.95068359375,2470.721923828125,839.8572387695312,1378.6866455078125,1774.0439453125,4102.7626953125,743.2069702148438,8125.64892578125,965.7294311523438,151.53636169433594,543.2000122070312,1128.2769775390625,562.6377563476562,1003.170654296875,404.9587097167969,3052.854248046875,913.1386108398438,19.899999618530273
2023-01-13,3715.892578125,1915.6500244140625,931.6818237304688,588.6450805664062,16467.947265625,4153.79736328125,1039.1541748046875,528.0299682617188,3289.593017578125,846.9563598632812,888.13134765625,959.2108764648438,770.1812133789062,2454.71923828125,2503.10791015625,852.3480224609375,1400.1500244140625,1774.841552734375,4113.60498046875,744.5863647460938,8207.3994140625,961.4094848632812,153.22569274902344,560.0999755859375,1126.451171875,567.5556640625,1001.9567260742188,404.22198486328125,3089.660400390625,914.5974731445312,20.149999618530273
2023-01-16,3614.685791015625,2089.800048828125,910.7373046875,591.904541015625,16236.21875,4128.41162109375,1031.222412109375,537.1104736328125,3271.43603515625,848.06396484375,894.957763671875,973.3611450195312,762.7952880859375,2481.844482421875,2477.447265625,844.3461303710938,1420.49609375,1779.3277587890625,4103.578125,745.7686767578125,8136.2314453125,959.0404052734375,151.53636169433594,553.5499877929688,1115.723388671875,570.2984619140625,1005.6958618164062,405.6954345703125,3121.966064453125,943.1343383789062,20.149999618530273
2023-01-17,3634.208251953125,2166.14990234375,915.2752685546875,589.34912109375,16150.7578125,4178.65625,1040.468017578125,540.5095825195312,3285.372802734375,853.10205078125,899.84765625,988.8020629882812,774.1507568359375,2489.26708984375,2544.6513671875,844.24853515625,1433.5322265625,1792.1383056640625,4100.93994140625,742.1233520507812,8232.5927734375,969.2525634765625,153.13438415527344,526.0999755859375,1131.563720703125,560.79345703125,1003.0250244140625,407.9547424316406,3163.494873046875,953.71044921875,20.100000381469727
2023-01-18,3591.6181640625,2096.89990234375,921.55859375,590.6981811523438,16211.5166015625,4208.9755859375,1034.920654296875,541.5293579101562,3325.711181640625,855.5721435546875,899.6541137695312,992.4510498046875,787.8159790039062,2492.0556640625,2562.44189453125,848.4933471679688,1439.0263671875,1793.5838623046875,4100.4599609375,755.8179931640625,8246.865234375,963.3046875,154.7323760986328,531.7000122070312,1129.6922607421875,559.3748779296875,1010.2125244140625,401.17681884765625,3174.357177734375,955.807373046875,20.350000381469727
2023-01-19,3458.65625,1954.300048828125,926.2462768554688,592.0571899414062,16285.3388671875,4188.5712890625,1036.3316650390625,538.9557495117188,3319.33154296875,849.2695922851562,899.79931640625,998.0638427734375,791.0879516601562,2491.69580078125,2527.671630859375,845.224365234375,1432.9737548828125,1761.8814697265625,4066.87939453125,748.3794555664062,8254.2451171875,956.3920288085938,154.0475311279297,531.9500122070312,1128.4825439453125,557.8616333007812,1010.6495971679688,393.6620788574219,3158.53271484375,960.320556640625,20.149999618530273
2023-01-20,3451.266845703125,1975.5999755859375,928.0913696289062,577.08447265625,16108.478515625,4137.36865234375,1025.237060546875,549.6873168945312,3281.201416015625,852.8766479492188,902.8494873046875,994.8309326171875,799.195556640625,2470.913330078125,2431.324462890625,849.3228149414062,1420.5428466796875,1757.494873046875,4094.991455078125,743.8966674804688,8194.193359375,933.0156860351562,154.0475311279297,550.8499755859375,1115.0615234375,560.0841674804688,1000.7426147460938,396.0196533203125,3149.16845703125,954.1207885742188,19.75
2023-01-23,3431.494873046875,1931.8499755859375,930.2357177734375,577.340576171875,16081.4482421875,4155.47412109375,1034.093505859375,548.13330078125,3322.963134765625,850.3772583007812,897.4754028320312,1006.8642578125,805.0418090820312,2496.2392578125,2476.779296875,850.6402587890625,1441.447265625,1778.2808837890625,4191.70458984375,754.2415771484375,8172.15380859375,941.1334228515625,152.3582305908203,544.0499877929688,1109.4237060546875,567.8867797851562,1019.1480102539062,401.17681884765625,3197.67333984375,971.2611694335938,18.149999618530273
2023-01-24,3437.136962890625,1916.800048828125,907.7951049804688,576.5577392578125,16198.689453125,4211.2265625,1033.7041015625,550.60986328125,3293.862548828125,833.6944580078125,899.944580078125,1021.8164672851562,815.8198852539062,2493.81005859375,2480.6904296875,849.7131958007812,1445.0789794921875,1754.85302734375,4326.603515625,740.9410400390625,8445.65625,937.4207153320312,151.62770080566406,543.5499877929688,1102.873046875,562.1175537109375,1010.7951049804688,414.6836242675781,3217.712158203125,976.0933227539062,18.200000762939453
2023-01-25,3384.16162109375,1857.800048828125,889.9922485351562,570.7330932617188,15885.96484375,4203.65869140625,1007.5245361328125,547.0650634765625,3273.8896484375,823.539794921875,885.2263793945312,1008.2560424804688,793.2771606445312,2505.595458984375,2501.533935546875,834.6364135742188,1436.79150390625,1744.43505859375,4250.998046875,736.1627197265625,8528.4736328125,934.738525390625,151.49070739746094,532.9500122070312,1087.6259765625,537.8585815429688,1010.1639404296875,411.638427734375,3211.57861328125,958.3603515625,17.899999618530273
2023-01-27,2757.548583984375,1486.25,871.4413452148438,567.2669067382812,15862.92578125,4196.23486328125,1019.2031860351562,545.85107421875,3324.6806640625,845.7017211914062,878.351318359375,1001.8355102539062,777.4708251953125,2461.646484375,2491.8037109375,797.4569091796875,1414.583251953125,1707.847412109375,4220.6796875,731.1380004882812,8483.2314453125,933.8078002929688,151.85598754882812,513.4000244140625,1066.9923095703125,510.6677551269531,1013.4176025390625,437.7188720703125,3194.068359375,939.1685180664062,17.5
2023-01-30,2888.762939453125,1189.0,869.54638671875,592.9778442382812,15762.7841796875,4221.47705078125,1006.6973266601562,541.9664306640625,3304.020751953125,848.60302734375,875.156005859375,1019.0327758789062,776.6768798828125,2431.192626953125,2449.83056640625,803.604736328125,1432.880615234375,1720.957275390625,4268.5078125,723.8473510742188,8560.4169921875,931.3561401367188,154.1845245361328,534.0999755859375,1077.218017578125,509.0126647949219,1021.4789428710938,435.8033752441406,3215.230712890625,944.6387939453125,17.100000381469727
2023-01-31,2969.6982421875,1223.9000244140625,869.2970581054688,579.6448364257812,16178.8330078125,4136.0751953125,990.6878662109375,541.6749267578125,3253.86767578125,847.6915283203125,884.3064575195312,1007.7622680664062,771.552490234375,2486.02783203125,2458.03466796875,811.8018188476562,1428.1781005859375,1725.6927490234375,4210.34326171875,726.408935546875,8636.4384765625,924.156982421875,156.2847442626953,530.9000244140625,1074.5245361328125,523.48291015625,1004.7732543945312,444.1038818359375,3145.048095703125,925.4013671875,17.25
2023-02-01,2132.3330078125,1155.3499755859375,854.9849853515625,572.8305053710938,16263.8203125,4187.18212890625,1004.4102783203125,545.75390625,3294.64794921875,853.0531005859375,900.2350463867188,1016.6527099609375,783.1246337890625,2453.6396484375,2455.64990234375,827.4640502929688,1444.333984375,1739.3505859375,4229.18603515625,726.5075073242188,8513.6669921875,927.66064453125,155.23460388183594,523.8499755859375,1068.156494140625,498.7510681152344,985.7366333007812,438.7502746582031,3191.53955078125,933.37890625,16.899999618530273
2023-02-02,1563.0384521484375,1039.8499755859375,866.1554565429688,563.0276489257812,16311.9404296875,4380.78515625,997.841064453125,538.4701538085938,3206.462646484375,856.6994018554688,909.9181518554688,1032.3681640625,771.4802856445312,2393.9912109375,2513.458251953125,837.1736450195312,1474.7366943359375,1756.3485107421875,4421.60595703125,731.0394897460938,8612.0205078125,921.088134765625,152.40386962890625,545.6500244140625,1062.2447509765625,499.46038818359375,978.6463012695312,436.9329833984375,3240.27880859375,926.90576171875,16.850000381469727
2023-02-03,1584.55810546875,935.9000244140625,880.2680053710938,592.234375,16546.376953125,4434.23974609375,994.9213256835938,518.318115234375,2830.9033203125,854.3959350585938,905.3671875,1029.27001953125,798.1610107421875,2387.96337890625,2526.717529296875,842.9310913085938,1489.309326171875,1774.841552734375,4339.1533203125,728.4779663085938,8682.0703125,923.50341796875,155.12118530273438,524.9500122070312,1063.1806640625,514.6873168945312,998.6058959960938,437.5715026855469,3260.785400390625,922.0279541015625,16.450000762939453
2023-02-06,1570.47802734375,889.0999755859375,880.3179321289062,601.0919799804688,16578.77734375,4431.173828125,1002.2205200195312,529.001220703125,2726.523681640625,852.6707763671875,907.59423828125,1028.8658447265625,794.7688598632812,2424.625,2516.08154296875,833.0751342773438,1461.79345703125,1741.6436767578125,4429.60546875,734.1429443359375,8648.7685546875,924.3392333984375,155.58969116210938,558.2999877929688,1055.1690673828125,515.8222045898438,993.9437866210938,434.1825256347656,3239.857666015625,916.6031494140625,16.649999618530273
2023-02-07,1800.402587890625,844.6500244140625,876.7772827148438,606.640869140625,16545.85546875,4413.1640625,1003.6802978515625,520.2120361328125,2699.876708984375,870.4513549804688,910.7896118164062,1013.1954345703125,795.9476928710938,2386.478759765625,2481.358154296875,832.1481323242188,1454.856201171875,1769.95654296875,4427.8701171875,740.2513427734375,8507.455078125,922.225341796875,154.84010314941406,588.5999755859375,1052.635498046875,517.429931640625,977.4808959960938,427.7484130859375,3251.65576171875,913.959228515625,16.850000381469727
2023-02-08,2161.1923828125,802.4500122070312,869.4466552734375,625.458740234375,16576.78125,4401.62060546875,1011.2714233398438,518.5609741210938,2747.183837890625,879.7728271484375,910.886474609375,1028.2371826171875,795.8513793945312,2352.3359375,2463.80615234375,838.3446044921875,1481.0218505859375,1760.0869140625,4543.95849609375,763.8475952148438,8577.6025390625,923.0465087890625,155.0743408203125,675.9500122070312,1073.6572265625,519.9362182617188,991.2785034179688,432.3161315917969,3296.181396484375,921.8001098632812,17.100000381469727
2023-02-09,1922.9791259765625,762.3499755859375,865.4074096679688,635.635986328125,16650.2734375,4442.38232421875,994.1427612304688,517.8810424804688,2770.837158203125,879.7140502929688,911.0316772460938,1029.44970703125,794.1914672851562,2302.448974609375,2467.5263671875,840.0036010742188,1505.6978759765625,1765.4703369140625,4525.59814453125,762.9115600585938,8545.0771484375,923.3090209960938,155.54283142089844,705.9500122070312,1075.52880859375,520.9293212890625,985.2114868164062,429.0253601074219,3315.611572265625,926.3131103515625,16.850000381469727
2023-02-10,1844.340576171875,724.25,864.9585571289062,633.715576171875,16625.7578125,4428.34814453125,1005.5293579101562,517.0557250976562,2759.15771484375,882.0861206054688,910.5960693359375,1001.88037109375,797.3430786132812,2324.13134765625,2458.75,833.221435546875,1497.82958984375,1766.6168212890625,4521.6953125,726.2611694335938,8554.9306640625,924.453369140625,154.60585021972656,650.5499877929688,1066.6729736328125,523.0573120117188,985.0156860351562,437.9644470214844,3312.52099609375,927.5438842773438,17.049999237060547
2023-02-13,1715.2232666015625,688.0499877929688,856.830078125,624.8531494140625,16539.396484375,4395.10693359375,994.5807495117188,519.0465087890625,2721.812744140625,887.006591796875,894.5704956054688,999.5006713867188,797.9445190429688,2304.5634765625,2462.0888671875,830.0988159179688,1459.55859375,1768.361572265625,4453.65185546875,665.1770629882812,8553.0869140625,924.5968017578125,157.2762908935547,654.0,1060.6014404296875,508.3505859375,993.480224609375,433.2492980957031,3260.879150390625,914.0048217773438,16.700000762939453
2023-02-14,1747.227783203125,653.6500244140625,868.4493408203125,636.000244140625,16543.48046875,4406.45849609375,1000.809326171875,514.7247924804688,2739.9208984375,889.6922607421875,901.0581665039062,1010.6808471679688,805.3304443359375,2287.424560546875,2460.75341796875,844.3948364257812,1483.58251953125,1764.921875,4468.73486328125,653.2064208984375,8519.1064453125,927.3229370117188,155.58969116210938,642.7000122070312,1085.5946044921875,511.5189514160156,985.1624755859375,432.7581481933594,3277.453369140625,922.7117919921875,16.399999618530273
2023-02-15,1776.5863037109375,621.0,866.005859375,639.0775146484375,16964.23046875,4395.53759765625,1003.1937255859375,519.4349975585938,2770.248291015625,886.0557861328125,905.8511962890625,1017.371337890625,803.6945190429688,2313.965087890625,2431.038330078125,849.761962890625,1487.1212158203125,1780.0255126953125,4571.08837890625,659.21630859375,8587.94140625,935.9751586914062,155.35543823242188,640.0499877929688,1110.1768798828125,512.843017578125,974.055908203125,436.29449462890625,3296.6962890625,976.8226928710938,16.399999618530273
2023-02-16,1794.0615234375,616.2999877929688,862.4652099609375,633.8928833007812,17230.255859375,4379.779296875,1007.767822265625,520.163330078125,2823.296875,885.947998046875,902.8494873046875,1013.105712890625,800.783447265625,2300.199951171875,2410.672119140625,848.4446411132812,1491.5440673828125,1782.468017578125,4768.8095703125,671.6795043945312,8548.86328125,953.8529663085938,156.85459899902344,628.9000244140625,1109.3096923828125,510.80963134765625,973.811279296875,433.78961181640625,3331.717041015625,1030.477783203125,16.25
2023-02-17,1720.2659912109375,628.6500244140625,852.6412353515625,631.8644409179688,17115.58203125,4342.658203125,998.2789306640625,519.0951538085938,2777.364013671875,884.1934814453125,912.2421264648438,996.4024658203125,796.7656860351562,2340.6796875,2399.606689453125,841.8088989257812,1474.783203125,1753.8560791015625,4682.35791015625,660.3001708984375,8551.4365234375,924.3294067382812,157.46368408203125,626.8499755859375,1113.9429931640625,502.2030944824219,963.3896484375,432.1196594238281,3278.436279296875,1029.5203857421875,16.100000381469727
2023-02-20,1619.1591796875,597.25,844.5127563476562,627.009765625,17275.955078125,4266.548828125,938.1827392578125,519.5807495117188,2846.85205078125,877.2244262695312,898.2985229492188,1001.9249877929688,789.283447265625,2333.2021484375,2395.7431640625,831.5137329101562,1482.837646484375,1731.973388671875,4709.87451171875,657.245849609375,8440.658203125,914.6956787109375,157.32313537597656,630.5,1102.1654052734375,496.67041015625,963.2918090820312,435.1648254394531,3265.4677734375,1043.1962890625,16.600000381469727
2023-02-21,1568.8802490234375,567.4000244140625,841.8199462890625,628.1766967773438,17554.2890625,4314.015625,940.0805053710938,519.7263793945312,2864.5185546875,879.4494018554688,907.4973754882812,992.4959716796875,792.2427368164062,2326.8330078125,2400.226318359375,833.5631103515625,1470.779052734375,1724.89501953125,4702.2119140625,660.54638671875,8417.548828125,915.9420776367188,162.3361358642578,623.0499877929688,1111.158447265625,495.06256103515625,950.7662353515625,428.7798156738281,3231.476318359375,1034.3070068359375,16.700000762939453
2023-02-22,1402.8651123046875,539.0499877929688,831.1481323242188,610.392578125,17588.53125,4295.95849609375,936.7715454101562,517.83251953125,2866.432373046875,877.5968627929688,900.4287719726562,981.1809692382812,776.700927734375,2307.35400390625,2379.144775390625,818.9741821289062,1454.2974853515625,1695.3360595703125,4631.27685546875,654.191650390625,8406.9658203125,907.4599609375,159.75938415527344,608.3499755859375,1085.9598388671875,488.3475646972656,947.7815551757812,421.8544921875,3185.172119140625,1026.3292236328125,16.299999237060547
2023-02-23,1380.696533203125,512.0999755859375,842.1190795898438,610.7569580078125,17589.251953125,4264.34521484375,934.581787109375,524.19384765625,2819.959716796875,872.2842407226562,904.7376708984375,982.7523803710938,771.4321899414062,2303.708251953125,2375.901611328125,819.4620971679688,1443.96142578125,1701.9158935546875,4677.828125,648.6251220703125,8443.1806640625,906.189208984375,158.9160614013672,606.5499877929688,1080.7557373046875,492.7454528808594,951.6469116210938,425.5382080078125,3196.643310546875,1029.15576171875,16.399999618530273
2023-02-24,1313.7911376953125,486.5,849.1505126953125,614.0951538085938,17106.69921875,4255.771484375,936.0416259765625,519.4835815429688,2861.181396484375,880.4197387695312,898.395263671875,983.2013549804688,764.551513671875,2294.61474609375,2369.74853515625,819.4133911132812,1443.9149169921875,1692.0960693359375,4677.779296875,649.6103515625,8408.4716796875,907.7879638671875,160.22787475585938,623.5,1088.1510009765625,492.792724609375,949.6898193359375,420.1845703125,3184.142333984375,1020.2207641601562,16.149999618530273
2023-02-27,1191.8138427734375,462.20001220703125,852.0927124023438,609.9839477539062,17172.060546875,4203.7548828125,924.7522583007812,511.0343017578125,2805.5322265625,866.6776123046875,885.0325927734375,973.412841796875,766.4521484375,2250.211669921875,2354.43798828125,835.7098388671875,1405.4111328125,1720.6580810546875,4602.07470703125,644.9304809570312,8380.9951171875,904.962158203125,161.53965759277344,635.0999755859375,1080.91552734375,499.0821228027344,944.3566284179688,410.5578918457031,3119.90625,1015.6165161132812,16.399999618530273
2023-02-28,1361.9229736328125,485.29998779296875,841.8697509765625,601.869873046875,17285.302734375,4274.1650390625,882.1253662109375,517.2499389648438,2773.241943359375,846.21142578125,894.037841796875,967.7105712890625,769.6759643554688,2233.1796875,2347.283447265625,834.1973266601562,1385.1583251953125,1723.947998046875,4551.0419921875,649.5118408203125,8373.373046875,907.2581176757812,159.75938415527344,597.25,1060.2362060546875,494.44781494140625,936.087890625,413.2592468261719,3102.114501953125,1003.1260375976562,17.450000762939453
2023-03-01,1562.08984375,509.54998779296875,862.8641357421875,606.0795288085938,17579.212890625,4195.65966796875,875.5073852539062,512.0541381835938,2792.57666015625,851.6220092773438,883.1444702148438,988.8140869140625,768.93017578125,2244.257568359375,2352.62548828125,835.6123046875,1393.0732421875,1739.5499267578125,4572.00439453125,651.630126953125,8509.1064453125,912.5476684570312,161.39910888671875,608.25,1069.9822998046875,507.593994140625,938.72998046875,418.46551513671875,3170.3310546875,1027.423583984375,18.299999237060547
2023-03-02,1604.9791259765625,535.0,843.2161865234375,599.0042724609375,17462.03515625,4209.455078125,862.7096557617188,514.8218994140625,2808.1328125,860.7181396484375,883.5318603515625,993.1693115234375,762.38623046875,2274.029052734375,2342.227783203125,833.3678588867188,1370.818359375,1716.4210205078125,4535.13916015625,650.0044555664062,8299.97265625,898.1103515625,160.04043579101562,604.4000244140625,1061.833984375,504.803955078125,944.601318359375,413.0137023925781,3110.167724609375,1011.8330078125,17.5
2023-03-03,1876.844482421875,561.75,850.3971557617188,600.683349609375,17273.296875,4226.45849609375,855.1185302734375,519.3865356445312,2797.58203125,870.00048828125,896.4102172851562,1004.8887329101562,777.5189208984375,2272.3671875,2357.15673828125,847.5663452148438,1377.4761962890625,1745.63134765625,4539.765625,653.05859375,8350.9453125,896.5625610351562,161.72706604003906,627.9000244140625,1088.927001953125,530.765380859375,946.1670532226562,420.4301452636719,3129.551025390625,989.3589477539062,16.850000381469727
2023-03-06,1980.0985107421875,589.7999877929688,857.2291259765625,604.1100463867188,17380.966796875,4138.23046875,857.3082275390625,521.5230712890625,2794.049072265625,870.2455444335938,886.7271728515625,1011.8035278320312,783.0042724609375,2289.122314453125,2370.36865234375,846.78564453125,1403.6884765625,1745.63134765625,4646.6015625,652.6646118164062,8380.267578125,899.7188110351562,165.6624755859375,625.6500244140625,1099.5633544921875,531.2382202148438,944.5524291992188,432.3161315917969,3157.361572265625,993.8263549804688,16.899999618530273
2023-03-08,2036.7684326171875,619.25,858.6751708984375,590.52099609375,17984.255859375,4157.1982421875,853.7559814453125,516.5214233398438,2781.976806640625,867.7068481445312,891.3750610351562,1006.37060546875,784.5681762695312,2287.599365234375,2370.607177734375,851.0305786132812,1389.9537353515625,1734.864501953125,4608.29150390625,654.43798828125,8440.8994140625,899.8839721679688,167.58335876464844,620.0999755859375,1103.5120849609375,534.1701049804688,936.9685668945312,431.5302734375,3174.73193359375,983.1137084960938,16.700000762939453
2023-03-09,1950.390380859375,650.2000122070312,865.5071411132812,581.112060546875,17741.15234375,4111.26416015625,858.1354370117188,511.47137451171875,2758.126953125,858.8263549804688,875.8821411132812,1002.778564453125,784.6402587890625,2255.981689453125,2347.999267578125,835.270751953125,1378.50048828125,1711.4365234375,4566.41455078125,648.32958984375,8293.37109375,900.73193359375,168.1455535888672,606.0499877929688,1076.9896240234375,528.5900268554688,932.271484375,424.55584716796875,3124.587890625,966.4290161132812,16.549999237060547
2023-03-10,1893.5208740234375,682.7000122070312,849.649169921875,578.4384765625,17662.82421875,4129.75244140625,857.6002197265625,514.6762084960938,2735.847900390625,861.6884765625,887.3081665039062,1002.4640502929688,764.4072265625,2252.750732421875,2351.862548828125,822.2921752929688,1370.259521484375,1694.0899658203125,4472.060546875,646.4083251953125,8351.236328125,898.3046875,169.36366271972656,593.0499877929688,1060.3048095703125,517.6663818359375,935.0604248046875,428.14129638671875,3119.110107421875,967.568603515625,16.5
2023-03-13,1871.751708984375,716.7999877929688,830.1507568359375,574.4405517578125,17256.34375,4126.49560546875,851.3716430664062,508.4607238769531,2715.727783203125,856.7581787109375,886.33984375,986.5690307617188,754.7357177734375,2203.5927734375,2341.98974609375,808.3864135742188,1336.318359375,1668.7677001953125,4448.83251953125,644.6349487304688,8270.5068359375,890.126220703125,168.3798065185547,580.75,1042.866455078125,501.2573547363281,933.6414794921875,414.9291687011719,3073.18017578125,1033.71435546875,15.649999618530273
2023-03-14,1735.744140625,706.0999755859375,830.6494750976562,564.396484375,17291.546875,4112.46142578125,848.6952514648438,511.32568359375,2705.9619140625,852.6707763671875,885.8072509765625,973.5028076171875,752.7147216796875,2191.038330078125,2329.922119140625,810.2892456054688,1322.2579345703125,1643.1962890625,4401.55908203125,646.5068969726562,8264.439453125,887.5604248046875,166.6931915283203,579.5,1038.9635009765625,496.90679931640625,936.6751098632812,409.2808837890625,3010.4423828125,1016.8474731445312,15.550000190734863
2023-03-15,1836.4017333984375,740.4000244140625,821.8727416992188,563.135986328125,17330.783203125,4064.70751953125,854.4373168945312,506.8096618652344,2724.36474609375,861.4827270507812,878.641845703125,969.551513671875,741.91259765625,2196.5771484375,2295.246826171875,805.94677734375,1321.93212890625,1660.842041015625,4425.9912109375,648.5758666992188,8228.3212890625,874.3767700195312,166.9742889404297,572.8499755859375,1021.205810546875,489.4825134277344,930.9993286132812,404.07464599609375,2995.4130859375,1016.02685546875,15.350000381469727
2023-03-16,1841.1949462890625,777.4000244140625,828.3555297851562,562.776611328125,17402.578125,4129.9443359375,859.7899169921875,519.0951538085938,2749.6865234375,859.375244140625,902.8009643554688,963.0409545898438,746.7241821289062,2188.730224609375,2346.04345703125,803.9951171875,1307.4522705078125,1658.449462890625,4388.162109375,656.3591918945312,8191.91259765625,896.5989379882812,168.28610229492188,571.6500244140625,1016.1157836914062,496.0556335449219,946.6563110351562,408.3476867675781,2982.397216796875,1019.0811157226562,14.899999618530273
2023-03-17,1873.898681640625,816.25,835.1875,564.4751586914062,17398.017578125,4179.13525390625,850.6416625976562,520.6976318359375,2739.773681640625,869.6475830078125,917.4224853515625,995.41455078125,756.7084350585938,2174.144287109375,2334.64404296875,816.0466918945312,1322.9097900390625,1687.9088134765625,4504.6845703125,647.2951049804688,8074.82177734375,916.4013061523438,165.80303955078125,578.3499755859375,1014.837646484375,501.0681457519531,937.164306640625,411.58929443359375,2977.06005859375,1027.6513671875,15.050000190734863
2023-03-20,1802.3997802734375,848.6500244140625,835.3370361328125,546.59765625,17422.701171875,4149.72607421875,843.4885864257812,521.6201782226562,2748.312255859375,870.2945556640625,929.5747680664062,979.6094360351562,751.4636840820312,2159.558837890625,2395.504150390625,816.2418823242188,1307.033447265625,1694.4388427734375,4508.82763671875,636.8516845703125,7980.4013671875,920.2743530273438,164.9128875732422,559.2000122070312,1004.8632202148438,491.0430603027344,940.5892333984375,403.4852294921875,2943.35009765625,1011.1035766601562,15.350000381469727
2023-03-21,1821.672607421875,891.0499877929688,853.33935546875,562.2842407226562,17644.046875,4085.399658203125,839.2550048828125,516.9584350585938,2716.610595703125,866.3541259765625,913.6945190429688,973.3681640625,759.9804077148438,2168.513427734375,2349.143798828125,831.8065185546875,1294.9747314453125,1701.6165771484375,4504.82861328125,639.807373046875,7988.9462890625,919.7664184570312,165.94358825683594,583.9000244140625,1036.1102294921875,493.54931640625,935.6964111328125,405.25335693359375,2908.5166015625,998.93212890625,15.25
2023-03-22,1812.835205078125,935.5999755859375,847.4050903320312,574.5045166015625,17696.345703125,4066.0009765625,840.2769165039062,524.5823364257812,2738.939453125,877.2537841796875,921.2957763671875,971.16796875,758.2242431640625,2172.344482421875,2362.2607421875,839.4180908203125,1293.62451171875,1699.9219970703125,4481.35986328125,649.11767578125,8012.24755859375,914.5328369140625,163.36683654785156,624.0499877929688,1039.2601318359375,493.2655944824219,951.2066040039062,408.7406311035156,2931.64501953125,1002.5333862304688,15.300000190734863
2023-03-23,1791.46533203125,982.3499755859375,846.5573120117188,574.3912963867188,17699.8046875,4064.324462890625,845.82421875,523.8538818359375,2751.158935546875,871.7647705078125,922.0703735351562,957.2036743164062,752.1373901367188,2180.929931640625,2370.607177734375,834.7828369140625,1279.9364013671875,1674.550048828125,4435.24267578125,638.9699096679688,8110.11474609375,925.4544677734375,163.60108947753906,623.0499877929688,1026.1131591796875,484.94281005859375,956.6865234375,411.7366638183594,2925.886474609375,1002.3964233398438,15.199999809265137
2023-03-24,1738.190673828125,1029.3499755859375,837.680908203125,556.2921752929688,17723.671875,4023.37158203125,853.7559814453125,520.9403686523438,2754.986328125,875.1365966796875,921.0537109375,944.4967041015625,750.9344482421875,2135.55712890625,2366.505615234375,831.8065185546875,1285.616455078125,1686.9617919921875,4434.8095703125,630.546142578125,8003.0244140625,921.0153198242188,161.8207550048828,619.4500122070312,1005.7989501953125,477.94415283203125,951.9893188476562,409.133544921875,2922.00048828125,1004.6758422851562,15.050000190734863
2023-03-27,1720.6156005859375,984.9000244140625,831.1481323242188,550.7581176757812,17617.25,4037.59716796875,865.4832763671875,525.8447875976562,2776.775146484375,879.3513793945312,931.1240234375,944.2720947265625,754.206298828125,2131.17236328125,2383.86669921875,828.1958618164062,1293.3450927734375,1699.9716796875,4392.64404296875,649.0191650390625,8037.44189453125,917.9976196289062,160.4621124267578,621.4000244140625,1021.4338989257812,482.48382568359375,962.3621826171875,404.7622375488281,2923.685791015625,1005.6331787109375,15.050000190734863
2023-03-28,1598.5882568359375,935.6500244140625,830.2505493164062,544.9876098632812,17800.080078125,4023.41943359375,865.6779174804688,518.415283203125,2754.446533203125,887.4182739257812,928.21923828125,934.9326782226562,760.3412475585938,2076.6142578125,2368.413330078125,834.0997314453125,1282.7763671875,1693.691162109375,4389.9453125,634.8812255859375,7969.916015625,920.6702880859375,161.16485595703125,617.3499755859375,1026.2044677734375,480.5450439453125,963.0960693359375,394.4970703125,2917.692626953125,975.8198852539062,14.75
2023-03-29,1737.9410400390625,894.3499755859375,840.3737182617188,553.9239501953125,18227.453125,4096.416015625,863.9262084960938,520.2120361328125,2767.99072265625,895.455810546875,935.6751098632812,958.6404418945312,763.9981689453125,2127.06396484375,2414.24951171875,830.4403686523438,1288.31689453125,1715.773193359375,4453.2177734375,642.7631225585938,8053.89892578125,925.8674926757812,163.0388641357422,629.3499755859375,1020.133056640625,488.4894714355469,970.6309204101562,401.9626770019531,2939.2294921875,985.6663818359375,14.949999809265137
2023-03-31,1747.976806640625,881.1500244140625,856.231689453125,553.0918579101562,18604.685546875,4140.43408203125,876.3833618164062,529.1953735351562,2771.033447265625,906.22802734375,937.4664916992188,974.5804443359375,774.4635009765625,2166.94384765625,2442.390380859375,856.0560913085938,1329.6605224609375,1727.536865234375,4587.27978515625,638.8221435546875,8050.84130859375,957.5291748046875,164.06959533691406,636.7999877929688,1064.116455078125,495.3463439941406,962.0196533203125,413.3574523925781,3001.9677734375,1004.5847778320312,15.050000190734863
2023-04-03,1715.0234375,837.4500122070312,862.3154907226562,562.7716064453125,18666.494140625,4142.25390625,867.5757446289062,531.8175048828125,2821.431884765625,912.84423828125,933.9321899414062,986.1649780273438,774.9447021484375,2244.257568359375,2419.257080078125,862.4478759765625,1313.73779296875,1740.3475341796875,4568.19677734375,642.171875,8255.603515625,957.5753784179688,166.59951782226562,639.0,1064.299072265625,498.18359375,958.0565185546875,416.7464599609375,2996.443115234375,1005.8155517578125,15.350000381469727
2023-04-05,1695.60107421875,815.5999755859375,858.2264404296875,567.3259887695312,18386.3671875,4145.60693359375,871.7605590820312,532.2545776367188,2836.25244140625,918.0,938.8220825195312,997.884033203125,795.7311401367188,2245.27294921875,2463.75830078125,863.2285766601562,1325.5635986328125,1746.528564453125,4658.40771484375,649.11767578125,8201.2333984375,963.2415161132812,164.8191680908203,641.0999755859375,1061.74267578125,494.6369323730469,975.7684326171875,419.00579833984375,3033.711669921875,1006.0891723632812,15.25
2023-04-06,1751.57177734375,856.3499755859375,849.6990356445312,584.1548461914062,18052.498046875,4119.02294921875,869.4247436523438,510.7429504394531,2867.31591796875,921.254150390625,936.9822998046875,980.5072021484375,801.7938232421875,2239.964599609375,2447.064453125,853.8605346679688,1324.0272216796875,1751.7125244140625,4600.38818359375,654.2901611328125,8268.8076171875,957.7113647460938,164.16326904296875,645.7999877929688,1068.864013671875,499.0348205566406,990.3977661132812,429.90948486328125,3015.826416015625,996.2880249023438,15.399999618530273
2023-04-10,1794.7108154296875,899.1500244140625,845.111083984375,573.9727783203125,17810.26171875,4087.02783203125,877.6971435546875,508.12078857421875,2855.734375,933.0653686523438,934.9487915039062,990.6099243164062,797.99267578125,2271.5361328125,2415.489501953125,847.46875,1329.3348388671875,1753.9058837890625,4623.66259765625,653.8960571289062,8286.7705078125,949.0591430664062,166.41207885742188,656.5,1061.2861328125,497.75799560546875,986.9727783203125,453.14117431640625,3055.809814453125,1009.508056640625,15.199999809265137
2023-04-11,1800.6025390625,944.0999755859375,851.04541015625,574.8541259765625,17869.763671875,4097.517578125,882.8552856445312,506.8096618652344,2873.1064453125,933.7907104492188,933.3511962890625,976.1519775390625,800.3262939453125,2280.029296875,2430.37109375,860.5938720703125,1309.3612060546875,1840.8385009765625,4599.56787109375,650.4970092773438,8407.5498046875,956.076171875,166.88059997558594,657.7000122070312,1066.535888671875,503.24346923828125,987.60888671875,450.5871887207031,3009.365234375,1001.302490234375,15.199999809265137
2023-04-12,1844.6400146484375,941.8499755859375,848.8013916015625,576.7448120117188,18024.162109375,4091.7216796875,893.3660278320312,502.73077392578125,3152.579833984375,956.8544311523438,938.1443481445312,982.8870849609375,810.7195434570312,2286.906494140625,2412.436767578125,868.64453125,1329.9866943359375,1838.39599609375,4652.8662109375,669.511962890625,8370.1689453125,944.6905517578125,164.72547912597656,648.0,1071.23779296875,499.5549621582031,994.899169921875,457.26690673828125,3035.44384765625,1011.924072265625,15.399999618530273
2023-04-13,1868.1068115234375,941.1500244140625,862.0662231445312,581.4222412109375,18160.123046875,4154.958984375,891.2249145507812,511.9568786621094,3124.951416015625,951.3458251953125,932.6734619140625,962.5466918945312,814.3523559570312,2258.9814453125,2419.352783203125,877.2807006835938,1293.577880859375,1863.7679443359375,4478.13134765625,661.482421875,8418.470703125,945.9078979492188,162.1487274169922,650.9000244140625,1075.27783203125,504.04736328125,981.9822387695312,461.1961669921875,2986.00244140625,990.9088134765625,15.350000381469727
2023-04-17,1876.0955810546875,962.5499877929688,862.2656860351562,587.0350952148438,18139.1328125,4227.453125,882.1740112304688,508.9947814941406,3104.046142578125,951.2282104492188,943.8572998046875,935.9204711914062,801.9382934570312,2276.428955078125,2434.28173828125,879.5250854492188,1171.688232421875,1889.33935546875,4175.69580078125,648.4281005859375,8422.2099609375,983.7652587890625,158.9160614013672,645.25,1080.73291015625,514.4981079101562,977.28515625,463.79925537109375,2939.79150390625,939.0316162109375,15.350000381469727
2023-04-18,1848.3348388671875,952.25,861.06884765625,582.5250244140625,18070.986328125,4191.64453125,899.4972534179688,505.8870849609375,3209.99609375,963.0099487304688,938.725341796875,955.3626708984375,798.5460205078125,2252.196533203125,2423.979248046875,875.1826171875,1172.6658935546875,1882.510498046875,4162.20263671875,688.2312622070312,8478.521484375,1004.0219116210938,159.38458251953125,645.0,1068.36181640625,516.2477416992188,983.2542724609375,464.6342468261719,2931.598388671875,934.7009887695312,16.649999618530273
2023-04-19,1851.230712890625,935.7999877929688,871.09228515625,585.6860961914062,17947.99609375,4183.849609375,887.47802734375,505.0615539550781,3280.661865234375,962.4120483398438,937.1760864257812,932.77734375,801.4810791015625,2257.96630859375,2414.96484375,870.3522338867188,1147.3846435546875,1879.120849609375,4042.644775390625,676.7041625976562,8427.35546875,1001.9542846679688,156.5735626220703,644.25,1073.6800537109375,510.998779296875,974.1537475585938,461.097900390625,2893.066162109375,924.3985595703125,16.549999237060547
2023-04-20,1840.2962646484375,933.0499877929688,866.45458984375,582.2345581054688,18000.19921875,4147.35888671875,879.7896118164062,510.1602783203125,3143.746826171875,952.3848266601562,944.2446899414062,931.69970703125,804.46435546875,2260.366455078125,2377.761962890625,872.7918701171875,1139.1904296875,1878.2235107421875,4002.455322265625,674.142578125,8461.044921875,994.8788452148438,159.00975036621094,656.8499755859375,1070.9638671875,515.2547607421875,966.5699462890625,468.3670349121094,2907.298828125,931.6011352539062,16.5
2023-04-21,1800.45263671875,916.2000122070312,861.9166259765625,584.716064453125,18025.5546875,4216.92919921875,890.5436401367188,510.01458740234375,3171.767578125,954.4530029296875,955.8644409179688,941.9821166992188,805.7634887695312,2270.33642578125,2382.864990234375,864.2532348632812,1142.8685302734375,1887.843994140625,4019.803466796875,684.881591796875,8309.3916015625,1001.0202026367188,159.00975036621094,655.0499877929688,1072.310546875,513.6942749023438,968.2334594726562,462.8660888671875,2959.78369140625,910.5858154296875,16.200000762939453
2023-04-24,1799.4041748046875,887.0999755859375,879.9688110351562,584.3074340820312,17992.130859375,4200.56005859375,878.8163452148438,509.72320556640625,3133.686767578125,942.1712646484375,958.2366333007812,946.5620727539062,812.2833251953125,2308.831298828125,2384.582275390625,882.8917846679688,1141.890869140625,1891.4329833984375,4031.947509765625,691.6796264648438,8219.77734375,1010.4191284179688,160.18099975585938,663.75,1076.4190673828125,524.5232543945312,958.1543579101562,466.79534912109375,2972.84619140625,917.2870483398438,15.699999809265137
2023-04-25,1841.993896484375,931.1500244140625,876.0292358398438,598.2412719726562,18034.5859375,4289.7646484375,885.2882690429688,511.2286071777344,3166.663818359375,947.5034790039062,932.6734619140625,946.0231323242188,800.7352294921875,2305.784912109375,2375.710693359375,891.3815307617188,1140.587158203125,1883.50732421875,4034.790771484375,695.0786743164062,8222.447265625,1009.2420043945312,160.32156372070312,647.9500122070312,1084.65869140625,531.332763671875,951.6469116210938,465.1745300292969,2973.97021484375,908.9902954101562,15.550000190734863
2023-04-26,1845.289306640625,924.5999755859375,885.3046875,596.3406982421875,18212.03515625,4292.15185546875,886.6994018554688,518.2695922851562,3160.333740234375,949.8167724609375,945.2130126953125,956.889404296875,804.416259765625,2312.6162109375,2395.123046875,892.8453369140625,1143.0546875,1872.840087890625,4009.49072265625,697.2462158203125,8259.3408203125,1026.875,159.15032958984375,648.0,1078.2906494140625,535.6360473632812,950.4237670898438,469.7422790527344,2994.7109375,908.35205078125,15.5
2023-04-27,1850.4320068359375,917.0499877929688,879.0712890625,610.530517578125,18362.546875,4302.72412109375,889.47314453125,515.1132202148438,3178.441650390625,964.2156372070312,923.3775634765625,962.0079956054688,808.8429565429688,2315.84716796875,2355.200927734375,896.1632080078125,1160.4674072265625,1902.748046875,4163.6962890625,683.502197265625,8294.3427734375,1032.786865234375,160.18099975585938,643.6500244140625,1085.115234375,534.1228637695312,957.7139892578125,473.0821533203125,2985.159423828125,914.5974731445312,15.600000381469727
2023-04-28,1922.230224609375,951.0,857.7277221679688,618.4132080078125,18606.560546875,4436.896484375,883.7310791015625,517.541259765625,3207.345947265625,966.4307861328125,878.7387084960938,971.91796875,812.0186767578125,2361.958251953125,2344.088134765625,895.4801025390625,1166.5201416015625,1932.1077880859375,4259.40087890625,699.0195922851562,8339.5859375,1062.7779541015625,161.16485595703125,653.5999755859375,1104.949951171875,546.93798828125,966.4721069335938,476.3729248046875,3014.468505859375,933.3334350585938,15.699999809265137
2023-05-02,1917.137451171875,974.6500244140625,868.349609375,615.3654174804688,19016.162109375,4395.4853515625,893.1226806640625,520.9888916015625,3193.4091796875,970.4594116210938,894.0863037109375,975.0693359375,811.8502807617188,2304.0771484375,2338.745849609375,899.8225708007812,1189.5198974609375,1915.259765625,4383.5361328125,698.3298950195312,8521.4345703125,1062.0185546875,164.53807067871094,660.75,1114.3310546875,544.1006469726562,952.1851196289062,471.7559814453125,3014.60888671875,960.4571533203125,15.949999809265137
2023-05-03,1836.4017333984375,942.0499877929688,857.578125,608.580810546875,18554.451171875,4411.1240234375,895.9937744140625,522.4456787109375,3208.18017578125,970.822021484375,909.4339599609375,967.2141723632812,814.6891479492188,2310.308349609375,2371.465576171875,900.5545043945312,1181.791259765625,1925.029541015625,4335.10595703125,699.1673583984375,8541.2900390625,1068.3602294921875,165.24082946777344,662.1500244140625,1104.7674560546875,539.5609741210938,942.9378051757812,475.14501953125,2977.62158203125,947.829833984375,16.149999618530273
2023-05-04,1908.5498046875,945.5499877929688,863.6620483398438,629.2598876953125,18435.013671875,4469.5380859375,908.4995727539062,515.1132202148438,3221.724609375,973.9096069335938,901.9296264648438,974.38427734375,831.3617553710938,2321.24755859375,2391.259521484375,899.4323120117188,1185.888427734375,1941.6285400390625,4338.04541015625,699.4136962890625,8544.494140625,1059.47412109375,165.24082946777344,670.8499755859375,1117.503662109375,548.5457763671875,953.11474609375,472.2962646484375,3015.826416015625,953.1633911132812,16.049999237060547
2023-05-05,1917.5870361328125,940.5499877929688,863.0137939453125,629.220458984375,18561.416015625,4507.490234375,900.0325317382812,490.4453125,3229.82177734375,968.91064453125,906.96484375,964.1087036132812,782.2103881835938,2351.480712890625,2385.5361328125,904.555419921875,1172.43310546875,1922.786376953125,4325.3232421875,693.9456176757812,8688.236328125,1075.4002685546875,163.2731170654297,689.5999755859375,1114.650634765625,545.235595703125,949.6409301757812,468.6617126464844,3025.1904296875,944.9122924804688,15.949999809265137
2023-05-08,1884.833251953125,917.2999877929688,876.1290283203125,655.6207275390625,18548.740234375,4480.59716796875,908.3048706054688,499.0888671875,3225.405029296875,961.970947265625,913.5977172851562,982.5588989257812,791.25634765625,2378.34423828125,2400.36962890625,915.2409057617188,1178.4857177734375,1952.843994140625,4354.18896484375,721.7291259765625,8812.123046875,1073.6126708984375,165.89674377441406,723.25,1128.4140625,551.9505004882812,941.2252807617188,491.6478576660156,3043.824462890625,951.2487182617188,16.100000381469727
2023-05-09,1893.421142578125,903.1500244140625,885.903076171875,645.2122192382812,18466.8046875,4477.4306640625,914.046875,502.9735107421875,3320.50927734375,967.0973510742188,921.1505737304688,985.5272216796875,791.2803344726562,2392.3759765625,2399.892822265625,911.8255004882812,1183.2344970703125,1948.30810546875,4455.2421875,734.5370483398438,8846.3955078125,1073.0316162109375,164.9128875732422,707.4500122070312,1131.9061279296875,542.3983154296875,936.9196166992188,494.74212646484375,3074.39794921875,955.3059692382812,16.100000381469727
2023-05-10,1889.476806640625,902.3499755859375,887.5487670898438,653.0161743164062,18590.134765625,4486.97998046875,919.1076049804688,499.4772644042969,3361.7802734375,954.1687622070312,931.9470825195312,984.8881225585938,794.9373168945312,2387.298583984375,2406.474853515625,913.435546875,1176.2972412109375,1952.6943359375,4428.30419921875,739.1183471679688,8901.3486328125,1076.8726806640625,165.89674377441406,728.0,1139.6895751953125,541.1687622070312,933.3479614257812,500.4886779785156,3077.722412109375,953.8015747070312,15.949999809265137
2023-05-11,1981.845947265625,913.5499877929688,893.582763671875,656.162353515625,18704.576171875,4516.40576171875,918.3290405273438,505.207275390625,3267.51025390625,888.437744140625,951.4584350585938,993.8389892578125,795.466552734375,2386.74462890625,2472.963623046875,916.509521484375,1169.6395263671875,1951.9468994140625,4489.50439453125,754.1431274414062,8991.3994140625,1075.397705078125,168.23924255371094,699.1500244140625,1132.24853515625,542.3510131835938,940.4423828125,502.5515441894531,3073.3671875,951.8870239257812,16.100000381469727
2023-05-12,1961.924072265625,895.5999755859375,908.2439575195312,661.1795043945312,18228.556640625,4498.23388671875,912.34375,503.4105224609375,3253.622314453125,875.5188598632812,967.5324096679688,1000.59814453125,802.4916381835938,2405.623046875,2502.53515625,921.095947265625,1159.4898681640625,1954.5887451171875,4517.45458984375,762.1727294921875,9024.896484375,1064.3775634765625,163.9290313720703,687.8499755859375,1134.097412109375,546.796142578125,935.500732421875,506.8245849609375,3066.0166015625,953.9839477539062,15.949999809265137
2023-05-15,1913.343017578125,868.7000122070312,913.3803100585938,660.97265625,18469.40234375,4512.21630859375,898.0860595703125,517.6868896484375,3215.786376953125,885.801025390625,977.69970703125,1004.479736328125,806.3410034179688,2485.013671875,2539.595458984375,922.9012451171875,1171.7347412109375,1966.95068359375,4536.68115234375,775.62109375,8939.359375,1064.008544921875,164.86602783203125,713.1500244140625,1136.334228515625,550.3427734375,932.5650634765625,521.4610595703125,3047.991455078125,970.486083984375,15.850000381469727
2023-05-16,1886.48095703125,874.1500244140625,915.3750610351562,668.0922241210938,18256.794921875,4488.87939453125,897.4048461914062,515.4531860351562,3218.681884765625,885.1149291992188,980.1688232421875,996.213623046875,801.7174072265625,2479.567138671875,2552.61669921875,923.4867553710938,1177.275146484375,1941.080322265625,4564.53466796875,779.0693969726562,8807.365234375,1063.7059326171875,166.27151489257812,722.7999877929688,1120.1514892578125,554.504150390625,920.7733764648438,511.9326477050781,3050.894287109375,963.8761596679688,15.899999618530273
2023-05-17,1896.8162841796875,875.4000244140625,912.3829345703125,660.2587890625,18379.69140625,4513.2392578125,899.205322265625,508.84918212890625,3207.4443359375,878.5377807617188,986.0755004882812,981.4630126953125,797.4102172851562,2513.677001953125,2539.11865234375,916.6558227539062,1161.07275390625,1903.2965087890625,4568.24560546875,769.4141845703125,8854.0185546875,1061.36669921875,164.9128875732422,721.8499755859375,1113.5321044921875,554.504150390625,915.8806762695312,506.3825378417969,3004.589599609375,961.095458984375,15.899999618530273
2023-05-18,1887.3297119140625,860.5499877929688,912.2832641601562,668.56494140625,18263.376953125,4447.41943359375,890.0084228515625,508.3636169433594,3095.06591796875,867.0892333984375,976.8281860351562,986.349365234375,800.5980224609375,2524.939453125,2506.494140625,923.633056640625,1160.2347412109375,1921.4906005859375,4542.12744140625,767.7884521484375,8789.83984375,1058.7830810546875,164.06959533691406,708.5499877929688,1111.1357421875,543.060302734375,909.7157592773438,499.4572448730469,2996.302978515625,956.1264038085938,15.699999809265137
2023-05-19,1953.286376953125,896.9500122070312,921.6085205078125,668.0527954101562,18138.173828125,4384.572265625,891.7115478515625,504.1388854980469,3040.888671875,860.9827880859375,977.7481079101562,1000.4608764648438,801.522705078125,2504.4921875,2519.753662109375,931.2446899414062,1181.5584716796875,1935.69677734375,4629.060546875,762.9609375,8840.958984375,1059.2982177734375,162.3829803466797,710.1500244140625,1114.741943359375,543.9588623046875,905.9972534179688,515.6654052734375,3017.840087890625,977.5065307617188,15.649999618530273
2023-05-22,2322.8134765625,941.75,915.1256713867188,668.92431640625,18086.306640625,4383.6953125,900.1785278320312,507.1981506347656,3204.499755859375,873.8623657226562,984.6714477539062,1022.8383178710938,798.6756591796875,2485.244140625,2516.557861328125,927.3900146484375,1203.8134765625,1934.251220703125,4806.830078125,762.9609375,8890.18359375,1049.7579345703125,163.13258361816406,706.6500244140625,1120.69921875,545.8504028320312,917.3485717773438,513.2587890625,3088.864501953125,1006.9552001953125,15.649999618530273
2023-05-23,2629.978759765625,988.7999877929688,913.7293701171875,667.6934204101562,18109.697265625,4405.8134765625,905.4826049804688,510.59722900390625,3323.061279296875,874.430908203125,983.5094604492188,1011.4214477539062,796.8018798828125,2502.137939453125,2507.2099609375,930.366455078125,1210.5643310546875,1915.6085205078125,4681.92431640625,765.3746337890625,8932.951171875,1045.308837890625,163.17942810058594,720.0,1120.4937744140625,550.0589599609375,911.6238403320312,519.1527099609375,3087.31982421875,994.2366333007812,15.550000190734863
2023-05-24,2472.102294921875,984.25,915.2752685546875,668.2251586914062,18010.4765625,4404.0107421875,912.8790283203125,511.5199279785156,3320.46044921875,885.9381713867188,990.3361206054688,1015.6227416992188,786.3867797851562,2528.216796875,2494.474853515625,917.9244995117188,1209.2607421875,1904.4927978515625,4651.564453125,766.45849609375,9000.9619140625,1044.1806640625,163.9290313720703,716.0,1113.9658203125,551.0994262695312,931.7332763671875,510.99945068359375,3093.21875,1001.7584228515625,15.600000381469727
2023-05-25,2533.86474609375,970.6500244140625,918.6163940429688,673.6607666015625,18039.197265625,4446.396484375,920.1295166015625,514.8705444335938,3371.987548828125,882.9389038085938,996.7752685546875,1019.322265625,783.3693237304688,2522.770263671875,2477.59033203125,917.143798828125,1214.5684814453125,1924.03271484375,4732.71533203125,767.3450927734375,9011.7392578125,1048.7860107421875,163.50738525390625,713.5499877929688,1113.8289794921875,549.7279663085938,924.7365112304688,505.7440185546875,3083.995361328125,1001.1658325195312,15.5
2023-05-26,2540.75537109375,963.3499755859375,924.5008544921875,679.8989868164062,18193.40234375,4478.4541015625,925.8715209960938,526.4760131835938,3448.8857421875,888.2318115234375,1016.6738891601562,1040.5123291015625,786.3867797851562,2534.1708984375,2530.151611328125,927.731689453125,1226.7666015625,1939.0863037109375,4819.986328125,768.428955078125,9126.40234375,1054.00439453125,163.50738525390625,706.1500244140625,1144.2088623046875,554.2203979492188,949.1026611328125,509.2804260253906,3117.143798828125,1016.3460693359375,15.600000381469727
2023-05-29,2530.4697265625,977.8499755859375,927.34326171875,682.6119384765625,17573.2109375,4458.04052734375,930.6403198242188,532.5458984375,3413.40576171875,893.1915893554688,1014.1561889648438,1028.6385498046875,795.9744873046875,2563.48095703125,2528.196044921875,925.2433471679688,1223.9267578125,1947.211181640625,4808.2275390625,793.798583984375,9061.88671875,1061.2177734375,165.19400024414062,704.3499755859375,1150.6453857421875,562.7322998046875,947.683837890625,512.227294921875,3109.13720703125,1015.7078247070312,15.899999618530273
2023-05-30,2492.9228515625,966.8499755859375,934.97314453125,689.8742065429688,17808.4375,4456.091796875,934.143798828125,534.05126953125,3393.92333984375,885.86962890625,1013.9627075195312,1037.4525146484375,796.5828857421875,2565.557861328125,2534.158203125,926.9998168945312,1232.7261962890625,1968.6455078125,4810.4921875,791.7295532226562,9110.28515625,1053.6478271484375,165.6624755859375,701.2999877929688,1150.3486328125,560.6515502929688,939.0234985351562,509.6241455078125,3105.251708984375,1001.4393920898438,15.899999618530273
2023-05-31,2489.8271484375,977.7000122070312,912.4328002929688,688.3035888671875,17834.849609375,4537.74462890625,927.5260009765625,539.3927612304688,3379.79052734375,882.370361328125,1024.8077392578125,1045.901123046875,783.977783203125,2547.787353515625,2544.6513671875,926.2191162109375,1227.5582275390625,2008.173828125,4817.38427734375,792.6162719726562,9095.091796875,1058.4656982421875,162.89833068847656,697.3499755859375,1127.5008544921875,559.060791015625,954.4358520507812,516.9915771484375,3080.250244140625,1017.0755004882812,16.200000762939453
2023-06-01,2488.62890625,993.9500122070312,917.27001953125,693.2911987304688,17867.12109375,4516.50341796875,938.9126586914062,540.849609375,3460.07421875,892.3681640625,1020.7893676757812,1042.978515625,780.6439208984375,2585.1748046875,2573.60302734375,913.484375,1228.6756591796875,1924.1324462890625,4789.337890625,800.1532592773438,9056.837890625,1068.291748046875,163.41366577148438,701.9500122070312,1124.4652099609375,561.8568115234375,966.5209350585938,525.7340698242188,3112.555419921875,1021.8619384765625,16.299999237060547
2023-06-02,2441.595458984375,983.5499877929688,923.653076171875,691.6565551757812,18010.236328125,4534.91943359375,939.9830932617188,541.140869140625,3446.5302734375,903.8167724609375,1027.325439453125,1038.548583984375,781.860595703125,2670.3349609375,2591.536865234375,915.48486328125,1225.8446044921875,1932.8057861328125,4813.2880859375,804.8823852539062,9209.3173828125,1076.69921875,163.55421447753906,717.0,1120.7904052734375,566.1472778320312,978.1658935546875,526.4218139648438,3095.325927734375,1023.9589233398438,16.399999618530273
2023-06-05,2430.51123046875,987.8499755859375,948.3377075195312,693.55712890625,18127.080078125,4562.640625,948.6934204101562,536.3335571289062,3398.143798828125,902.464111328125,1018.8527221679688,1039.6903076171875,780.8386840820312,2649.9794921875,2571.60009765625,923.8770751953125,1231.034912109375,1918.9981689453125,4764.18408203125,808.182861328125,9303.251953125,1066.3310546875,163.13258361816406,714.4500122070312,1130.8563232421875,566.1472778320312,987.11962890625,536.5886840820312,3079.688232421875,1011.4225463867188,16.149999618530273
2023-06-06,2430.21142578125,991.8499755859375,965.641845703125,700.5239868164062,18133.70703125,4584.8564453125,946.01708984375,531.7203979492188,3472.3427734375,908.952880859375,1021.7091674804688,1030.830322265625,778.4051513671875,2681.551025390625,2567.1640625,919.3394165039062,1206.970947265625,1953.04345703125,4707.9462890625,809.512939453125,9452.8681640625,1060.0430908203125,164.35067749023438,709.5499877929688,1131.8148193359375,564.3635864257812,992.0613403320312,545.920654296875,3026.6884765625,990.36181640625,16.0
2023-06-07,2436.103271484375,985.5499877929688,974.1692504882812,697.1758422851562,18224.04296875,4767.79638671875,934.727783203125,540.4609985351562,3476.465087890625,916.2258911132812,1031.5860595703125,1031.2418212890625,782.444580078125,2730.662353515625,2591.059814453125,917.4852905273438,1216.3604736328125,1933.4537353515625,4724.71630859375,805.572021484375,9425.0029296875,1092.3907470703125,166.1778564453125,727.0,1140.3970947265625,568.0755615234375,992.8441772460938,557.9049072265625,3066.57861328125,998.9775390625,16.149999618530273
2023-06-08,2425.7177734375,976.0,959.5579833984375,690.297607421875,18025.509765625,4750.15966796875,939.5452270507812,536.1878051757812,3434.8505859375,911.452392578125,1024.42041015625,1029.140625,782.9312744140625,2736.939697265625,2556.432373046875,915.2409057617188,1210.5570068359375,1880.7159423828125,4631.18115234375,799.8576049804688,9377.525390625,1081.70263671875,170.58177185058594,772.0,1141.081787109375,567.400634765625,965.8359985351562,549.80078125,3030.574462890625,976.7316284179688,16.75
2023-06-09,2447.686767578125,963.6500244140625,972.174560546875,692.9613037109375,18017.34375,4753.76513671875,943.2921142578125,534.0997924804688,3365.21533203125,914.8633422851562,1002.5366821289062,1013.6134643554688,783.8560791015625,2676.47412109375,2514.74560546875,915.3872680664062,1194.65576171875,1866.2603759765625,4648.38427734375,794.48828125,9347.62109375,1078.0177001953125,171.28451538085938,814.2999877929688,1133.001708984375,557.9520263671875,962.8513793945312,552.3548583984375,3005.151123046875,969.2098388671875,16.600000381469727
2023-06-12,2481.289306640625,961.0999755859375,971.6260375976562,698.923828125,18244.40625,4774.71484375,934.2411499023438,537.6446533203125,3374.73583984375,916.598388671875,1011.0094604492188,1040.9232177734375,779.0865478515625,2705.183349609375,2521.66162109375,913.3380737304688,1219.191650390625,1873.6873779296875,4721.92138671875,806.8035888671875,9272.5234375,1088.56201171875,174.0018310546875,812.1500244140625,1134.006103515625,557.9038696289062,964.3193359375,554.1721801757812,3040.35986328125,979.8768920898438,16.399999618530273
2023-06-13,2459.07080078125,955.2999877929688,983.2451782226562,705.7232666015625,18307.125,4813.5439453125,955.2140502929688,544.2971801757812,3423.072998046875,921.763916015625,1021.9996337890625,1033.2967529296875,780.4005737304688,2725.5390625,2552.61669921875,920.75439453125,1231.365234375,1850.259521484375,4765.8701171875,805.375,9240.5322265625,1098.4881591796875,173.67388916015625,833.25,1150.759521484375,555.7344970703125,966.9124145507812,552.256591796875,3037.36328125,984.1165161132812,16.399999618530273
2023-06-14,2453.67822265625,957.6500244140625,975.1167602539062,698.8400268554688,18318.84375,4815.0537109375,952.4890747070312,546.1423950195312,3421.35546875,921.1757202148438,1035.6043701171875,1037.4525146484375,779.5488891601562,2706.29150390625,2574.413818359375,917.0950317382812,1227.165771484375,1858.9329833984375,4729.0048828125,806.6558227539062,9255.0947265625,1110.021240234375,175.4073486328125,856.8499755859375,1164.9107666015625,555.8790893554688,965.54248046875,560.21337890625,3044.24609375,982.475341796875,16.200000762939453
2023-06-15,2482.13818359375,962.5999755859375,974.5681762695312,701.7695922851562,18272.787109375,4847.98828125,971.466796875,552.6492919921875,3514.693603515625,941.6517944335938,1043.5445556640625,1044.53125,769.961181640625,2624.547119140625,2565.78076171875,904.2138671875,1214.3316650390625,1827.87841796875,4791.12109375,822.41943359375,9315.6298828125,1121.61767578125,174.93882751464844,892.9000244140625,1165.23046875,546.1893920898438,967.2059936523438,558.3961181640625,3034.104736328125,986.0310668945312,16.100000381469727
2023-06-16,2506.05419921875,975.0499877929688,978.9566040039062,709.3125,18245.22265625,4915.46435546875,979.1065673828125,554.4459838867188,3513.270263671875,963.529541015625,1036.0887451171875,1048.732421875,780.0355834960938,2614.392333984375,2590.534912109375,911.6303100585938,1218.908447265625,1851.7052001953125,4829.1416015625,818.1829833984375,9324.2236328125,1121.732666015625,176.3443603515625,895.1500244140625,1176.574462890625,550.7691040039062,970.728759765625,559.72216796875,2995.0498046875,982.1105346679688,16.299999237060547
2023-06-19,2398.007080078125,960.3499755859375,963.0986328125,727.3328857421875,18195.322265625,4892.419921875,984.167236328125,552.7464599609375,3518.32470703125,956.4623413085938,1032.941650390625,1039.005126953125,780.7169799804688,2568.742919921875,2580.533203125,900.8472900390625,1221.126220703125,1818.9559326171875,4867.06689453125,812.9612426757812,9254.6103515625,1113.24951171875,174.14239501953125,871.25,1164.8880615234375,548.4551391601562,980.3186645507812,556.0385131835938,3028.5390625,997.06298828125,16.25
2023-06-20,2411.388427734375,961.7000122070312,972.2742919921875,713.8027954101562,18305.732421875,4926.9130859375,984.0699462890625,555.611328125,3500.118408203125,960.8143920898438,1037.9283447265625,1067.4111328125,782.3472900390625,2585.451416015625,2573.6572265625,903.1892700195312,1229.996826171875,1838.3463134765625,4840.2734375,817.6410522460938,9215.87109375,1121.097412109375,175.68844604492188,895.75,1167.3074951171875,547.0571899414062,970.6798706054688,572.934326171875,3044.85888671875,1009.5992431640625,16.25
2023-06-21,2402.550537109375,977.0,963.4476928710938,709.60302734375,18443.12890625,4939.67724609375,981.8802490234375,550.7554931640625,3444.51806640625,962.617919921875,1029.8914794921875,1069.0550537109375,796.0231323242188,2606.545654296875,2574.13818359375,902.3598022460938,1226.1748046875,1839.8914794921875,4819.40869140625,862.1240844726562,9166.1123046875,1117.9742431640625,175.68844604492188,872.9500122070312,1170.59423828125,546.0447998046875,970.6309204101562,571.1170654296875,3073.63134765625,1021.0413818359375,16.200000762939453
2023-06-22,2393.863037109375,974.8499755859375,964.0460815429688,692.2572021484375,18133.46875,4859.29052734375,971.5640869140625,546.4337768554688,3478.1826171875,960.4713134765625,1007.9108276367188,1062.615966796875,799.9166870117188,2607.930419921875,2552.73974609375,903.3843994140625,1209.3773193359375,1830.4703369140625,4844.03271484375,839.7593994140625,9129.412109375,1100.456298828125,172.87742614746094,865.9500122070312,1157.4471435546875,542.7667236328125,969.0652465820312,559.2800903320312,3055.04736328125,1020.2662963867188,16.0
2023-06-23,2230.394287109375,959.8499755859375,955.8677978515625,688.2838745117188,17881.482421875,4843.45703125,962.9024658203125,547.1135864257812,3398.78173828125,978.9869384765625,1003.1176147460938,1064.214111328125,799.8680419921875,2563.019287109375,2540.47802734375,901.1888427734375,1193.75927734375,1822.943603515625,4777.14599609375,845.5723266601562,9055.8662109375,1100.6494140625,174.93882751464844,841.7000122070312,1147.9749755859375,534.716064453125,970.190673828125,549.751708984375,3034.152099609375,1017.0297241210938,16.0
2023-06-26,2292.356689453125,968.4500122070312,958.0120239257812,689.1749877929688,17854.060546875,4880.8740234375,994.5321044921875,553.1348876953125,3468.85888671875,988.337890625,999.5833129882812,1066.3607177734375,795.9988403320312,2632.11669921875,2550.575927734375,905.0433959960938,1198.8079833984375,1817.360595703125,4825.96142578125,861.089599609375,9194.6083984375,1105.2376708984375,173.25221252441406,838.0999755859375,1139.2100830078125,537.0782470703125,973.6156005859375,557.806640625,3008.964599609375,1013.7474975585938,16.100000381469727
2023-06-27,2281.22216796875,959.5499877929688,970.6785278320312,691.1986083984375,17838.8828125,4827.3310546875,982.2208862304688,554.1546630859375,3516.9013671875,985.2012939453125,1004.4733276367188,1068.64404296875,807.2169189453125,2625.516357421875,2549.854736328125,913.484375,1207.1124267578125,1839.0439453125,4976.07080078125,868.6759643554688,9185.6767578125,1105.5526123046875,174.32977294921875,852.5,1139.62109375,545.8037109375,980.3186645507812,562.9638061523438,3016.228515625,1020.8589477539062,16.049999237060547
2023-06-28,2398.6064453125,956.6500244140625,975.615478515625,698.1852416992188,17981.853515625,4864.26025390625,982.8534545898438,557.5537719726562,3534.813232421875,1001.3253173828125,1035.217041015625,1068.872314453125,815.7583618164062,2611.345947265625,2559.375244140625,914.8018188476562,1220.5128173828125,1834.9068603515625,4904.6064453125,876.459228515625,9263.0087890625,1110.7708740234375,177.18763732910156,849.5999755859375,1154.708251953125,549.37109375,999.8898315429688,576.274169921875,3033.302978515625,1010.282958984375,16.200000762939453
2023-06-30,2384.676025390625,945.9000244140625,984.8409423828125,708.1138305664062,18290.076171875,4895.830078125,987.7682495117188,556.4369506835938,3517.1962890625,1011.47021484375,1046.739990234375,1085.0389404296875,828.047119140625,2686.443603515625,2575.628662109375,912.0205688476562,1260.2890625,1840.888427734375,5008.984375,889.4149169921875,9504.1787109375,1118.106201171875,177.2344970703125,867.8499755859375,1164.1805419921875,552.3117065429688,1029.05078125,585.0167236328125,3115.18603515625,1031.02490234375,16.25
2023-07-03,2382.129638671875,942.8499755859375,979.505126953125,725.1624755859375,18264.81640625,4879.99609375,974.9703369140625,565.4689331054688,3521.072998046875,999.4531860351562,1027.325439453125,1079.2393798828125,837.002197265625,2675.966064453125,2597.65185546875,919.7785034179688,1258.59033203125,1838.2962646484375,5022.62158203125,879.119384765625,9391.5068359375,1105.3228759765625,179.2021942138672,848.8499755859375,1194.058349609375,564.4600219726562,1010.5560302734375,580.3507690429688,3086.932373046875,1022.4544067382812,16.350000381469727
2023-07-04,2384.326416015625,946.0,968.13525390625,777.3221435546875,18300.880859375,4881.798828125,984.751220703125,562.94384765625,3484.31689453125,1017.1161499023438,1028.245361328125,1087.45947265625,841.0902709960938,2796.9443359375,2596.64208984375,921.8765869140625,1269.3955078125,1855.991943359375,5060.40283203125,878.232666015625,9366.6513671875,1104.9080810546875,181.82583618164062,836.75,1181.755615234375,568.123779296875,1026.310791015625,580.9892578125,3121.411865234375,1046.6610107421875,16.799999237060547
2023-07-05,2395.76025390625,948.2000122070312,963.9462890625,775.17626953125,18405.529296875,4965.54736328125,983.7293090820312,575.3749389648438,3678.50048828125,1015.1459350585938,1062.1842041015625,1091.2958984375,814.3712768554688,2915.47607421875,2650.354248046875,934.855224609375,1271.424560546875,1859.13232421875,5052.2587890625,884.0454711914062,9701.515625,1118.3798828125,181.21676635742188,853.4500122070312,1179.8155517578125,569.4253540039062,1022.2986450195312,577.8458862304688,3131.883056640625,1071.277587890625,17.149999618530273
2023-07-06,2399.505126953125,962.2000122070312,978.358154296875,768.0067138671875,18743.908203125,5041.01318359375,993.8994750976562,574.8893432617188,3667.606689453125,1025.6240234375,1045.6748046875,1078.3714599609375,815.1986083984375,2928.3076171875,2651.556396484375,936.2214965820312,1268.2159423828125,1871.5440673828125,4990.6728515625,891.92724609375,9572.4833984375,1128.12548828125,184.355712890625,869.9500122070312,1204.5804443359375,571.2572631835938,1020.14599609375,590.1738891601562,3134.666015625,1075.1522216796875,17.799999237060547
2023-07-07,2377.42529296875,951.0,975.1134643554688,753.7764282226562,18960.88671875,4925.0126953125,993.3155517578125,555.7085571289062,3600.669921875,1015.9594116210938,1028.9229736328125,1057.318359375,808.093017578125,2906.244873046875,2594.81494140625,923.5355834960938,1255.287353515625,1847.817138671875,4929.3271484375,887.2966918945312,9563.59765625,1118.6876220703125,180.46717834472656,850.7000122070312,1202.2294921875,572.3177490234375,1013.4916381835938,607.26611328125,3140.656494140625,1053.95458984375,17.450000762939453
2023-07-10,2408.047119140625,959.4500122070312,962.4840087890625,744.9652709960938,18476.318359375,4902.943359375,989.4713134765625,556.1941528320312,3572.501708984375,1010.5586547851562,1021.4186401367188,1027.085693359375,806.1705932617188,2883.62744140625,2554.855712890625,925.4872436523438,1254.296630859375,1861.1761474609375,4854.7255859375,887.54296875,9452.9658203125,1102.7689208984375,179.48330688476562,823.5499877929688,1248.541015625,571.3536376953125,1022.5923461914062,607.7081909179688,3086.60205078125,1045.8858642578125,17.049999237060547
2023-07-11,2420.685302734375,965.1500244140625,951.6516723632812,736.1392822265625,18536.251953125,4953.65966796875,1000.2741088867188,564.8861694335938,3573.97412109375,1020.614990234375,1028.1966552734375,1018.3171997070312,802.2527465820312,2864.149169921875,2581.73583984375,922.1205444335938,1272.6512451171875,1860.8768310546875,4783.3291015625,900.6958618164062,9612.046875,1116.0552978515625,180.27976989746094,806.75,1262.0760498046875,567.4488525390625,1049.258056640625,617.3839721679688,3087.026611328125,1058.9234619140625,17.200000762939453
2023-07-12,2385.717529296875,954.5499877929688,948.456787109375,734.94775390625,18744.966796875,4943.916015625,994.8240356445312,566.5857543945312,3566.17138671875,1025.1885986328125,1034.49072265625,1014.34423828125,794.7334594726562,2842.224609375,2571.30078125,921.5838623046875,1258.212890625,1872.3416748046875,4678.37109375,926.6072998046875,9549.5693359375,1126.2010498046875,178.78054809570312,854.75,1263.468505859375,568.123779296875,1055.6185302734375,610.458740234375,3075.2353515625,1057.0545654296875,17.299999237060547
2023-07-13,2359.891357421875,947.0499877929688,958.59033203125,739.1654052734375,18375.2734375,4959.94482421875,993.3642578125,561.050048828125,3553.8046875,1015.9918212890625,1020.2083129882812,1012.7459106445312,798.699951171875,2836.916748046875,2553.076416015625,932.61083984375,1288.2220458984375,1863.96728515625,4753.26416015625,917.0013427734375,9366.7978515625,1114.5142822265625,176.063232421875,836.9500122070312,1252.170166015625,564.65283203125,1052.5850830078125,609.6728515625,3151.316650390625,1071.50537109375,17.149999618530273
2023-07-14,2373.928466796875,965.2000122070312,955.495361328125,739.9317626953125,18424.498046875,5001.697265625,1003.2910766601562,569.5963745117188,3609.0615234375,1006.0342407226562,1029.2618408203125,1051.244384765625,800.3546752929688,2895.25927734375,2574.42626953125,936.8557739257812,1345.64501953125,1863.2696533203125,4947.3466796875,921.1572265625,9324.1748046875,1130.010498046875,175.64158630371094,850.75,1251.120361328125,563.4476318359375,1049.94287109375,613.84765625,3315.553466796875,1120.1917724609375,17.350000381469727
2023-07-17,2406.3486328125,965.2999877929688,963.28271484375,742.760009765625,18490.34375,5011.6845703125,1004.9942016601562,565.4689331054688,3595.026611328125,1033.239501953125,1027.470703125,1053.8016357421875,817.0966796875,2853.994873046875,2579.042724609375,945.2967529296875,1342.8140869140625,1891.2335205078125,4987.90185546875,924.5709228515625,9407.5751953125,1126.7236328125,174.75143432617188,862.5999755859375,1276.68408203125,579.5489501953125,1054.4931640625,607.5608520507812,3293.904052734375,1132.727783203125,17.700000762939453
2023-07-18,2414.69091796875,973.75,962.0846557617188,733.7659301757812,18699.087890625,4934.41552734375,1003.1937255859375,560.3701171875,3559.4482421875,1025.583740234375,1008.927490234375,1066.0865478515625,816.415283203125,2876.888671875,2580.1005859375,951.8837280273438,1392.1214599609375,1885.0526123046875,4858.0283203125,924.1256103515625,9384.37109375,1122.1527099609375,175.54788208007812,840.4000244140625,1287.52587890625,571.1126098632812,1044.2674560546875,601.2739868164062,3298.762451171875,1137.423095703125,17.5
2023-07-19,2421.534912109375,979.6500244140625,962.7335815429688,750.0531005859375,18619.109375,4936.12060546875,1008.059814453125,557.9908447265625,3570.636962890625,1031.5799560546875,1010.8157348632812,1067.7764892578125,820.1141357421875,2858.656494140625,2569.329345703125,949.9320068359375,1391.8856201171875,1900.7542724609375,4847.68310546875,922.938232421875,9327.9619140625,1120.3846435546875,180.4203338623047,842.2999877929688,1297.294921875,579.8864135742188,1058.6522216796875,609.6236572265625,3273.480712890625,1134.8245849609375,17.450000762939453
2023-07-20,2417.53857421875,985.0,976.3115234375,751.2299194335938,18577.388671875,4923.11279296875,1028.254150390625,561.8270263671875,3598.60888671875,1054.8834228515625,1026.7928466796875,1064.782470703125,821.8905639648438,2849.886474609375,2599.767822265625,971.546875,1367.8687744140625,1950.9000244140625,4842.388671875,936.1477661132812,9488.1123046875,1123.6566162109375,180.74826049804688,851.3499755859375,1295.723876953125,588.1780395507812,1074.113525390625,610.6551513671875,3275.608642578125,1142.346435546875,17.700000762939453
2023-07-21,2414.091552734375,995.5499877929688,969.72216796875,749.761474609375,18430.443359375,4917.705078125,1029.1370849609375,551.4842529296875,3619.9560546875,1044.78759765625,1023.06494140625,1027.609619140625,815.5635986328125,2863.641357421875,2504.317138671875,972.9130859375,1256.6085205078125,1964.1591796875,4781.8720703125,926.8466796875,9485.7333984375,1122.416259765625,182.80967712402344,844.2999877929688,1255.6134033203125,593.0469360351562,1073.624267578125,614.6826171875,3185.757080078125,1118.16064453125,18.049999237060547
2023-07-24,2415.98974609375,989.1500244140625,969.921875,749.7466430664062,18544.1015625,4841.60546875,1029.1370849609375,551.581787109375,3617.698486328125,1065.2359619140625,1003.553466796875,1025.2607421875,816.8533325195312,2893.18212890625,2481.4765625,968.0338745117188,1261.3270263671875,1891.4329833984375,4739.421875,926.9456176757812,9412.671875,1114.482666015625,183.5592498779297,802.0,1230.216796875,595.5055541992188,1076.804443359375,618.1207275390625,3210.77392578125,1087.05126953125,17.399999618530273
2023-07-25,2464.3955078125,1088.050048828125,960.9364624023438,752.2040405273438,18539.71484375,4760.43994140625,1034.8275146484375,554.5576782226562,3650.479736328125,1071.89404296875,1002.052490234375,1024.0169677734375,825.7109985351562,2898.951904296875,2469.83935546875,970.6686401367188,1259.4395751953125,1869.74951171875,4729.31982421875,927.7371826171875,9474.615234375,1112.177490234375,188.01004028320312,789.5999755859375,1229.425537109375,587.744140625,1071.5692138671875,628.140380859375,3214.93505859375,1082.0457763671875,17.049999237060547
2023-07-26,2468.49169921875,1140.4000244140625,975.2132568359375,735.0663452148438,18659.07421875,4855.9296875,1048.31787109375,561.04638671875,3612.25146484375,1081.822021484375,1005.63525390625,1027.1953125,822.8395385742188,2903.936767578125,2484.409423828125,972.3763427734375,1272.8870849609375,1889.489013671875,4721.4521484375,931.4972534179688,9472.4306640625,1113.4959716796875,188.9002227783203,788.2999877929688,1249.406494140625,593.09521484375,1088.1556396484375,629.7611694335938,3204.6728515625,1069.60205078125,17.0
2023-07-27,2426.180419921875,1119.199951171875,958.3407592773438,720.3267822265625,18409.583984375,4748.55224609375,1149.3232421875,559.87548828125,3672.562744140625,1088.0157470703125,997.3077392578125,1029.360107421875,814.2982177734375,2928.441650390625,2471.474853515625,966.3261108398438,1276.945068359375,1868.0050048828125,4723.29833984375,969.3943481445312,9469.7607421875,1090.317626953125,189.22816467285156,779.5499877929688,1237.7838134765625,594.4450073242188,1110.613525390625,632.3151245117188,3212.807373046875,1029.0894775390625,16.950000762939453
2023-07-28,2460.94873046875,1092.5999755859375,948.4069213867188,729.9685668945312,18474.50390625,4777.7353515625,1155.553466796875,567.5838012695312,3669.765625,1103.031005859375,1003.1176147460938,1016.6469116210938,799.8680419921875,2961.628662109375,2485.659912109375,972.1324462890625,1265.0074462890625,1871.095458984375,4705.42431640625,963.7543334960938,9388.884765625,1097.9168701171875,196.7710723876953,762.9000244140625,1250.2225341796875,593.962890625,1118.076904296875,626.0087280273438,3173.556396484375,1020.8093872070312,16.950000762939453
2023-07-31,2489.922119140625,1093.300048828125,952.3505249023438,721.9288330078125,18491.513671875,4671.13818359375,1152.8062744140625,561.6317749023438,3616.0302734375,1114.38134765625,1003.1176147460938,1028.761474609375,803.615478515625,2990.755126953125,2462.77099609375,974.1817016601562,1279.3514404296875,1850.857666015625,4751.662109375,975.0839233398438,9534.95703125,1101.45263671875,204.5950469970703,800.4000244140625,1260.8065185546875,597.9641723632812,1122.839599609375,634.8770751953125,3236.026123046875,1043.6851806640625,16.950000762939453
2023-08-01,2478.83251953125,1087.050048828125,958.3407592773438,718.9027709960938,18516.41796875,4693.9384765625,1156.0928955078125,554.9480590820312,3572.060302734375,1119.6368408203125,988.1088256835938,1048.8447265625,808.993408203125,2895.908203125,2453.4423828125,970.522216796875,1288.31640625,1844.3277587890625,4835.00732421875,977.804931640625,9433.9833984375,1103.42578125,210.9666748046875,787.2000122070312,1242.976806640625,589.9135131835938,1122.888671875,634.2366333007812,3264.968505859375,1069.8828125,17.100000381469727
2023-08-02,2471.289306640625,1052.449951171875,943.7145385742188,712.351318359375,17801.333984375,4686.24072265625,1146.2327880859375,551.9232788085938,3622.21337890625,1118.332763671875,987.3828125,1041.84326171875,798.407958984375,2794.480224609375,2470.60888671875,963.1058959960938,1280.4366455078125,1818.1083984375,4726.69775390625,984.1376342773438,9372.865234375,1117.520263671875,205.2978057861328,776.0999755859375,1229.697509765625,576.993896484375,1114.836181640625,613.5437622070312,3254.18603515625,1071.894287109375,17.0
2023-08-03,2530.285400390625,1036.0,934.0302734375,702.94677734375,17779.3515625,4676.009765625,1143.8291015625,541.5805053710938,3657.251953125,1118.1451416015625,982.3474731445312,1036.868408203125,792.6407470703125,2756.158447265625,2453.634765625,941.6861572265625,1287.467041015625,1817.6597900390625,4730.53466796875,1024.458984375,9353.1669921875,1097.6678466796875,206.23480224609375,767.5999755859375,1224.529052734375,569.3289184570312,1120.4827880859375,609.8978881835938,3215.69189453125,1069.2279052734375,17.0
2023-08-04,2539.476806640625,1012.5499877929688,950.7031860351562,706.93701171875,17795.923828125,4675.57080078125,1186.89990234375,555.8750610351562,3675.997802734375,1116.1793212890625,985.3008422851562,1054.2337646484375,804.1021728515625,2748.970458984375,2448.537353515625,947.0532836914062,1300.7257080078125,1834.3721923828125,4799.501953125,1052.8076171875,9281.3310546875,1096.62744140625,204.22024536132812,796.5999755859375,1241.1717529296875,552.74560546875,1118.4696044921875,606.005615234375,3256.92919921875,1099.541748046875,16.950000762939453
2023-08-07,2548.1689453125,965.9000244140625,945.861083984375,704.3115234375,17737.29296875,4540.37548828125,1200.537353515625,551.581787109375,3838.087890625,1112.4552001953125,998.0340576171875,1060.17626953125,803.6398315429688,2757.698974609375,2470.849365234375,952.078857421875,1314.5506591796875,1827.4378662109375,4902.6142578125,1069.7772216796875,9333.6640625,1096.862060546875,204.22024536132812,850.7000122070312,1248.2442626953125,547.5392456054688,1139.9266357421875,600.5860595703125,3295.234375,1107.4478759765625,16.899999618530273
2023-08-08,2472.288330078125,984.2999877929688,951.3521728515625,709.3993530273438,17698.154296875,4487.369140625,1242.52880859375,548.7521362304688,3775.12646484375,1117.8388671875,977.4576416015625,1051.4703369140625,802.9828491210938,2863.0478515625,2467.62744140625,956.2262573242188,1311.9085693359375,1823.895751953125,4937.09912109375,1072.3004150390625,9352.0400390625,1085.6268310546875,203.84547424316406,830.6500244140625,1240.7265625,552.5527954101562,1127.995361328125,598.418212890625,3282.51318359375,1127.797607421875,16.850000381469727
2023-08-09,2504.80859375,971.2999877929688,948.456787109375,704.6279296875,17848.171875,4483.033203125,1242.1365966796875,558.2655639648438,3668.440673828125,1159.93115234375,986.4144897460938,1054.0498046875,803.2747802734375,2856.326416015625,2454.5,957.0133056640625,1315.8719482421875,1827.387939453125,4958.12890625,1087.884765625,9274.17578125,1085.096923828125,204.92298889160156,838.5499877929688,1248.911865234375,553.1795043945312,1132.07080078125,613.4451904296875,3274.85205078125,1148.9427490234375,16.950000762939453
2023-08-10,2550.067138671875,973.9000244140625,938.2235107421875,706.4573974609375,17723.15625,4424.13232421875,1235.1705322265625,557.6801147460938,3676.09619140625,1156.0093994140625,993.7736206054688,1044.9754638671875,796.1448364257812,2834.108154296875,2439.59326171875,948.552001953125,1310.8704833984375,1796.8067626953125,4960.412109375,1073.9329833984375,9209.9833984375,1073.93017578125,203.70489501953125,858.0999755859375,1254.475830078125,553.0830688476562,1129.615478515625,609.2080688476562,3255.5576171875,1156.240478515625,16.950000762939453
2023-08-11,2537.178955078125,971.3499755859375,935.6776123046875,698.2247924804688,17695.62109375,4394.75390625,1226.5858154296875,549.4839477539062,3640.131591796875,1150.44775390625,987.8184814453125,1079.1998291015625,787.846923828125,2798.914306640625,2406.029296875,937.4833984375,1294.5919189453125,1787.427734375,4961.189453125,1065.5718994140625,9170.046875,1066.7337646484375,202.37474060058594,864.5499877929688,1259.767822265625,553.565185546875,1111.98828125,602.8524169921875,3261.89453125,1141.8785400390625,17.049999237060547
2023-08-14,2453.75537109375,951.25,938.4231567382812,694.0170288085938,17642.7890625,4384.32861328125,1212.2615966796875,551.1426391601562,3690.986572265625,1150.5169677734375,1002.73046875,1078.785400390625,784.0020751953125,2810.53662109375,2436.13134765625,944.0753784179688,1315.06982421875,1790.0718994140625,5044.67919921875,1070.6182861328125,9135.55078125,1069.5224609375,202.37474060058594,863.7999877929688,1274.65478515625,540.6937866210938,1113.854248046875,598.4674682617188,3262.887451171875,1141.2236328125,16.950000762939453
2023-08-16,2442.865478515625,948.5,931.5343017578125,690.402587890625,17726.763671875,4383.2568359375,1220.0615234375,551.6304931640625,3672.732177734375,1157.3330078125,1008.4918212890625,1084.451171875,781.714599609375,2783.5576171875,2454.884765625,941.0745239257812,1338.61474609375,1782.1895751953125,5049.1474609375,1101.1436767578125,9231.49609375,1071.88623046875,206.6027374267578,874.4500122070312,1273.6160888671875,545.0806274414062,1123.0853271484375,609.7007446289062,3270.973876953125,1148.80224609375,16.850000381469727
2023-08-17,2477.43359375,933.5,935.0286254882812,684.6422119140625,17750.548828125,4386.27734375,1217.5595703125,547.581298828125,3615.990234375,1161.837646484375,992.611572265625,1084.0364990234375,777.3831176757812,2792.23974609375,2445.892578125,936.3027954101562,1332.05615234375,1761.735595703125,4951.66943359375,1080.6119384765625,9188.12890625,1058.1898193359375,204.987548828125,865.9500122070312,1255.2425537109375,551.6368408203125,1124.214599609375,604.7738647460938,3249.5517578125,1152.451171875,17.0
2023-08-18,2575.044189453125,994.75,941.5181274414062,678.5950927734375,17826.529296875,4418.8701171875,1213.0465087890625,551.7769775390625,3616.138427734375,1160.61279296875,993.9187622070312,1081.2728271484375,774.1953125,2732.49365234375,2456.952392578125,935.3189086914062,1310.58740234375,1746.8692626953125,4939.62451171875,1056.36962890625,9267.2666015625,1066.128173828125,204.41746520996094,859.8499755859375,1264.5406494140625,552.408203125,1114.492431640625,606.7938842773438,3184.622314453125,1132.8499755859375,16.899999618530273
2023-08-21,2637.33740234375,1020.0499877929688,951.0525512695312,696.9985961914062,17802.30859375,4394.94921875,1210.4957275390625,553.9722900390625,3626.37890625,1167.8043212890625,993.870361328125,1086.3857421875,773.5869750976562,2736.64794921875,2464.64599609375,939.7955322265625,1326.25244140625,1756.397705078125,5000.23876953125,1074.9224853515625,9250.3603515625,1076.1082763671875,207.88539123535156,837.9500122070312,1250.74267578125,551.2030029296875,1116.9473876953125,611.4251708984375,3217.300048828125,1140.3817138671875,16.950000762939453
2023-08-22,2695.584228515625,1015.0999755859375,955.495361328125,699.1494140625,17898.515625,4396.06982421875,1197.9373779296875,560.802490234375,3614.50634765625,1170.70849609375,1004.5699462890625,1086.6158447265625,770.2774658203125,2760.21923828125,2467.57958984375,936.6471557617188,1324.6953125,1759.1414794921875,4992.80712890625,1079.62255859375,9302.4013671875,1075.6981201171875,210.64073181152344,857.3499755859375,1250.44482421875,548.11767578125,1117.094970703125,611.1295776367188,3198.8564453125,1135.095458984375,16.950000762939453
2023-08-23,2527.987548828125,971.5,977.6593017578125,703.747802734375,17907.876953125,4396.84912109375,1207.4051513671875,553.533203125,3664.866455078125,1176.2010498046875,991.062255859375,1089.3797607421875,772.1755981445312,2755.552001953125,2475.513671875,951.2576293945312,1328.65869140625,1776.0535888671875,5026.4169921875,1082.5909423828125,9409.2744140625,1083.3751220703125,210.64073181152344,904.75,1251.8345947265625,556.216552734375,1103.4937744140625,604.9217529296875,3214.083740234375,1123.6807861328125,17.0
2023-08-24,2537.22900390625,983.6500244140625,979.755859375,705.824462890625,17900.46484375,4426.42138671875,1197.4468994140625,551.1914672851562,3625.3896484375,1167.0733642578125,1008.7823486328125,1079.015869140625,768.622802734375,2733.147216796875,2482.437744140625,953.3237915039062,1343.427490234375,1776.951416015625,5022.19189453125,1078.039306640625,9382.5673828125,1086.39111328125,209.83314514160156,904.4500122070312,1230.7904052734375,556.2647705078125,1098.1910400390625,602.0148315429688,3204.153076171875,1121.903076171875,16.950000762939453
2023-08-25,2493.468994140625,979.4500122070312,981.5029907226562,713.1473388671875,17818.001953125,4409.857421875,1186.5565185546875,544.5076904296875,3597.933837890625,1141.8040771484375,997.6951293945312,1063.078125,759.9597778320312,2717.4169921875,2465.416015625,954.7504272460938,1340.1246337890625,1774.8560791015625,4980.6650390625,1066.2645263671875,9315.92578125,1083.6365966796875,207.03028869628906,899.2000122070312,1225.1075439453125,549.5157470703125,1086.4068603515625,596.2503662109375,3198.052734375,1112.9212646484375,16.850000381469727
2023-08-28,2470.1904296875,980.0999755859375,988.591552734375,715.5306396484375,18063.10546875,4395.3876953125,1205.6881103515625,540.702392578125,3594.71826171875,1141.142333984375,995.5164794921875,1056.168701171875,767.868408203125,2736.881103515625,2457.865966796875,954.8980102539062,1335.9251708984375,1786.330322265625,4983.14208984375,1096.3447265625,9406.0888671875,1076.1131591796875,207.79039001464844,882.7999877929688,1212.897705078125,552.3117065429688,1096.9144287109375,593.5899047851562,3192.614501953125,1108.4769287109375,16.799999237060547
2023-08-29,2504.1591796875,974.5,979.1069946289062,721.241455078125,18158.583984375,4414.6806640625,1206.5220947265625,536.7994384765625,3618.3154296875,1130.848876953125,981.23388671875,1066.3946533203125,773.976318359375,2789.5322265625,2429.447265625,952.1431274414062,1337.8126220703125,1779.0965576171875,4989.748046875,1086.153076171875,9429.1689453125,1077.5074462890625,210.0706787109375,852.9000244140625,1201.2838134765625,554.239990234375,1091.6114501953125,598.2704467773438,3193.181640625,1120.8739013671875,16.850000381469727
2023-08-30,2510.803466796875,970.5,981.7526245117188,718.7445068359375,18156.33984375,4434.21630859375,1212.80126953125,541.4342041015625,3592.29443359375,1116.2188720703125,988.2056884765625,1078.3248291015625,768.3307495117188,2755.645263671875,2435.025146484375,943.4359130859375,1354.3270263671875,1770.9150390625,5025.591796875,1089.220458984375,9600.822265625,1084.1251220703125,209.40557861328125,861.75,1200.142333984375,547.0571899414062,1094.8521728515625,596.69384765625,3207.179443359375,1120.1256103515625,16.799999237060547
2023-08-31,2417.0390625,928.6500244140625,971.918701171875,708.3511352539062,18105.068359375,4353.29443359375,1233.8460693359375,539.6777954101562,3554.0048828125,1107.940673828125,973.2938842773438,1079.844970703125,764.80224609375,2722.13134765625,2409.155029296875,943.2882690429688,1354.610107421875,1754.80126953125,5044.7763671875,1086.301513671875,9804.0810546875,1073.7664794921875,209.31057739257812,853.9000244140625,1194.6578369140625,541.2239990234375,1091.6114501953125,592.2103271484375,3174.880859375,1124.569580078125,16.799999237060547
2023-09-01,2447.810791015625,949.0999755859375,989.5400390625,723.9362182617188,18507.59765625,4369.46923828125,1221.8765869140625,539.9217529296875,3551.234619140625,1102.15185546875,973.4874267578125,1092.419921875,766.384033203125,2732.8203125,2408.91455078125,953.0778198242188,1362.537109375,1767.12353515625,5151.580078125,1082.3436279296875,10124.994140625,1070.3065185546875,219.19175720214844,857.4000244140625,1197.4619140625,549.1300659179688,1089.0582275390625,602.2611694335938,3196.06640625,1148.9893798828125,17.350000381469727
2023-09-04,2468.342041015625,959.2000122070312,980.6544189453125,718.9571533203125,18585.578125,4391.734375,1215.4501953125,544.361328125,3590.85986328125,1118.13525390625,969.4690551757812,1135.4425048828125,771.1778564453125,2747.243408203125,2405.64453125,951.7495727539062,1382.5902099609375,1758.243408203125,5212.14599609375,1085.8563232421875,10155.5712890625,1061.6448974609375,224.03738403320312,856.7000122070312,1196.494140625,554.9149780273438,1088.9599609375,600.0933837890625,3233.236328125,1175.841796875,18.600000381469727
2023-09-05,2491.7705078125,962.0999755859375,979.855712890625,726.3590698242188,18667.45703125,4399.28515625,1215.54833984375,546.2639770507812,3603.67236328125,1102.2210693359375,977.1185913085938,1138.252197265625,766.4813842773438,2740.241943359375,2411.078369140625,952.7826538085938,1395.61328125,1767.07373046875,5270.86572265625,1107.4764404296875,10057.2236328125,1072.2061767578125,222.89723205566406,881.0999755859375,1202.89697265625,552.4563598632812,1111.5465087890625,602.2119140625,3243.498779296875,1173.7833251953125,18.149999618530273
2023-09-06,2494.21826171875,1006.0999755859375,963.4823608398438,730.5817260742188,18788.669921875,4452.0966796875,1233.0120849609375,547.9227294921875,3668.626220703125,1103.09033203125,979.8300170898438,1138.5284423828125,776.507080078125,2742.7158203125,2426.8984375,942.0584716796875,1394.24462890625,1766.325439453125,5252.5068359375,1127.0682373046875,9975.6357421875,1074.630859375,220.33192443847656,898.7999877929688,1205.4281005859375,550.0460205078125,1121.8084716796875,601.3250732421875,3244.0185546875,1168.5438232421875,18.0
2023-09-07,2507.20654296875,1002.6500244140625,976.6110229492188,728.1489868164062,18806.06640625,4414.6318359375,1225.702880859375,552.2648315429688,3654.82421875,1109.3829345703125,982.2022094726562,1155.249267578125,783.977783203125,2764.093505859375,2411.463134765625,950.0770263671875,1383.6282958984375,1784.9832763671875,5328.90576171875,1124.248046875,10075.501953125,1069.3660888671875,222.4221649169922,894.3499755859375,1207.06591796875,558.2894897460938,1112.6759033203125,605.9071044921875,3267.994873046875,1187.536865234375,18.549999237060547
2023-09-08,2516.99755859375,1001.2000122070312,978.7075805664062,732.8413696289062,18913.537109375,4424.1806640625,1221.091552734375,553.338134765625,3659.5732421875,1103.189208984375,987.9636840820312,1162.6654052734375,790.085693359375,2808.76318359375,2417.5703125,954.8980102539062,1386.8369140625,1789.1739501953125,5321.71728515625,1116.72802734375,10125.7294921875,1068.7288818359375,228.265380859375,905.4000244140625,1215.1064453125,562.53173828125,1110.122314453125,618.0764770507812,3255.367919921875,1181.642578125,18.350000381469727
2023-09-11,2612.559814453125,1014.6500244140625,998.7749633789062,730.96240234375,18953.744140625,4451.51171875,1223.7896728515625,555.8750610351562,3696.6259765625,1109.1162109375,1001.1327514648438,1180.6298828125,794.173828125,2851.332275390625,2439.16064453125,962.4738159179688,1393.301025390625,1803.8409423828125,5351.0048828125,1114.650146484375,10323.548828125,1080.6356201171875,230.9732208251953,904.4000244140625,1228.20947265625,570.4859619140625,1116.45654296875,625.5653076171875,3292.018310546875,1187.16259765625,18.399999618530273
2023-09-12,2533.38232421875,1004.7999877929688,999.274169921875,734.8834228515625,18676.765625,4450.14794921875,1216.3824462890625,551.9720458984375,3747.62939453125,1120.970458984375,979.8783569335938,1181.4127197265625,796.6559448242188,2819.31201171875,2403.192626953125,974.5262451171875,1416.56298828125,1807.133544921875,5347.89697265625,1126.474365234375,10293.9033203125,1089.94873046875,223.37229919433594,864.5499877929688,1210.4658203125,567.2560424804688,1124.6563720703125,611.7207641601562,3386.740478515625,1184.496337890625,17.549999237060547
2023-09-13,2516.59765625,985.7999877929688,1012.8021850585938,739.2940063476562,18873.423828125,4490.1953125,1205.2957763671875,551.7769775390625,3711.0712890625,1133.832275390625,971.8414916992188,1174.8258056640625,800.062744140625,2795.366943359375,2410.59765625,973.8375244140625,1413.9678955078125,1820.50341796875,5380.5830078125,1133.4503173828125,10264.306640625,1083.211669921875,225.3200225830078,838.25,1216.52099609375,575.0656127929688,1128.093505859375,616.7462158203125,3374.49267578125,1179.2567138671875,17.700000762939453
2023-09-14,2517.497314453125,983.7999877929688,1019.2416381835938,741.113525390625,18997.853515625,4457.1640625,1210.446533203125,553.6795654296875,3777.41015625,1134.96826171875,974.6494140625,1182.518310546875,799.5760498046875,2799.10107421875,2405.06787109375,971.7714233398438,1422.0833740234375,1817.4603271484375,5341.2421875,1143.4935302734375,10278.76171875,1097.760498046875,226.0801239013672,856.5499877929688,1217.6376953125,575.8851318359375,1123.2325439453125,615.4651489257812,3367.115478515625,1197.4544677734375,17.5
2023-09-15,2537.728515625,1006.4500122070312,1025.4815673828125,740.9058227539062,19168.2890625,4416.7265625,1212.16357421875,551.7769775390625,3775.03564453125,1149.75634765625,970.2921752929688,1201.864501953125,808.75,2861.134521484375,2375.158203125,976.44482421875,1426.4715576171875,1809.8275146484375,5374.46337890625,1138.5955810546875,10315.12109375,1104.8226318359375,224.41741943359375,885.1500244140625,1219.89599609375,577.3313598632812,1129.1246337890625,624.97412109375,3403.29248046875,1216.354248046875,18.299999237060547
2023-09-18,2500.162841796875,1004.9500122070312,1023.08544921875,746.4882202148438,19092.35546875,4478.4541015625,1217.1181640625,551.9232788085938,3745.15576171875,1131.6787109375,961.8194580078125,1202.233154296875,792.8353881835938,2907.6240234375,2393.3828125,974.2311401367188,1407.7867431640625,1794.3123779296875,5355.95849609375,1127.56298828125,10312.0341796875,1114.4483642578125,229.1680145263672,873.2000122070312,1209.274658203125,582.2967529296875,1127.01318359375,631.280517578125,3410.716552734375,1206.7640380859375,18.549999237060547
2023-09-20,2468.042236328125,1008.9500122070312,1025.63134765625,745.533935546875,18827.904296875,4411.416015625,1216.2840576171875,547.532470703125,3739.516357421875,1109.3631591796875,958.7208251953125,1191.546630859375,761.0304565429688,2858.333740234375,2372.41748046875,971.2302856445312,1406.323974609375,1785.4322509765625,5316.81201171875,1137.457763671875,10140.1845703125,1107.652587890625,229.6905517578125,853.3499755859375,1182.3240966796875,579.5489501953125,1132.414306640625,629.1619262695312,3410.6220703125,1192.30859375,18.0
2023-09-21,2476.98388671875,1023.4500122070312,1012.8021850585938,740.11474609375,18703.5703125,4441.76806640625,1183.6131591796875,546.5568237304688,3707.064208984375,1119.92333984375,956.2031860351562,1177.359375,755.9932861328125,2801.4814453125,2378.66845703125,943.8294067382812,1417.1763916015625,1751.7581787109375,5239.78125,1115.4417724609375,10078.9814453125,1100.4857177734375,227.03024291992188,841.0499877929688,1173.7127685546875,567.063232421875,1125.540283203125,617.8793334960938,3390.996826171875,1208.494873046875,17.700000762939453
2023-09-22,2462.64697265625,1018.7999877929688,1016.595947265625,738.843994140625,18636.705078125,4447.7119140625,1163.5003662109375,547.6788330078125,3665.7568359375,1090.0013427734375,954.89599609375,1173.3980712890625,744.4588623046875,2821.785888671875,2387.420166015625,934.9744873046875,1411.8917236328125,1752.5064697265625,5272.17724609375,1085.9056396484375,10324.82421875,1100.436767578125,226.0801239013672,850.0,1168.823974609375,576.7047119140625,1111.98828125,611.3759155273438,3408.352294921875,1221.31298828125,17.649999618530273
2023-09-25,2479.83154296875,1013.7999877929688,1017.2948608398438,773.3072509765625,18623.349609375,4452.97314453125,1157.0740966796875,540.8486938476562,3688.9580078125,1074.53173828125,945.8907470703125,1163.955078125,745.1158447265625,2776.976318359375,2381.072998046875,940.9269409179688,1391.130615234375,1780.393798828125,5223.2197265625,1098.8680419921875,10376.814453125,1105.6259765625,227.6953125,848.4500122070312,1161.6273193359375,572.7516479492188,1103.837646484375,609.6514892578125,3383.2880859375,1215.792724609375,17.450000762939453
2023-09-26,2455.70361328125,1012.2999877929688,1012.5026245117188,778.3308715820312,18660.439453125,4482.30224609375,1141.670654296875,541.9707641601562,3713.98974609375,1080.26123046875,947.6821899414062,1162.1123046875,748.3523559570312,2832.66162109375,2384.053955078125,933.4003295898438,1378.3909912109375,1760.13916015625,5209.5712890625,1098.8680419921875,10345.89453125,1123.53955078125,228.21786499023438,852.2999877929688,1162.644775390625,573.089111328125,1105.6053466796875,610.7354125976562,3391.375,1199.7469482421875,17.350000381469727
2023-09-27,2481.030517578125,1018.75,1023.53466796875,775.0576171875,18733.498046875,4508.80615234375,1158.202392578125,547.3861694335938,3728.039306640625,1085.9315185546875,968.2102661132812,1161.7899169921875,743.0960693359375,2806.522705078125,2405.981201171875,927.890625,1384.38330078125,1761.1868896484375,5281.30810546875,1120.4385986328125,10467.5166015625,1117.0660400390625,227.36277770996094,853.2000122070312,1175.747802734375,568.6058349609375,1119.45166015625,611.080322265625,3394.780517578125,1205.68798828125,17.350000381469727
2023-09-28,2472.98779296875,1012.4500122070312,1029.2254638671875,765.31201171875,18832.142578125,4408.63916015625,1142.0631103515625,533.9697875976562,3626.131591796875,1072.6251220703125,959.1566162109375,1144.1024169921875,741.5630493164062,2772.5888671875,2366.166259765625,927.398681640625,1358.3848876953125,1729.30859375,5114.23046875,1121.13134765625,10354.419921875,1100.7274169921875,225.2250213623047,854.4000244140625,1158.4757080078125,568.7987060546875,1111.9393310546875,605.1187744140625,3345.077880859375,1150.345947265625,17.25
2023-09-29,2411.693603515625,987.1500244140625,1035.015869140625,772.4073486328125,18539.6640625,4420.91650390625,1163.7457275390625,538.2141723632812,3725.219482421875,1103.8214111328125,960.17333984375,1137.5611572265625,742.8284301757812,2854.03955078125,2371.21533203125,936.5487670898438,1354.610107421875,1731.802978515625,5060.75537109375,1158.929443359375,10398.7666015625,1099.1865234375,233.30099487304688,857.7000122070312,1163.8856201171875,577.09033203125,1137.8154296875,620.9833374023438,3337.36962890625,1144.077392578125,17.25
2023-10-03,2385.068115234375,973.9500122070312,1039.3590087890625,787.9182739257812,18289.298828125,4380.28515625,1160.4588623046875,540.1656494140625,3684.951171875,1079.0657958984375,961.43212890625,1141.154052734375,733.9464111328125,2815.15771484375,2374.388671875,925.1358032226562,1353.24169921875,1723.1724853515625,5063.572265625,1161.848388671875,10140.33203125,1089.8267822265625,229.1680145263672,876.5999755859375,1150.5592041015625,581.3325805664062,1120.9248046875,611.3759155273438,3323.4189453125,1137.9022216796875,17.200000762939453
2023-10-04,2462.697021484375,971.9000244140625,993.9328002929688,776.6893920898438,18269.31640625,4416.3857421875,1145.0064697265625,541.8731689453125,3668.42822265625,1070.3927001953125,959.0596923828125,1141.9371337890625,744.4102172851562,2790.37255859375,2411.84814453125,915.0510864257812,1363.0089111328125,1718.1837158203125,5037.783203125,1139.3870849609375,9927.6142578125,1122.5946044921875,223.41978454589844,863.0999755859375,1148.5738525390625,565.2313232421875,1103.59228515625,604.6260375976562,3346.023681640625,1127.42333984375,17.200000762939453
2023-10-05,2464.095947265625,959.6500244140625,1001.6203002929688,776.3778076171875,18452.66796875,4417.74951171875,1139.168701171875,537.3848876953125,3657.990234375,1068.30810546875,945.648681640625,1138.159912109375,747.4276123046875,2816.137939453125,2423.099853515625,925.6769409179688,1381.0333251953125,1730.3563232421875,5076.68603515625,1137.111328125,10006.3125,1119.2979736328125,222.1846466064453,895.0999755859375,1148.5491943359375,570.9197998046875,1098.9765625,610.5382690429688,3394.827392578125,1127.984619140625,17.149999618530273
2023-10-06,2475.835205078125,961.25,999.3240356445312,807.7902221679688,18816.7421875,4422.18359375,1141.0328369140625,533.8721923828125,3682.329345703125,1071.7952880859375,940.8555908203125,1140.2327880859375,746.600341796875,2836.06884765625,2403.721435546875,929.9568481445312,1395.42431640625,1739.984619140625,5089.2666015625,1142.8997802734375,10096.3759765625,1118.98291015625,223.79983520507812,928.2999877929688,1150.4847412109375,572.9445190429688,1107.029296875,613.3466796875,3425.140625,1138.557373046875,17.299999237060547
2023-10-09,2440.36767578125,938.9500122070312,994.6316528320312,793.8616333007812,18770.63671875,4406.6416015625,1137.5989990234375,528.603271484375,3666.004150390625,1085.6153564453125,935.8204345703125,1151.1956787109375,737.937255859375,2758.67919921875,2415.165771484375,923.4632568359375,1392.357421875,1715.43994140625,5057.45361328125,1137.3587646484375,10040.26953125,1117.498291015625,222.9922332763672,905.2000122070312,1140.6822509765625,564.12255859375,1102.855712890625,608.3212280273438,3441.172119140625,1134.580810546875,16.899999618530273
2023-10-10,2496.016845703125,939.75,1010.6056518554688,799.3895874023438,19220.09765625,4413.9013671875,1133.233154296875,530.65234375,3674.265625,1082.3948974609375,944.051025390625,1162.4349365234375,742.1227416992188,2778.936767578125,2419.878173828125,935.8600463867188,1410.9481201171875,1752.1572265625,5115.638671875,1143.2955322265625,10167.87109375,1121.7080078125,224.13238525390625,949.7000122070312,1145.719970703125,570.437744140625,1106.2435302734375,621.3281860351562,3432.23388671875,1148.7086181640625,17.049999237060547
2023-10-11,2486.32568359375,962.4500122070312,1017.444580078125,801.2042236328125,19200.9453125,4438.2607421875,1149.8138427734375,530.5547485351562,3710.7744140625,1099.988525390625,954.6055297851562,1147.5106201171875,749.3013305664062,2894.741455078125,2458.5390625,937.7293701171875,1410.2403564453125,1767.4228515625,5094.36572265625,1147.6492919921875,10204.2294921875,1133.13623046875,226.7926788330078,971.75,1163.910400390625,567.2560424804688,1108.4530029296875,624.727783203125,3414.26318359375,1152.310791015625,17.049999237060547
2023-10-12,2504.0595703125,948.6500244140625,1016.795654296875,792.5364379882812,19939.423828125,4443.912109375,1136.029296875,527.8714599609375,3715.424560546875,1092.5994873046875,946.0359497070312,1127.3812255859375,754.2898559570312,2882.97900390625,2459.1162109375,938.86083984375,1382.9678955078125,1759.889892578125,5007.232421875,1160.5125732421875,10369.66015625,1126.938720703125,229.54803466796875,957.5499877929688,1166.0693359375,565.0384521484375,1110.073486328125,627.6345825195312,3350.5634765625,1121.57568359375,17.100000381469727
2023-10-13,2452.306640625,948.9000244140625,992.4352416992188,796.22998046875,20011.3125,4457.50439453125,1145.6932373046875,525.7736206054688,3695.735595703125,1078.7696533203125,951.7974243164062,1156.9996337890625,747.4276123046875,2892.500732421875,2471.08935546875,935.9584350585938,1350.55224609375,1758.0439453125,4949.337890625,1175.404296875,10513.3818359375,1150.3416748046875,229.9755859375,933.0999755859375,1166.019775390625,555.4934692382812,1124.7054443359375,657.3436279296875,3377.33056640625,1117.22509765625,17.100000381469727
2023-10-16,2427.1298828125,938.7999877929688,1003.1677856445312,794.682373046875,20152.263671875,4468.56396484375,1142.406494140625,523.9197387695312,3616.435546875,1085.26953125,955.2832641601562,1170.5882568359375,744.4345092773438,2950.89306640625,2460.366455078125,936.056884765625,1353.3834228515625,1745.821533203125,5014.712890625,1185.6949462890625,10490.79296875,1128.5697021484375,231.30577087402344,937.8499755859375,1163.4140625,555.0113525390625,1114.8853759765625,656.4568481445312,3333.06640625,1108.336669921875,17.049999237060547
2023-10-17,2426.180419921875,948.6500244140625,1006.4124755859375,800.319091796875,19822.0625,4482.49755859375,1151.3345947265625,527.1396484375,3607.927001953125,1095.3455810546875,965.54736328125,1176.576171875,750.0800170898438,2962.048583984375,2458.298828125,938.5165405273438,1361.2159423828125,1767.5726318359375,5064.5439453125,1185.0517578125,10536.16796875,1139.1553955078125,233.68104553222656,941.5499877929688,1168.972900390625,555.7826538085938,1116.3583984375,646.1103515625,3316.988037109375,1120.499755859375,17.100000381469727
2023-10-18,2404.15087890625,939.0499877929688,991.2371826171875,777.9254760742188,19613.267578125,4489.6591796875,1187.73388671875,521.0413208007812,3602.583984375,1121.6915283203125,967.7744140625,1169.482421875,739.640625,2943.56494140625,2450.701171875,928.5301513671875,1359.4229736328125,1749.4632568359375,5007.669921875,1178.521240234375,10573.06640625,1136.1102294921875,229.9281005859375,947.9500122070312,1153.4627685546875,552.1189575195312,1132.6597900390625,658.7232055664062,3298.260986328125,1110.67578125,17.049999237060547
2023-10-19,2400.004638671875,933.0,989.7896118164062,775.4531860351562,19721.61328125,4484.5439453125,1200.1939697265625,512.8939819335938,3599.170654296875,1112.49462890625,952.7173461914062,1167.5478515625,737.3045654296875,3048.77392578125,2450.55712890625,920.6591796875,1352.91162109375,1734.5467529296875,5301.60986328125,1187.376953125,10556.6513671875,1178.5699462890625,227.5527801513672,968.4500122070312,1144.603271484375,550.720947265625,1120.9737548828125,659.018798828125,3276.829833984375,1096.688232421875,17.049999237060547
2023-10-20,2391.562255859375,920.1500244140625,978.7575073242188,768.2984619140625,19581.68359375,4462.6689453125,1177.5301513671875,512.0646362304688,3516.605712890625,1100.3243408203125,956.8326416015625,1170.5704345703125,741.1250610351562,2997.80322265625,2399.634033203125,917.7075805664062,1346.871826171875,1765.6268310546875,5261.20068359375,1167.2410888671875,10511.5205078125,1185.7662353515625,228.97796630859375,987.6500244140625,1141.104248046875,542.9113159179688,1121.6611328125,653.5006713867188,3313.71728515625,1095.331298828125,17.299999237060547
2023-10-23,2306.539794921875,880.7999877929688,962.7335815429688,771.2355346679688,19325.2265625,4414.53466796875,1161.4400634765625,508.6982727050781,3463.8212890625,1096.8966064453125,949.7639770507812,1150.15576171875,732.9730224609375,2940.484619140625,2388.429931640625,914.9527587890625,1329.3193359375,1736.841796875,5052.8876953125,1155.713623046875,10342.9541015625,1181.7637939453125,224.7499542236328,923.7000122070312,1123.2860107421875,533.125244140625,1102.266357421875,637.8825073242188,3233.684814453125,1081.5311279296875,16.350000381469727
2023-10-25,2254.93701171875,876.1500244140625,953.89794921875,760.9064331054688,19198.896484375,4417.603515625,1135.5877685546875,505.3320007324219,3406.93115234375,1089.369140625,944.099365234375,1143.041015625,728.3252563476562,2932.08251953125,2382.467529296875,901.3260498046875,1309.6279296875,1724.170166015625,5055.12158203125,1131.669189453125,10377.451171875,1184.9359130859375,220.47442626953125,916.5,1120.680419921875,536.2587280273438,1100.155029296875,628.5214233398438,3214.672607421875,1068.6195068359375,16.0
2023-10-26,2201.186279296875,848.1500244140625,970.4710083007812,733.9439086914062,19152.44921875,4392.318359375,1129.1123046875,496.1113586425781,3370.274169921875,1071.2125244140625,933.2543334960938,1145.6451416015625,712.2158813476562,2905.103515625,2381.601806640625,893.9962768554688,1299.495361328125,1691.0447998046875,5022.5322265625,1129.59130859375,10216.0400390625,1149.914306640625,220.09439086914062,875.9500122070312,1105.07080078125,527.3885498046875,1083.853515625,617.38671875,3164.082763671875,1043.638427734375,15.899999618530273
2023-10-27,2259.633056640625,870.9000244140625,1001.12109375,742.38916015625,19244.37109375,4398.6513671875,1152.0703125,511.8206481933594,3375.765380859375,1066.34228515625,955.9610595703125,1179.9639892578125,715.0143432617188,2905.337158203125,2387.03564453125,898.0301513671875,1319.4736328125,1698.8770751953125,5042.52294921875,1119.7459716796875,10349.86328125,1174.8875732421875,224.79747009277344,896.3499755859375,1124.5765380859375,541.03125,1091.3167724609375,631.6746215820312,3177.548095703125,1048.41015625,15.949999809265137
2023-10-30,2296.998779296875,915.25,987.5931396484375,741.978759765625,18986.49609375,4347.30224609375,1170.90771484375,510.74737548828125,3367.305908203125,1056.07861328125,947.1980590820312,1176.2904052734375,722.7769775390625,2903.60986328125,2384.005859375,909.9841918945312,1316.3192138671875,1713.6439208984375,5021.26416015625,1128.3544921875,10190.1181640625,1180.49169921875,222.89723205566406,922.5999755859375,1147.7550048828125,544.9360961914062,1095.146728515625,619.3081665039062,3203.719970703125,1054.351318359375,15.949999809265137
2023-10-31,2292.552734375,911.6500244140625,980.2550659179688,740.9503173828125,18960.03125,4313.10107421875,1177.3341064453125,516.0651245117188,3352.415771484375,1060.4647216796875,960.4154052734375,1186.753662109375,718.591552734375,2883.072265625,2388.910888671875,900.5881958007812,1308.050537109375,1735.4947509765625,4934.6708984375,1116.2828369140625,10184.8251953125,1183.5733642578125,224.03738403320312,920.75,1135.5452880859375,545.2734985351562,1069.0250244140625,619.4559936523438,3194.4267578125,1060.198974609375,15.949999809265137
2023-11-01,2215.2734375,880.25,970.2213745117188,738.8983764648438,18869.818359375,4284.64892578125,1178.5604248046875,504.55145263671875,3310.564208984375,1056.2960205078125,943.7605590820312,1170.89599609375,717.6181030273438,2886.899658203125,2377.610595703125,899.3091430664062,1294.42919921875,1720.5284423828125,4874.50341796875,1120.83447265625,10023.560546875,1172.6634521484375,220.9969940185547,913.3499755859375,1140.2603759765625,546.0930786132812,1096.128662109375,618.5198974609375,3158.29833984375,1052.6671142578125,16.0
2023-11-02,2213.275390625,892.0999755859375,981.353271484375,736.6436767578125,18963.0546875,4411.27001953125,1185.6734619140625,517.5287475585938,3308.239013671875,1054.725341796875,959.7376098632812,1184.3355712890625,718.7131958007812,2849.231689453125,2409.14404296875,905.114013671875,1309.7235107421875,1733.7984619140625,4895.32275390625,1156.90087890625,10097.8955078125,1184.408447265625,223.51480102539062,921.25,1151.57666015625,551.588623046875,1112.479248046875,627.1419067382812,3186.224609375,1054.9368896484375,16.049999237060547
2023-11-03,2227.81201171875,902.7000122070312,987.2437133789062,732.9254150390625,19026.853515625,4423.2548828125,1183.56396484375,522.5050048828125,3315.164794921875,1039.818603515625,988.3510131835938,1177.685546875,722.1199340820312,2884.05224609375,2430.893310546875,918.7406616210938,1327.7899169921875,1729.3585205078125,5007.36865234375,1174.0684814453125,10071.140625,1178.869873046875,224.80984497070312,904.0499877929688,1151.3284912109375,557.4217529296875,1120.5810546875,638.0303344726562,3177.50048828125,1071.5811767578125,16.450000762939453
2023-11-06,2243.947265625,926.5,1007.7603149414062,747.8133544921875,19071.30078125,4505.15185546875,1181.3565673828125,524.8955078125,3469.51025390625,1054.646240234375,992.7083129882812,1180.894287109375,727.351806640625,2956.401123046875,2419.4130859375,930.2028198242188,1341.41162109375,1736.29296875,5021.70263671875,1186.6844482421875,10079.51953125,1193.1396484375,226.248779296875,880.6500244140625,1160.9075927734375,553.7579956054688,1129.321044921875,636.6015014648438,3205.331787109375,1080.1400146484375,16.700000762939453
2023-11-07,2231.308837890625,932.1500244140625,1019.2416381835938,741.2420654296875,19259.0390625,4535.94287109375,1193.4732666015625,523.09033203125,3444.478759765625,1067.7352294921875,988.9804077148438,1184.8470458984375,723.8233032226562,2922.18701171875,2418.49267578125,932.8099975585938,1342.367431640625,1747.3182373046875,5058.07666015625,1177.185302734375,10048.599609375,1197.0670166015625,229.4144287109375,881.6500244140625,1153.3634033203125,558.96435546875,1149.894287109375,635.56689453125,3196.0390625,1086.6180419921875,16.799999237060547
2023-11-08,2257.884521484375,946.6500244140625,1020.0403442382812,737.7166137695312,19151.0859375,4550.9482421875,1217.5595703125,526.1638793945312,3453.8779296875,1077.4556884765625,983.3158569335938,1178.9876708984375,725.9161376953125,2923.91455078125,2440.677734375,920.6591796875,1329.6539306640625,1742.329345703125,5103.3720703125,1198.3602294921875,10116.2216796875,1192.746826171875,227.06419372558594,896.1500244140625,1159.3690185546875,559.49462890625,1155.540771484375,633.1527099609375,3206.564697265625,1077.3028564453125,17.950000762939453
2023-11-09,2212.625732421875,938.0999755859375,1020.2400512695312,730.472900390625,19041.958984375,4532.921875,1214.763427734375,521.87060546875,3461.3974609375,1078.324951171875,961.3238525390625,1178.8482666015625,723.044677734375,2962.935791015625,2399.359619140625,922.2333374023438,1314.16845703125,1741.0322265625,5124.1435546875,1191.879150390625,10192.71484375,1190.0550537109375,228.26329040527344,894.5499877929688,1146.787109375,557.6145629882812,1155.0499267578125,639.8532104492188,3174.229248046875,1062.927978515625,18.350000381469727
2023-11-10,2203.084716796875,938.7000122070312,1027.5281982421875,736.2184448242188,19078.466796875,4562.00732421875,1216.6766357421875,523.0966796875,3456.153564453125,1071.7952880859375,957.8206787109375,1167.640869140625,725.8917846679688,2898.80224609375,2408.902099609375,923.4632568359375,1308.480712890625,1741.5311279296875,5131.408203125,1167.73583984375,10181.39453125,1185.6561279296875,232.86790466308594,894.1500244140625,1148.9461669921875,558.7233276367188,1158.1431884765625,641.5283813476562,3160.953369140625,1076.357177734375,18.299999237060547
2023-11-13,2211.626708984375,940.1500244140625,1023.6844482421875,727.9166870117188,18984.83984375,4576.03857421875,1217.1181640625,519.9091186523438,3472.775390625,1070.797607421875,954.3175659179688,1172.802734375,724.5776977539062,2911.498291015625,2400.764404296875,919.3801879882812,1312.9735107421875,1744.27490234375,5130.38427734375,1160.908447265625,10190.8037109375,1183.1337890625,235.69778442382812,894.6500244140625,1148.79736328125,560.5069580078125,1156.6212158203125,643.6962280273438,3159.15185546875,1069.9263916015625,19.399999618530273
2023-11-15,2223.3662109375,950.1500244140625,1039.658447265625,714.4131469726562,19224.630859375,4590.11767578125,1218.29541015625,515.887939453125,3499.3408203125,1070.8173828125,961.2264404296875,1187.3582763671875,732.1700439453125,2966.623291015625,2408.756591796875,925.9229125976562,1348.2939453125,1765.527099609375,5267.44140625,1157.93994140625,10247.302734375,1187.46630859375,237.23265075683594,919.0999755859375,1169.5684814453125,563.7369384765625,1159.6654052734375,661.728515625,3228.137451171875,1110.0244140625,20.350000381469727
2023-11-16,2203.8837890625,941.3499755859375,1024.682861328125,728.0748291015625,20069.505859375,4581.640625,1211.476806640625,524.6168823242188,3510.61962890625,1095.375244140625,953.441650390625,1219.352294921875,734.0924072265625,3062.0302734375,2413.40673828125,920.9051513671875,1381.1767578125,1768.86962890625,5382.3642578125,1181.440185546875,10275.1845703125,1182.9888916015625,242.0771026611328,905.3499755859375,1171.6778564453125,563.688720703125,1168.159912109375,670.4491577148438,3316.846435546875,1141.658203125,20.149999618530273
2023-11-17,2206.78125,936.0999755859375,992.7347412109375,714.0867919921875,20130.671875,4597.42578125,1225.8009033203125,530.305419921875,3562.662109375,1108.6717529296875,970.13037109375,1217.5849609375,732.5106811523438,3113.094482421875,2449.83251953125,906.9833374023438,1374.151123046875,1760.63818359375,5381.388671875,1183.7159423828125,10313.4052734375,1197.241455078125,241.3576202392578,888.4000244140625,1169.121826171875,542.8630981445312,1173.118896484375,671.582275390625,3321.208251953125,1137.4498291015625,20.799999237060547
2023-11-20,2147.88525390625,926.2000122070312,987.093994140625,699.0159301757812,20059.8046875,4591.287109375,1223.54443359375,532.75732421875,3633.9970703125,1107.2095947265625,970.5682983398438,1232.698486328125,732.559326171875,3123.923583984375,2428.180419921875,906.58984375,1373.242919921875,1766.5748291015625,5418.05517578125,1185.892822265625,10355.302734375,1193.7783203125,240.8300018310547,901.3499755859375,1166.0445556640625,543.5380249023438,1166.6375732421875,664.4383544921875,3337.470947265625,1146.008544921875,20.149999618530273
2023-11-21,2194.642333984375,926.5999755859375,990.1889038085938,702.4326171875,20195.25,4579.3505859375,1229.5782470703125,530.4524536132812,3682.131591796875,1115.56689453125,973.5362548828125,1233.814453125,738.7645874023438,3152.0693359375,2427.018310546875,911.164794921875,1375.537109375,1763.2322998046875,5383.095703125,1208.7003173828125,10324.82421875,1197.2611083984375,239.82273864746094,912.4500122070312,1180.7109375,541.3687133789062,1179.7967529296875,671.7301025390625,3328.556884765625,1139.1048583984375,19.700000762939453
2023-11-22,2170.664306640625,914.4500122070312,996.4786376953125,704.9246215820312,20295.796875,4573.94384765625,1247.4835205078125,530.599609375,3662.4423828125,1119.1429443359375,981.4669189453125,1236.6976318359375,736.1365356445312,3186.70361328125,2443.148193359375,907.8688354492188,1393.5079345703125,1741.730712890625,5415.66552734375,1205.7813720703125,10285.0341796875,1196.15087890625,243.32415771484375,918.75,1185.3267822265625,538.9100952148438,1182.4481201171875,671.2374877929688,3347.474853515625,1149.4130859375,19.200000762939453
2023-11-23,2173.26171875,930.7000122070312,997.4271240234375,699.5153198242188,20672.0546875,4585.24560546875,1148.5384521484375,529.9620971679688,3649.38232421875,1115.2113037109375,983.6563720703125,1236.046875,740.3950805664062,3330.840576171875,2441.21044921875,908.1148071289062,1385.3350830078125,1735.39501953125,5335.41015625,1185.5465087890625,10279.1044921875,1198.2362060546875,242.4608154296875,923.4000244140625,1188.9500732421875,539.874267578125,1177.2435302734375,670.0057373046875,3326.708251953125,1145.1573486328125,20.149999618530273
2023-11-24,2223.416015625,937.9000244140625,1006.86181640625,694.2889404296875,20505.3203125,4525.17529296875,1176.0096435546875,527.0197143554688,3724.873291015625,1115.507568359375,982.3427124023438,1217.5849609375,745.6511840820312,3312.730224609375,2436.6572265625,914.41162109375,1374.0076904296875,1740.08447265625,5336.62939453125,1230.1224365234375,10305.712890625,1185.7420654296875,243.56398010253906,892.5499877929688,1188.1558837890625,540.2598876953125,1173.95361328125,663.84716796875,3278.205078125,1132.81591796875,19.799999237060547
2023-11-28,2421.28515625,1052.800048828125,1019.4912719726562,704.8455200195312,20736.6796875,4592.70068359375,1169.779541015625,523.5380249023438,3720.2724609375,1121.3656005859375,974.8012084960938,1224.560546875,743.97216796875,3381.251220703125,2432.152587890625,910.5745239257812,1379.0738525390625,1738.3382568359375,5343.11376953125,1231.8541259765625,10327.1748046875,1189.654541015625,247.06539916992188,888.6500244140625,1188.404052734375,544.212890625,1169.9273681640625,687.2990112304688,3290.579833984375,1137.1190185546875,19.75
2023-11-29,2394.40966796875,1041.699951171875,1058.4278564453125,705.09765625,21117.12890625,4680.58935546875,1178.8548583984375,524.3226318359375,3690.19482421875,1129.179443359375,974.168701171875,1240.6502685546875,758.8160400390625,3497.849365234375,2446.19970703125,924.4470825195312,1395.228515625,1749.51318359375,5449.64990234375,1236.40576171875,10387.6435546875,1182.232421875,247.8807830810547,867.3499755859375,1191.5308837890625,548.214111328125,1180.582275390625,701.9318237304688,3331.923583984375,1155.37109375,19.850000381469727
2023-11-30,2356.39453125,1028.800048828125,1072.5048828125,704.2867431640625,21054.404296875,4728.333984375,1189.40185546875,527.7063598632812,3748.51953125,1143.5625,981.0777587890625,1247.114501953125,758.6456909179688,3565.203857421875,2466.0595703125,919.8721313476562,1390.974853515625,1751.5086669921875,5399.13671875,1267.426025390625,10396.9052734375,1190.5167236328125,250.66273498535156,875.8499755859375,1179.9913330078125,544.502197265625,1203.8070068359375,696.0689086914062,3307.126953125,1154.6617431640625,19.350000381469727
2023-12-01,2360.54052734375,1026.5,1102.8555908203125,717.8792114257812,21526.189453125,4843.408203125,1182.92626953125,530.7467041015625,3752.477294921875,1135.9066162109375,997.81494140625,1243.2081298828125,756.990966796875,3510.078857421875,2483.59423828125,931.4326171875,1388.2506103515625,1746.56982421875,5438.484375,1283.0103759765625,10374.3642578125,1195.54931640625,258.0013427734375,870.6500244140625,1188.3544921875,551.2511596679688,1209.1099853515625,695.1328125,3329.932373046875,1154.283447265625,19.299999237060547
2023-12-04,2528.88671875,1123.75,1123.771484375,732.544677734375,21390.599609375,4811.25390625,1193.5223388671875,536.4842529296875,3757.820068359375,1137.2105712890625,1013.72509765625,1244.3707275390625,783.2720336914062,3544.712646484375,2521.03759765625,975.2149658203125,1399.7689208984375,1814.4671630859375,5438.8251953125,1247.2901611328125,10387.83984375,1198.7027587890625,263.6131591796875,855.4000244140625,1201.2093505859375,573.37841796875,1209.01171875,695.2805786132812,3330.690673828125,1157.45166015625,19.549999237060547
2023-12-05,2956.6455078125,1348.5,1130.6103515625,726.8238525390625,21106.455078125,4821.630859375,1201.3221435546875,541.3881225585938,3701.473876953125,1141.2508544921875,1017.909423828125,1225.397705078125,790.2316284179688,3553.72119140625,2483.206787109375,997.1061401367188,1389.8277587890625,1824.3447265625,5351.30517578125,1244.9647216796875,10507.845703125,1208.8267822265625,273.8296203613281,839.4000244140625,1209.919921875,586.4425659179688,1217.2607421875,698.5816040039062,3348.85009765625,1154.3306884765625,19.600000381469727
2023-12-06,2881.314208984375,1563.449951171875,1118.6798095703125,734.4681396484375,21047.580078125,4874.978515625,1182.435791015625,539.4756469726562,3694.84521484375,1132.1429443359375,1010.7571411132812,1236.5582275390625,792.22705078125,3511.059326171875,2487.46923828125,987.0706176757812,1409.2803955078125,1817.3106689453125,5499.7236328125,1230.41943359375,10413.6142578125,1226.4908447265625,269.6567077636719,813.0499877929688,1221.5091552734375,586.6353759765625,1218.04638671875,711.8841552734375,3417.598388671875,1158.680908203125,19.75
2023-12-07,2884.51123046875,1624.1500244140625,1116.0341796875,730.9179077148438,21119.126953125,4887.4990234375,1199.703369140625,535.3073120117188,3694.74609375,1142.9599609375,991.733154296875,1235.11669921875,793.5167236328125,3521.887939453125,2439.612060546875,982.88916015625,1401.250732421875,1822.748291015625,5428.87890625,1235.861572265625,10483.099609375,1226.822509765625,272.24676513671875,661.3499755859375,1219.4989013671875,589.7689208984375,1217.0152587890625,711.3915405273438,3427.8388671875,1156.8369140625,20.049999237060547
2023-12-08,2819.570556640625,1550.300048828125,1129.3624267578125,722.6506958007812,21080.4296875,4815.59033203125,1196.0732421875,536.9746704101562,3642.7041015625,1138.771484375,994.068603515625,1268.691650390625,804.5888671875,3468.769775390625,2443.53564453125,994.5480346679688,1425.38720703125,1834.322265625,5566.86328125,1226.3131103515625,10406.5576171875,1217.7030029296875,273.4458923339844,651.25,1218.8536376953125,592.131103515625,1213.5782470703125,704.0997314453125,3439.028564453125,1158.775634765625,19.899999618530273
2023-12-11,2853.18994140625,1530.0,1114.6864013671875,721.1821899414062,21337.279296875,4817.48974609375,1179.590576171875,539.9169311523438,3631.573486328125,1081.3970947265625,1015.0387573242188,1279.1083984375,803.5181884765625,3458.407470703125,2425.4677734375,1000.697265625,1422.8538818359375,1839.9097900390625,5627.27392578125,1216.7152099609375,10331.291015625,1230.1724853515625,275.6042785644531,656.6500244140625,1220.6405029296875,592.2274780273438,1219.077392578125,710.2582397460938,3454.390625,1166.34130859375,20.25
2023-12-12,2855.038330078125,1463.9000244140625,1129.162841796875,723.3380126953125,21186.09375,4777.44287109375,1176.0096435546875,538.4458618164062,3608.916259765625,1094.604736328125,1003.8482055664062,1279.1083984375,795.5364990234375,3498.082763671875,2424.595947265625,999.3198852539062,1410.953125,1820.2540283203125,5614.9384765625,1227.1046142578125,10132.001953125,1225.4420166015625,271.86309814453125,616.5499877929688,1203.1201171875,590.4437866210938,1196.09814453125,704.9373168945312,3482.079833984375,1159.5794677734375,21.299999237060547
2023-12-13,2872.42236328125,1427.699951171875,1113.0389404296875,717.7456665039062,21395.6171875,4793.2763671875,1193.5223388671875,537.023681640625,3617.22705078125,1106.123046875,1017.8607788085938,1273.43505859375,793.7357788085938,3606.5126953125,2433.46044921875,997.5488891601562,1385.0960693359375,1822.0997314453125,5585.19580078125,1238.7310791015625,10172.8193359375,1230.218994140625,282.0794982910156,600.0,1208.03369140625,597.626708984375,1210.9266357421875,709.765625,3407.59423828125,1150.0750732421875,21.200000762939453
2023-12-14,2891.405029296875,1508.300048828125,1118.6298828125,739.1257934570312,21505.037109375,4819.92578125,1181.896240234375,536.9255981445312,3644.138427734375,1101.12451171875,1016.4013061523438,1315.65966796875,803.1044921875,3625.509765625,2437.771484375,1016.9804077148438,1435.2327880859375,1849.687744140625,5796.60986328125,1243.1341552734375,10146.5068359375,1217.8846435546875,283.3745422363281,606.1500244140625,1223.0228271484375,601.2904663085938,1209.1590576171875,709.2236328125,3477.48046875,1196.036376953125,21.399999618530273
2023-12-15,2989.065673828125,1526.6500244140625,1118.530029296875,743.16552734375,21160.263671875,4788.0146484375,1184.2999267578125,529.3246459960938,3657.841796875,1104.305419921875,1014.1144409179688,1386.9951171875,806.2192993164062,3637.55224609375,2444.116943359375,1020.6699829101562,1508.7891845703125,1846.445068359375,5977.0126953125,1232.9920654296875,10081.0400390625,1196.914794921875,292.6797180175781,606.0999755859375,1238.63232421875,625.0084228515625,1213.529052734375,721.6886596679688,3661.20458984375,1235.188720703125,21.950000762939453
2023-12-18,2977.8759765625,1524.6500244140625,1109.544677734375,750.3400268554688,21415.943359375,4754.49658203125,1193.8167724609375,530.1092529296875,3673.672119140625,1104.62158203125,1002.8751220703125,1399.085693359375,805.8056030273438,3631.204345703125,2456.323486328125,1004.9771728515625,1495.3587646484375,1842.80322265625,5986.6669921875,1244.51953125,10113.576171875,1196.31787109375,290.8570556640625,615.7999877929688,1251.239013671875,625.24951171875,1230.223388671875,720.1119995117188,3659.49755859375,1221.617919921875,22.799999237060547
2023-12-19,2938.56201171875,1531.800048828125,1118.4302978515625,754.7950439453125,21336.158203125,4785.4326171875,1213.7332763671875,537.6611938476562,3684.40673828125,1113.7886962890625,1022.09375,1384.2049560546875,804.4428100585938,3567.817626953125,2480.736328125,999.0739135742188,1489.5758056640625,1842.4041748046875,5960.87451171875,1256.8385009765625,10029.29296875,1252.093017578125,297.0444641113281,622.7000122070312,1269.6527099609375,631.902099609375,1222.5633544921875,718.2891235351562,3618.72265625,1211.8770751953125,22.149999618530273
2023-12-20,2781.305908203125,1452.1500244140625,1108.446533203125,741.0789184570312,20951.6640625,4828.013671875,1212.850341796875,524.6658935546875,3581.608642578125,1102.2703857421875,1022.09375,1339.236572265625,806.4382934570312,3561.8896484375,2477.636474609375,990.415771484375,1468.6414794921875,1822.399169921875,5882.61767578125,1214.6866455078125,9879.984375,1232.8397216796875,285.532958984375,615.1500244140625,1254.2913818359375,613.6315307617188,1209.9937744140625,694.9357299804688,3584.443115234375,1180.810546875,20.5
2023-12-21,2797.191162109375,1519.550048828125,1093.6207275390625,728.5396118164062,21078.48046875,4929.982421875,1198.7713623046875,520.0562744140625,3594.174072265625,1097.400390625,1044.0372314453125,1322.5887451171875,820.8927612304688,3594.236572265625,2473.470703125,988.2020874023438,1468.25927734375,1848.540283203125,5959.21630859375,1243.57958984375,9812.9501953125,1233.7288818359375,289.6579284667969,638.5,1271.8614501953125,620.6697998046875,1211.3194580078125,698.4830322265625,3591.507568359375,1182.2291259765625,21.149999618530273
2023-12-22,2805.783447265625,1533.0999755859375,1086.5322265625,721.4343872070312,21087.935546875,5028.8818359375,1212.2615966796875,519.12451171875,3655.763916015625,1111.8624267578125,1045.3509521484375,1360.3953857421875,813.1788330078125,3674.100341796875,2495.171142578125,978.2649536132812,1493.9727783203125,1856.3228759765625,6074.33349609375,1251.7921142578125,10013.171875,1246.136962890625,290.47332763671875,642.2000122070312,1273.102294921875,613.9207763671875,1221.2869873046875,714.1012573242188,3626.119140625,1205.919189453125,21.049999237060547
2023-12-26,2862.8310546875,1600.199951171875,1092.4725341796875,708.2819213867188,21353.0234375,5101.81494140625,1221.4349365234375,520.3995361328125,3822.5263671875,1112.74169921875,1063.6451416015625,1356.1636962890625,818.8244018554688,3797.0927734375,2504.03564453125,979.052001953125,1475.8585205078125,1882.6136474609375,6104.17333984375,1269.15771484375,10065.6044921875,1255.64697265625,296.9964599609375,631.7999877929688,1279.554443359375,615.1741333007812,1225.067626953125,709.0265502929688,3599.141357421875,1212.397216796875,20.950000762939453
2023-12-27,2840.75146484375,1601.0999755859375,1104.5528564453125,715.2537841796875,21452.982421875,5083.1552734375,1216.333251953125,524.077392578125,3843.056396484375,1129.011474609375,1073.765380859375,1369.0916748046875,828.9718627929688,3794.15234375,2526.85009765625,986.0867919921875,1497.987548828125,1898.078857421875,6130.98974609375,1274.4512939453125,10083.09765625,1263.4276123046875,293.5910339355469,634.8499755859375,1283.9222412109375,625.2977294921875,1229.9287109375,730.0643310546875,3613.981201171875,1210.647705078125,20.950000762939453
2023-12-28,2807.33203125,1561.0,1106.05029296875,717.8099975585938,21544.85546875,5146.68505859375,1236.9857177734375,532.6592407226562,3898.16552734375,1157.471435546875,1082.57177734375,1369.46337890625,829.9208374023438,3895.860595703125,2551.5537109375,989.6779174804688,1493.73388671875,1917.0362548828125,6097.78564453125,1325.8548583984375,10066.5341796875,1289.4351806640625,301.12139892578125,634.0499877929688,1293.2034912109375,628.0455322265625,1239.4544677734375,742.874267578125,3603.265869140625,1216.132568359375,20.850000381469727
2023-12-29,2846.34619140625,1597.0,1100.5093994140625,724.6433715820312,21643.404296875,5201.68896484375,1222.759521484375,546.4881591796875,3862.498046875,1145.48876953125,1100.7686767578125,1363.5576171875,831.8675537109375,3864.400390625,2580.76220703125,980.5278930664062,1474.8548583984375,1903.81591796875,6138.54736328125,1309.03369140625,10096.6708984375,1305.6649169921875,298.4833984375,635.4500122070312,1282.97900390625,619.03076171875,1236.802734375,768.5432739257812,3597.102294921875,1203.5548095703125,21.450000762939453
2024-01-01,2914.53369140625,1598.4000244140625,1095.916748046875,721.8052368164062,21867.255859375,5183.51611328125,1227.3707275390625,546.7333374023438,3874.37060546875,1150.1810302734375,1114.0028076171875,1379.972900390625,826.4410400390625,3844.796142578125,2571.849609375,983.28271484375,1482.93212890625,1904.8636474609375,6106.318359375,1299.0399169921875,10078.0009765625,1344.573974609375,297.140380859375,646.0999755859375,1285.609619140625,618.3558349609375,1237.5885009765625,779.0374145507812,3613.886962890625,1226.7247314453125,22.649999618530273
2024-01-02,2929.7197265625,1603.550048828125,1091.47412109375,734.7598266601562,21770.658203125,5153.359375,1257.34375,546.1448974609375,3987.2607421875,1170.9554443359375,1127.967041015625,1366.7666015625,826.9276733398438,3816.463623046875,2532.178466796875,966.4092407226562,1466.729736328125,1860.8626708984375,5991.34765625,1379.6824951171875,9994.1591796875,1337.2425537109375,293.54302978515625,651.0999755859375,1296.255859375,616.52392578125,1272.891845703125,772.9281616210938,3587.430419921875,1208.708984375,23.200000762939453
2024-01-03,3000.25537109375,1697.25,1096.8154296875,730.2850341796875,21726.59765625,5119.20703125,1275.5924072265625,540.5054321289062,3987.8544921875,1171.963134765625,1136.6761474609375,1337.1905517578125,814.176513671875,3724.651123046875,2525.154541015625,968.1802978515625,1424.287841796875,1861.710693359375,5812.943359375,1391.60595703125,9876.45703125,1308.361572265625,293.73492431640625,673.7000122070312,1282.16015625,620.3805541992188,1275.248779296875,770.0213012695312,3500.712646484375,1176.6492919921875,22.899999618530273
2024-01-04,2995.5595703125,1692.5,1121.5751953125,762.0040893554688,21921.212890625,5223.953125,1272.1585693359375,555.3641967773438,3999.281982421875,1154.2410888671875,1169.6641845703125,1320.635498046875,822.9125366210938,3684.602294921875,2511.591796875,971.2302856445312,1445.9866943359375,1859.4158935546875,5720.64501953125,1384.28369140625,9815.3505859375,1331.9989013671875,304.1911926269531,668.7000122070312,1288.7860107421875,619.7056274414062,1289.3408203125,784.1121826171875,3477.0537109375,1179.770263671875,23.25
2024-01-05,3003.852294921875,1674.0,1135.1031494140625,762.5579223632812,22118.94140625,5137.2822265625,1262.5927734375,558.1102905273438,3972.17236328125,1152.947021484375,1187.0340576171875,1332.586669921875,818.7026977539062,3725.0712890625,2538.233154296875,977.6746215820312,1464.9613037109375,1843.4517822265625,5799.8759765625,1374.8341064453125,9817.017578125,1309.776123046875,302.12872314453125,685.1500244140625,1294.2705078125,618.934326171875,1276.820068359375,779.3823852539062,3544.474365234375,1180.5269775390625,24.0
2024-01-08,2960.79150390625,1680.050048828125,1120.1773681640625,765.0152587890625,21899.66796875,5044.7158203125,1247.728759765625,542.6140747070312,3892.42724609375,1138.267578125,1143.77978515625,1346.6307373046875,809.577392578125,3742.9951171875,2497.738525390625,966.1632690429688,1455.641357421875,1822.0,5700.3623046875,1367.808837890625,9748.1220703125,1286.64013671875,303.567626953125,690.5499877929688,1284.1702880859375,604.5203247070312,1281.82861328125,777.5593872070312,3487.958984375,1162.2274169921875,24.200000762939453
2024-01-09,3011.844970703125,1683.4000244140625,1114.736328125,763.9719848632812,22180.30078125,4991.17333984375,1264.996337890625,537.31787109375,3942.3916015625,1135.9857177734375,1131.42138671875,1358.25634765625,803.2747802734375,3839.1484375,2499.191650390625,963.9495849609375,1461.8546142578125,1822.548828125,5762.57666015625,1381.6121826171875,9823.9755859375,1273.5247802734375,306.73333740234375,685.7000122070312,1280.7705078125,602.9777221679688,1300.1920166015625,788.1029052734375,3498.958251953125,1168.563720703125,24.200000762939453
2024-01-10,3095.3681640625,1723.25,1105.2017822265625,759.5318603515625,22044.419921875,4956.33935546875,1304.0936279296875,536.8275146484375,3861.26123046875,1143.374755859375,1110.5972900390625,1387.7391357421875,805.92724609375,3863.0,2496.914794921875,977.0350952148438,1452.869140625,1816.7120361328125,5799.72998046875,1390.468017578125,9810.353515625,1266.402099609375,300.5938720703125,685.1500244140625,1315.3148193359375,599.4585571289062,1301.02685546875,796.62646484375,3520.910888671875,1173.5286865234375,25.5
2024-01-11,3078.083984375,1714.1500244140625,1123.9212646484375,758.4638061523438,22498.755859375,5005.107421875,1300.61083984375,541.3881225585938,3863.7841796875,1124.6551513671875,1124.02587890625,1380.9495849609375,802.5447998046875,4053.580810546875,2457.00146484375,975.165771484375,1428.3026123046875,1818.75732421875,5811.87060546875,1385.7183837890625,9811.2353515625,1256.1356201171875,300.1621398925781,684.8499755859375,1349.9088134765625,597.9641723632812,1292.58154296875,803.7211303710938,3542.245849609375,1181.567138671875,25.549999237060547
2024-01-12,3101.26318359375,1710.699951171875,1118.530029296875,757.6034545898438,22643.36328125,5019.13818359375,1283.2940673828125,539.1323852539062,3842.759521484375,1123.94384765625,1124.4149169921875,1433.032958984375,798.7485961914062,4091.80859375,2464.557861328125,987.3165893554688,1541.6243896484375,1829.134033203125,6082.0859375,1383.046875,9766.693359375,1252.4024658203125,299.9223327636719,692.4500122070312,1360.6541748046875,610.8836669921875,1302.1070556640625,804.5093994140625,3681.876220703125,1237.0330810546875,24.899999618530273
2024-01-15,3086.67626953125,1694.800048828125,1117.6815185546875,739.5015258789062,22809.55859375,5044.7158203125,1288.346923828125,543.496826171875,3868.1376953125,1142.594482421875,1103.4935302734375,1477.11767578125,814.1278686523438,4081.773681640625,2492.845947265625,993.5641479492188,1579.23876953125,1847.343017578125,6082.0859375,1398.136474609375,9885.5224609375,1251.3955078125,304.3830261230469,692.4500122070312,1383.88232421875,617.150634765625,1305.4459228515625,800.5679321289062,3701.789794921875,1265.0260009765625,24.75
2024-01-16,3053.70654296875,1666.800048828125,1117.2821044921875,737.3902587890625,22515.373046875,4999.1630859375,1277.750732421875,548.0573120117188,3774.046142578125,1137.6353759765625,1092.5948486328125,1446.6580810546875,817.2183227539062,4093.209228515625,2488.874267578125,992.777099609375,1559.59521484375,1843.8509521484375,6080.96435546875,1373.0531005859375,9980.2431640625,1248.6937255859375,298.81915283203125,747.3499755859375,1364.5255126953125,614.0654296875,1289.831787109375,806.874267578125,3661.48876953125,1248.71240234375,25.649999618530273
2024-01-17,2968.33447265625,1615.0,1080.5419921875,727.7188110351562,22341.0390625,4932.02880859375,1269.5584716796875,538.8871459960938,3689.255126953125,1116.2584228515625,1070.894775390625,1465.677978515625,748.279296875,4080.326416015625,2482.86767578125,965.9173583984375,1567.8636474609375,1775.6544189453125,6119.67822265625,1385.0753173828125,9851.0244140625,1249.20947265625,296.70867919921875,736.25,1351.5712890625,603.55615234375,1275.6417236328125,793.768798828125,3683.583251953125,1254.7176513671875,24.75
2024-01-18,2916.232177734375,1588.25,1095.71728515625,718.4923706054688,22238.10546875,4886.6708984375,1297.9617919921875,529.0794067382812,3660.95849609375,1116.2584228515625,1074.2034912109375,1457.911865234375,723.2880249023438,4101.93798828125,2468.43310546875,970.443115234375,1570.1578369140625,1773.259765625,5463.7890625,1410.6533203125,9726.3642578125,1229.0206298828125,287.1158142089844,754.2999877929688,1357.8995361328125,605.773681640625,1311.7308349609375,807.0713500976562,3700.65185546875,1281.57568359375,24.950000762939453
2024-01-19,2912.985107421875,1570.75,1114.736328125,723.7879638671875,22599.15625,5007.0068359375,1302.8671875,531.8745727539062,3654.626220703125,1119.8641357421875,1118.3333740234375,1469.5335693359375,715.744384765625,4107.3056640625,2485.289306640625,983.0859375,1586.025634765625,1760.3388671875,5511.7177734375,1415.2049560546875,9837.3046875,1234.9888916015625,295.893310546875,773.5999755859375,1357.4031982421875,605.2434692382812,1311.58349609375,811.5055541992188,3765.057373046875,1314.4390869140625,25.149999618530273
2024-01-23,2893.902587890625,1680.9000244140625,1087.480712890625,699.2235717773438,22199.994140625,4918.77685546875,1382.386474609375,514.7110595703125,3577.00830078125,1121.0889892578125,1099.9903564453125,1428.0142822265625,694.6708984375,4148.80126953125,2301.3681640625,1012.45458984375,1569.7276611328125,1780.4935302734375,5498.40771484375,1424.1103515625,9663.5927734375,1209.81396484375,290.281494140625,755.9000244140625,1318.8138427734375,583.405517578125,1353.5157470703125,788.743408203125,3684.084716796875,1292.451416015625,24.049999237060547
2024-01-24,2900.79638671875,1641.3499755859375,1057.4295654296875,697.70068359375,21877.689453125,5010.51513671875,1390.5787353515625,526.2841796875,3604.9091796875,1166.07568359375,1132.0538330078125,1477.4534912109375,708.5657958984375,4138.9521484375,2365.40380859375,983.0859375,1601.5113525390625,1784.584228515625,5479.92822265625,1433.95556640625,9788.79296875,1234.890625,296.27703857421875,753.75,1334.00146484375,596.1322021484375,1357.2474365234375,799.0406494140625,3668.377685546875,1331.509033203125,24.700000762939453
2024-01-25,2890.955322265625,1664.800048828125,1040.556884765625,700.6871337890625,22204.37890625,5010.173828125,1343.7796630859375,521.3802490234375,3540.944580078125,1156.8687744140625,1126.1666259765625,1452.944580078125,698.3453979492188,4146.88720703125,2352.470947265625,993.66259765625,1595.4891357421875,1764.4296875,5358.130859375,1438.754638671875,9683.7333984375,1219.27001953125,301.9368591308594,763.0499877929688,1343.1337890625,590.7811889648438,1343.6956787109375,799.9766845703125,3638.299560546875,1250.27294921875,24.850000381469727
2024-01-29,3061.848876953125,1715.5,1059.5260009765625,711.1843872070312,22662.029296875,5005.30224609375,1311.59912109375,523.9793701171875,3532.73291015625,1154.5374755859375,1136.6761474609375,1475.719482421875,707.9573974609375,4288.17724609375,2368.06787109375,1000.0086059570312,1583.5404052734375,1818.807373046875,5312.9814453125,1467.697021484375,9791.9296875,1227.3258056640625,311.3378601074219,752.0499877929688,1437.4111328125,600.6155395507812,1375.66015625,828.7003784179688,3629.419189453125,1242.9908447265625,24.350000381469727
2024-01-30,3088.27490234375,1679.449951171875,1052.3876953125,674.1549072265625,23272.814453125,4961.30908203125,1292.22216796875,525.646728515625,3514.033203125,1153.9940185546875,1140.2767333984375,1461.4267578125,702.9202270507812,4283.3701171875,2381.873046875,1000.5005493164062,1578.617431640625,1819.505615234375,5219.8056640625,1452.706298828125,9752.97265625,1224.133056640625,302.6083679199219,761.0999755859375,1397.2830810546875,604.279296875,1347.0836181640625,846.289306640625,3628.989501953125,1246.3009033203125,23.899999618530273
2024-01-31,3139.12841796875,1669.449951171875,1066.0155029296875,678.6741333007812,22973.318359375,5065.22607421875,1325.48193359375,529.2265014648438,3631.67236328125,1209.3531494140625,1132.880859375,1477.0782470703125,711.80224609375,4314.36279296875,2404.05810546875,1011.569091796875,1587.65087890625,1821.1519775390625,5313.1767578125,1489.514892578125,9983.5263671875,1230.9854736328125,304.5749206542969,761.2000122070312,1416.1435546875,617.5363159179688,1392.94384765625,871.2685546875,3643.694580078125,1261.2430419921875,24.100000381469727
2024-02-01,3150.617919921875,1665.949951171875,1082.48876953125,666.846923828125,23082.052734375,5016.70263671875,1361.439697265625,543.7420043945312,3616.63330078125,1184.064208984375,1220.8004150390625,1478.390380859375,713.651611328125,4281.8291015625,2396.3564453125,1008.617431640625,1583.970703125,1818.6575927734375,5231.361328125,1497.777099609375,10425.5703125,1212.220947265625,308.8916931152344,609.0,1416.1683349609375,624.4299926757812,1382.6324462890625,865.6519165039062,3680.170166015625,1241.241455078125,23.899999618530273
2024-02-02,3154.564208984375,1674.25,1065.3167724609375,677.2304077148438,23352.109375,5016.94580078125,1366.34521484375,534.179443359375,3660.166748046875,1193.2215576171875,1203.57666015625,1484.342041015625,703.8206176757812,4403.74853515625,2376.011962890625,1007.4859619140625,1618.669677734375,1818.8570556640625,5349.5498046875,1486.9422607421875,10442.72265625,1218.9014892578125,318.9642639160156,487.20001220703125,1446.9901123046875,626.3582763671875,1391.176025390625,865.8983154296875,3787.257568359375,1265.4512939453125,23.700000762939453
2024-02-05,3170.549560546875,1668.6500244140625,1059.7757568359375,653.4868774414062,23553.251953125,4993.2197265625,1406.816162109375,523.3909301757812,3660.265625,1204.0780029296875,1185.671630859375,1457.724365234375,703.1879272460938,4431.14697265625,2343.946044921875,1006.9940795898438,1612.7908935546875,1804.2899169921875,5303.328125,1556.601806640625,10220.3505859375,1209.7159423828125,322.417724609375,438.5,1428.452392578125,619.8984985351562,1437.478271484375,913.2455444335938,3793.941650390625,1260.3919677734375,22.799999237060547
2024-02-06,3200.82177734375,1721.6500244140625,1048.3443603515625,652.4930419921875,24263.220703125,4878.77880859375,1398.525634765625,522.459228515625,3686.979248046875,1218.3326416015625,1203.771484375,1521.8311767578125,702.8228759765625,4465.50244140625,2350.581787109375,1009.8472900390625,1653.1776123046875,1782.98779296875,5334.3857421875,1563.5281982421875,10628.33984375,1206.7440185546875,323.72540283203125,451.1499938964844,1417.309814453125,626.9367065429688,1448.5750732421875,925.8090209960938,3949.297119140625,1277.698486328125,25.399999618530273
2024-02-07,3226.898193359375,1866.0,1067.3634033203125,663.4747314453125,24586.548828125,4948.154296875,1411.574462890625,527.0687866210938,3692.22314453125,1220.9307861328125,1204.64697265625,1513.9583740234375,695.9362182617188,4474.74365234375,2349.709716796875,1005.6658935546875,1619.0521240234375,1788.5751953125,5312.54248046875,1577.5294189453125,10717.376953125,1227.8416748046875,320.3351135253906,496.25,1431.554443359375,651.0404663085938,1469.295654296875,920.1431274414062,3899.0712890625,1246.4427490234375,29.799999237060547
2024-02-08,3165.7041015625,1827.949951171875,1034.21728515625,650.2679443359375,24660.533203125,4750.64697265625,1393.374755859375,523.6851196289062,3645.32568359375,1217.0386962890625,1184.4066162109375,1531.2503662109375,682.8444213867188,4488.326171875,2341.572265625,973.3456420898438,1617.474853515625,1725.8165283203125,5286.11572265625,1589.5020751953125,10529.40625,1190.2391357421875,320.5288391113281,446.6499938964844,1439.4708251953125,674.46923828125,1472.634521484375,910.7821044921875,3947.483154296875,1238.167724609375,30.0
2024-02-09,3212.26123046875,1880.699951171875,1049.692138671875,658.0654907226562,24814.642578125,4844.13916015625,1412.5555419921875,528.834228515625,3613.566162109375,1216.2088623046875,1185.8663330078125,1528.2510986328125,683.112060546875,4582.56640625,2348.450439453125,994.4005126953125,1595.7281494140625,1738.537841796875,5317.80859375,1605.0367431640625,10518.576171875,1203.5264892578125,314.71685791015625,419.8500061035156,1450.0177001953125,699.247802734375,1515.79345703125,901.6181030273438,3947.101318359375,1239.8701171875,31.399999618530273
2024-02-12,3166.85302734375,1842.5999755859375,1044.9996337890625,649.6251831054688,24600.92578125,4842.873046875,1407.6500244140625,526.235107421875,3700.484375,1251.30712890625,1167.13427734375,1562.319580078125,676.4931640625,4375.9287109375,2311.15283203125,980.0359497070312,1606.004150390625,1705.7117919921875,5379.4384765625,1577.6776123046875,10495.888671875,1207.9228515625,306.2411193847656,422.20001220703125,1441.679443359375,682.5198974609375,1515.44775390625,898.267822265625,3934.687744140625,1247.1993408203125,28.299999237060547
2024-02-13,3175.544921875,1815.550048828125,1069.0106201171875,653.036865234375,25636.951171875,4853.98095703125,1430.215576171875,528.3928833007812,3661.20556640625,1251.672607421875,1165.674560546875,1561.0543212890625,678.658935546875,4429.42041015625,2319.241943359375,1003.3536987304688,1610.2578125,1733.2498779296875,5419.07861328125,1591.8272705078125,10578.9951171875,1207.087890625,311.47186279296875,380.1499938964844,1454.3358154296875,687.8709106445312,1523.1016845703125,893.6365966796875,3962.18798828125,1256.3253173828125,27.850000381469727
2024-02-14,3204.268798828125,1852.25,1095.0682373046875,657.2743530273438,26708.01953125,4882.2861328125,1398.4276123046875,533.8361206054688,3680.2021484375,1236.459716796875,1168.3018798828125,1566.5841064453125,673.597412109375,4494.06787109375,2313.380615234375,1006.2069702148438,1592.717041015625,1745.023193359375,5368.3701171875,1594.7957763671875,10807.78515625,1221.65234375,317.7196960449219,342.1499938964844,1470.4912109375,716.7471313476562,1501.5716552734375,904.869873046875,3915.017578125,1222.70556640625,28.700000762939453
2024-02-15,3190.881103515625,1900.75,1070.458251953125,654.5944213867188,27249.546875,4823.7255859375,1395.484130859375,533.738037109375,3669.5166015625,1235.33349609375,1198.6624755859375,1558.1959228515625,688.197998046875,4496.77490234375,2277.439697265625,1000.2545776367188,1602.41943359375,1735.3450927734375,5385.09423828125,1588.215576171875,10868.8408203125,1208.623046875,328.61712646484375,325.04998779296875,1459.7952880859375,734.3909912109375,1491.2017822265625,907.0869750976562,3917.977783203125,1229.7509765625,29.0
2024-02-16,3220.65380859375,1904.75,1067.013916015625,654.5745849609375,27614.05859375,4787.8203125,1413.487548828125,534.0322875976562,3689.650634765625,1248.0767822265625,1207.9554443359375,1562.788330078125,691.0451049804688,4568.9833984375,2301.07763671875,1006.7481079101562,1626.6036376953125,1731.3541259765625,5441.75048828125,1603.60205078125,11153.19921875,1225.420654296875,327.16412353515625,341.29998779296875,1449.843994140625,727.6419067382812,1491.2509765625,924.8729248046875,3941.944580078125,1231.83154296875,28.399999618530273
2024-02-19,3255.821533203125,1955.050048828125,1061.223388671875,663.830810546875,28262.03125,4799.07421875,1442.5775146484375,537.1217651367188,3683.9619140625,1267.8338623046875,1196.9110107421875,1570.0985107421875,689.682373046875,4530.05517578125,2312.605712890625,1026.91748046875,1624.7874755859375,1727.5126953125,5377.04931640625,1571.3944091796875,11254.0927734375,1238.0313720703125,328.1327819824219,358.3500061035156,1463.17041015625,732.02880859375,1511.1514892578125,918.960693359375,3918.55029296875,1238.8770751953125,27.100000381469727
2024-02-20,3225.649169921875,1926.6500244140625,1086.8316650390625,668.8543701171875,28412.73046875,4795.0791015625,1424.2308349609375,537.023681640625,3673.375244140625,1259.7037353515625,1194.5267333984375,1558.6644287109375,707.7870483398438,4353.384765625,2329.02685546875,1031.8369140625,1610.9268798828125,1758.5428466796875,5367.5908203125,1570.3555908203125,11217.9306640625,1250.912841796875,334.864990234375,376.25,1460.2174072265625,732.8483276367188,1519.64501953125,912.8020629882812,3848.702392578125,1248.854248046875,26.600000381469727
2024-02-21,3220.254150390625,1904.949951171875,1082.4388427734375,661.4573364257812,27346.1953125,4796.8818359375,1419.9630126953125,535.7976684570312,3610.400390625,1254.3990478515625,1202.8468017578125,1533.5936279296875,700.413818359375,4326.19580078125,2331.93310546875,1034.9852294921875,1582.536865234375,1742.1796875,5285.43359375,1582.526123046875,11236.9423828125,1252.98193359375,325.56585693359375,395.04998779296875,1456.916748046875,743.839599609375,1524.286865234375,907.57958984375,3811.320068359375,1226.20458984375,25.549999237060547
2024-02-22,3260.067626953125,1922.6500244140625,1099.1116943359375,660.0877685546875,27726.205078125,4829.96240234375,1425.8497314453125,531.18798828125,3606.739501953125,1257.3231201171875,1222.5521240234375,1580.5489501953125,690.874755859375,4288.32177734375,2313.5263671875,1045.5618896484375,1607.1988525390625,1720.877685546875,5350.427734375,1576.985107421875,11425.0595703125,1262.6121826171875,328.9076843261719,388.3500061035156,1470.8634033203125,738.4403686523438,1538.7554931640625,918.6651000976562,3902.604736328125,1255.9942626953125,27.149999618530273
2024-02-23,3270.308349609375,1923.300048828125,1095.0184326171875,662.3523559570312,27766.263671875,4809.8896484375,1438.7021484375,525.0091552734375,3609.410888671875,1272.7730712890625,1217.2972412109375,1561.1949462890625,691.3858032226562,4311.31298828125,2319.3388671875,1044.1844482421875,1602.8973388671875,1720.12939453125,5404.9384765625,1597.9620361328125,11305.2998046875,1270.419921875,327.16412353515625,407.75,1482.6512451171875,731.8359375,1541.9158935546875,923.6905517578125,3869.184326171875,1250.4620361328125,26.200000762939453
2024-02-26,3324.70849609375,1970.449951171875,1083.4371337890625,656.952880859375,28250.162109375,4776.322265625,1442.0870361328125,519.075439453125,3539.4111328125,1272.4964599609375,1219.0001220703125,1546.2462158203125,692.213134765625,4289.228515625,2329.171875,1037.198974609375,1586.933837890625,1702.4691162109375,5330.33935546875,1587.8199462890625,11238.0693359375,1272.8336181640625,327.0188293457031,428.1000061035156,1476.3974609375,731.69140625,1537.6690673828125,923.2470703125,3820.43896484375,1227.764892578125,25.25
2024-02-27,3299.28173828125,1979.5,1077.2972412109375,648.3494873046875,28341.177734375,4778.70947265625,1459.3544921875,525.3033447265625,3502.25927734375,1274.2449951171875,1231.9910888671875,1554.681396484375,691.1668090820312,4226.2177734375,2330.189208984375,1043.10205078125,1590.231689453125,1702.91796875,5307.47216796875,1605.5316162109375,11271.0478515625,1280.1241455078125,325.56585693359375,427.54998779296875,1474.73486328125,722.9658203125,1563.149658203125,948.6205444335938,3919.123291015625,1225.6844482421875,25.100000381469727
2024-02-28,3216.05810546875,1918.1500244140625,1072.455078125,642.6583251953125,27813.048828125,4762.58349609375,1449.1019287109375,525.94091796875,3481.036865234375,1269.9873046875,1200.8519287109375,1548.21435546875,685.9348754882812,4173.748046875,2345.931884765625,1029.327880859375,1597.54443359375,1679.820068359375,5275.5361328125,1599.3472900390625,10930.1416015625,1266.429931640625,322.85357666015625,406.20001220703125,1444.930419921875,715.8793334960938,1554.3597412109375,944.0384521484375,3933.016845703125,1216.0382080078125,23.799999237060547
2024-02-29,3282.397216796875,1895.050048828125,1073.3536376953125,642.3270263671875,28071.56640625,4838.0009765625,1452.388671875,527.8043823242188,3451.800537109375,1269.2364501953125,1223.86572265625,1559.4141845703125,683.0147705078125,4222.8310546875,2336.970458984375,1035.231201171875,1600.077392578125,1685.6568603515625,5169.146484375,1603.9979248046875,11062.9853515625,1278.892578125,325.0815124511719,403.29998779296875,1450.0675048828125,721.278564453125,1558.408935546875,936.3033447265625,3910.24365234375,1204.689697265625,24.450000762939453
2024-03-01,3315.716796875,1969.550048828125,1097.4644775390625,649.8526611328125,28414.078125,4801.4619140625,1443.1171875,530.6976318359375,3445.46826171875,1223.6571044921875,1233.353515625,1540.9039306640625,696.3256225585938,4299.72216796875,2334.45166015625,1069.37158203125,1581.72412109375,1723.821044921875,5142.5244140625,1607.461181640625,11388.9462890625,1281.478759765625,332.7339172363281,423.45001220703125,1481.1622314453125,741.5738525390625,1539.9404296875,963.1055297851562,3909.52734375,1202.7510986328125,24.950000762939453
2024-03-04,3314.1181640625,1940.699951171875,1104.9521484375,652.918212890625,28780.9921875,4714.93603515625,1443.705810546875,526.970703125,3445.369140625,1251.6231689453125,1219.72998046875,1535.1400146484375,697.274658203125,4399.509765625,2346.36767578125,1074.733642578125,1564.9959716796875,1723.322021484375,5087.2333984375,1652.2845458984375,11362.681640625,1275.395263671875,342.759521484375,418.20001220703125,1496.3250732421875,744.369873046875,1532.879150390625,972.76220703125,3896.4931640625,1210.55322265625,24.799999237060547
2024-03-05,3307.174560546875,1947.4000244140625,1099.011962890625,625.4069213867188,29502.15234375,4702.025390625,1445.6190185546875,524.4697265625,3447.496337890625,1245.3404541015625,1211.2154541015625,1517.707275390625,701.2410888671875,4378.80810546875,2324.909423828125,1070.5030517578125,1535.64990234375,1711.847900390625,5004.05322265625,1661.0909423828125,11437.6044921875,1250.54345703125,347.0216064453125,404.1499938964844,1489.1778564453125,755.84326171875,1554.705322265625,1006.9547119140625,3830.990234375,1203.4129638671875,24.5
2024-03-06,3230.994140625,1910.5,1123.1724853515625,624.121337890625,29563.666015625,4755.7138671875,1457.1961669921875,521.2822265625,3507.057861328125,1247.5828857421875,1206.787841796875,1540.99755859375,702.0927734375,4422.0234375,2325.829833984375,1079.4071044921875,1546.212646484375,1755.7989501953125,5035.89208984375,1647.88134765625,11336.1220703125,1247.784912109375,340.9190979003906,393.04998779296875,1491.9573974609375,755.7950439453125,1584.1363525390625,1002.766845703125,3880.833984375,1201.9945068359375,23.600000381469727
2024-03-07,3223.601318359375,1929.0999755859375,1109.64453125,634.9794921875,28965.185546875,4763.89892578125,1455.1358642578125,524.9601440429688,3563.404052734375,1249.459716796875,1201.0465087890625,1534.85888671875,703.7962036132812,4438.81396484375,2343.994140625,1070.4046630859375,1545.1611328125,1744.1253662109375,4995.4228515625,1652.1856689453125,11280.259765625,1261.528564453125,341.1612548828125,400.75,1468.059326171875,759.7962646484375,1585.8154296875,1024.1002197265625,3923.134033203125,1218.21337890625,23.850000381469727
2024-03-11,3204.418701171875,1930.300048828125,1103.304931640625,636.2354125976562,28896.654296875,4810.9130859375,1475.690185546875,523.145751953125,3566.520751953125,1261.9659423828125,1204.987548828125,1535.7958984375,694.8899536132812,4456.7490234375,2315.2216796875,1061.3038330078125,1530.0101318359375,1725.7666015625,4995.71484375,1659.0130615234375,11168.0458984375,1286.4295654296875,337.04443359375,388.79998779296875,1455.82470703125,745.9607543945312,1573.865234375,1012.9655151367188,3936.26318359375,1219.0172119140625,23.649999618530273
2024-03-12,3119.64599609375,1897.0999755859375,1095.218017578125,636.4628295898438,28937.6953125,4744.4111328125,1438.064453125,518.8302612304688,3539.806884765625,1245.11328125,1179.73583984375,1532.9373779296875,710.3422241210938,4444.5380859375,2303.886962890625,1059.483642578125,1541.8154296875,1716.4874267578125,5079.7734375,1628.7349853515625,11280.11328125,1275.912353515625,333.9447326660156,369.3999938964844,1464.5850830078125,732.4627075195312,1564.680419921875,1001.6336669921875,4003.008056640625,1222.1380615234375,22.850000381469727
2024-03-13,2903.5439453125,1725.0,1078.64501953125,638.4505615234375,27786.294921875,4732.2314453125,1443.4605712890625,509.9542541503906,3442.89599609375,1245.439208984375,1163.874267578125,1529.0948486328125,710.755859375,4304.49267578125,2240.3837890625,1066.4691162109375,1540.3338623046875,1725.6668701171875,5065.92626953125,1586.632568359375,11162.75390625,1272.36572265625,312.39208984375,350.95001220703125,1421.6527099609375,720.4590454101562,1539.298583984375,958.9669189453125,3961.710205078125,1207.857666015625,20.950000762939453
2024-03-14,3084.628173828125,1895.300048828125,1056.5308837890625,632.6456298828125,28867.001953125,4812.37451171875,1468.380859375,519.4678344726562,3480.591796875,1243.6217041015625,1194.380859375,1573.84765625,708.3467407226562,4460.18310546875,2261.697265625,1066.124755859375,1580.385986328125,1738.488037109375,5133.40673828125,1632.3465576171875,11176.9150390625,1287.0452880859375,311.7624816894531,353.04998779296875,1420.9578857421875,714.4813232421875,1550.7550048828125,953.5966796875,4017.66552734375,1223.1309814453125,23.450000762939453
2024-03-15,3129.337158203125,1902.5999755859375,1044.7001953125,644.2059936523438,29034.455078125,4846.7705078125,1459.943359375,516.4273681640625,3448.436279296875,1241.705078125,1180.0762939453125,1543.9031982421875,706.9840698242188,4374.32373046875,2255.012451171875,1062.9271240234375,1561.937255859375,1734.3973388671875,5065.29248046875,1619.582275390625,11247.52734375,1282.5625,306.3863830566406,370.70001220703125,1407.80517578125,705.659423828125,1529.02734375,932.0169067382812,4028.788818359375,1212.5863037109375,23.799999237060547
2024-03-18,3108.906005859375,1869.9000244140625,1059.6259765625,643.2467651367188,29272.796875,4852.42138671875,1460.335693359375,513.5340576171875,3469.41162109375,1252.7987060546875,1208.2960205078125,1540.2479248046875,703.77197265625,4344.6552734375,2228.12890625,1063.763427734375,1531.9697265625,1733.9981689453125,5039.06103515625,1597.4178466796875,11403.9892578125,1271.0850830078125,307.20977783203125,389.20001220703125,1428.8990478515625,704.7434692382812,1551.7919921875,958.2279052734375,3965.05224609375,1203.5548095703125,23.450000762939453
2024-03-19,3049.909912109375,1821.550048828125,1049.0931396484375,652.3050537109375,29206.619140625,4693.548828125,1408.58203125,508.3849792480469,3410.591796875,1212.0697021484375,1171.950927734375,1498.775390625,705.3779907226562,4332.7783203125,2196.1591796875,1066.4691162109375,1492.5867919921875,1745.7218017578125,4978.84521484375,1553.6827392578125,11365.5224609375,1229.5587158203125,303.625732421875,406.3500061035156,1414.778564453125,697.8497924804688,1529.2742919921875,943.742919921875,3797.760986328125,1184.262451171875,22.950000762939453
2024-03-20,3048.6611328125,1847.75,1033.0692138671875,657.5709838867188,29327.876953125,4679.8583984375,1390.627685546875,510.1994934082031,3391.94189453125,1205.8265380859375,1182.5089111328125,1487.481689453125,696.4716186523438,4302.91796875,2171.93994140625,1067.01025390625,1486.3734130859375,1761.4364013671875,4974.310546875,1546.4595947265625,11702.75390625,1256.2576904296875,303.8194580078125,420.25,1433.142578125,709.8534545898438,1530.1632080078125,926.6959228515625,3791.64990234375,1195.6583251953125,23.049999237060547
2024-03-21,3063.697509765625,1855.3499755859375,1033.917724609375,664.1224975585938,29520.169921875,4683.56103515625,1421.33642578125,513.8773803710938,3428.549560546875,1210.74609375,1198.5164794921875,1495.6356201171875,703.6259155273438,4311.93359375,2172.327880859375,1064.3538818359375,1486.1343994140625,1768.171142578125,5031.6982421875,1594.69677734375,11670.412109375,1257.932373046875,314.8137512207031,410.8500061035156,1440.3145751953125,717.61474609375,1545.8167724609375,950.788330078125,3793.60693359375,1213.1065673828125,23.399999618530273
2024-03-22,3104.859619140625,1851.75,1031.62158203125,668.58740234375,29630.576171875,4740.36767578125,1453.2716064453125,510.7879333496094,3395.05859375,1225.563720703125,1188.7855224609375,1460.0675048828125,702.2144775390625,4468.48291015625,2186.083984375,1072.716796875,1442.3065185546875,1772.41162109375,4880.64697265625,1591.3326416015625,12091.3876953125,1267.6612548828125,314.5715637207031,402.3500061035156,1444.3348388671875,719.9287719726562,1588.975830078125,965.4703979492188,3734.3583984375,1194.0977783203125,23.899999618530273
2024-03-26,3107.107666015625,1859.0,1038.8597412109375,683.341796875,30123.115234375,4834.34716796875,1444.441650390625,511.0821228027344,3355.037353515625,1212.0599365234375,1166.793701171875,1464.19140625,693.7218627929688,4456.22412109375,2170.051025390625,1066.22314453125,1426.821044921875,1749.7625732421875,4851.58740234375,1597.91259765625,12005.9765625,1273.91748046875,318.7852478027344,398.45001220703125,1430.983642578125,713.5171508789062,1578.309326171875,971.77685546875,3702.4658203125,1186.2484130859375,23.549999237060547
2024-03-27,3119.24658203125,1822.5,1051.1396484375,694.4818115234375,29790.517578125,4794.1533203125,1435.709716796875,511.6216125488281,3332.133056640625,1194.13037109375,1201.8250732421875,1449.14892578125,701.1681518554688,4362.1611328125,2169.76025390625,1066.2724609375,1418.4090576171875,1771.6134033203125,4805.072265625,1583.119873046875,12260.58984375,1264.2376708984375,321.20684814453125,396.79998779296875,1481.8819580078125,707.0091552734375,1584.2845458984375,964.3372802734375,3667.518310546875,1185.728271484375,23.149999618530273
2024-03-28,3194.177978515625,1835.1500244140625,1045.4989013671875,716.4849243164062,29485.85546875,4785.4326171875,1468.675048828125,513.0928344726562,3408.76171875,1216.61376953125,1218.1246337890625,1446.665283203125,704.6723022460938,4505.02099609375,2193.640625,1075.66845703125,1431.98291015625,1781.4912109375,4815.70166015625,1599.7926025390625,12348.79296875,1291.7744140625,325.2752380371094,402.6499938964844,1474.933349609375,725.3761596679688,1600.4814453125,978.2802734375,3701.3203125,1180.3377685546875,23.200000762939453
2024-04-01,3249.127685546875,1888.300048828125,1051.3892822265625,717.048583984375,29732.294921875,4769.79443359375,1470.343017578125,518.9774169921875,3530.11083984375,1234.879150390625,1195.305419921875,1458.98974609375,715.67138671875,4465.3828125,2214.517578125,1081.916015625,1429.4974365234375,1786.679443359375,4761.28759765625,1606.66943359375,12318.65625,1273.671142578125,331.6199645996094,406.04998779296875,1473.8663330078125,731.1128540039062,1609.07373046875,977.7383422851562,3739.944580078125,1176.9805908203125,24.450000762939453
2024-04-02,3265.762451171875,1892.6500244140625,1045.4989013671875,712.7418823242188,30354.33984375,4774.42236328125,1461.267822265625,521.3802490234375,3584.082275390625,1232.3502197265625,1176.6219482421875,1432.37255859375,720.3678588867188,4350.95166015625,2215.292724609375,1063.763427734375,1417.4532470703125,1753.454345703125,4778.9873046875,1592.9652099609375,12301.849609375,1292.2423095703125,333.9931335449219,416.3500061035156,1476.025146484375,738.9224853515625,1602.160400390625,989.95703125,3708.48193359375,1169.6512451171875,24.600000381469727
2024-04-03,3230.49462890625,1878.949951171875,1061.5228271484375,722.8138427734375,30255.958984375,4710.74658203125,1443.705810546875,520.7918701171875,3645.820556640625,1209.9952392578125,1157.4031982421875,1439.448486328125,721.414306640625,4347.517578125,2194.464111328125,1059.8280029296875,1415.3502197265625,1727.2633056640625,4748.318359375,1588.5125732421875,12179.736328125,1258.080322265625,340.2409973144531,410.8999938964844,1460.7880859375,743.4057006835938,1599.7901611328125,994.3911743164062,3769.114990234375,1187.0050048828125,25.399999618530273
2024-04-04,3207.86572265625,1890.8499755859375,1061.223388671875,720.2575073242188,30231.658203125,4690.2841796875,1431.9815673828125,496.32147216796875,3694.59765625,1213.5712890625,1145.8719482421875,1443.0101318359375,743.461181640625,4314.84326171875,2194.2216796875,1061.451416015625,1421.1334228515625,1745.2227783203125,4812.58154296875,1570.553466796875,12316.3544921875,1255.9375,343.534423828125,410.79998779296875,1452.1768798828125,732.0770263671875,1599.2962646484375,996.8052978515625,3822.587646484375,1209.7965087890625,24.899999618530273
2024-04-05,3221.8525390625,1901.949951171875,1057.3795166015625,709.6021118164062,30233.572265625,4689.74853515625,1422.0233154296875,498.13592529296875,3708.399658203125,1220.841796875,1177.546142578125,1448.2584228515625,754.1439208984375,4316.703125,2196.1591796875,1065.9281005859375,1413.8685302734375,1781.14208984375,4805.072265625,1582.42724609375,12173.611328125,1250.0509033203125,343.4375305175781,417.54998779296875,1449.3724365234375,737.3316040039062,1589.074462890625,992.3711547851562,3799.622802734375,1194.80712890625,25.200000762939453
2024-04-08,3221.60302734375,1919.0999755859375,1074.3021240234375,709.888916015625,30522.724609375,4703.14599609375,1434.82666015625,493.379150390625,3755.742431640625,1219.9034423828125,1212.675048828125,1443.384765625,752.7081909179688,4383.673828125,2198.096923828125,1069.6175537109375,1411.5743408203125,1784.384765625,4775.72021484375,1595.0430908203125,12608.2568359375,1230.5438232421875,352.1070556640625,412.20001220703125,1475.057373046875,740.7543334960938,1579.8896484375,998.3819580078125,3793.2255859375,1196.462158203125,24.75
2024-04-09,3195.52685546875,1916.199951171875,1078.24560546875,711.377197265625,29521.7890625,4671.86865234375,1422.9063720703125,493.47723388671875,3764.597412109375,1218.5894775390625,1204.35498046875,1443.8065185546875,753.6572265625,4313.65087890625,2193.44677734375,1089.19677734375,1428.9239501953125,1776.602294921875,4771.0888671875,1588.760009765625,12630.7001953125,1232.8836669921875,351.52581787109375,404.20001220703125,1452.896484375,736.8013916015625,1582.704345703125,993.7506713867188,3768.399169921875,1183.4586181640625,24.549999237060547
2024-04-10,3239.036865234375,1907.5,1086.0330810546875,715.0015869140625,29254.58203125,4685.51025390625,1396.0728759765625,496.5176086425781,3699.446044921875,1216.61376953125,1197.056884765625,1442.54150390625,747.7196655273438,4288.083984375,2190.29833984375,1091.5087890625,1440.346923828125,1821.850341796875,4796.14990234375,1587.720947265625,12429.5478515625,1245.1002197265625,351.138427734375,400.54998779296875,1468.7044677734375,751.118896484375,1584.185791015625,998.6775512695312,3804.779052734375,1197.5496826171875,24.450000762939453
2024-04-12,3206.96630859375,1884.050048828125,1071.7061767578125,714.9323120117188,29307.2578125,4630.01904296875,1370.4168701171875,490.9762878417969,3739.615234375,1201.98388671875,1167.4747314453125,1425.9990234375,739.2512817382812,4236.47265625,2162.591552734375,1086.5894775390625,1419.2694091796875,1808.9794921875,4767.431640625,1605.185302734375,12021.6572265625,1249.33642578125,350.41192626953125,391.6000061035156,1456.3707275390625,738.8259887695312,1520.928955078125,1003.6043701171875,3820.77294921875,1174.6634521484375,24.25
2024-04-15,3144.5732421875,1815.0999755859375,1056.2314453125,699.7724609375,29259.1484375,4639.90869140625,1355.3077392578125,485.6800842285156,3677.135009765625,1187.561279296875,1145.7259521484375,1410.581787109375,727.4490966796875,4179.61572265625,2125.535888671875,1060.95947265625,1403.4014892578125,1794.11279296875,4695.51416015625,1592.173583984375,12174.8359375,1257.932373046875,349.8307189941406,389.75,1454.062744140625,730.341552734375,1520.978515625,984.1925048828125,3763.290771484375,1152.5810546875,23.950000762939453
2024-04-16,3103.560791015625,1811.6500244140625,1050.1912841796875,687.707763671875,29441.8671875,4619.25244140625,1349.2247314453125,494.21282958984375,3724.279541015625,1195.365234375,1145.5799560546875,1384.5736083984375,734.5304565429688,4123.99755859375,2151.45068359375,1049.8416748046875,1352.069580078125,1788.5751953125,4546.99755859375,1594.498779296875,12253.0927734375,1254.2132568359375,347.9902648925781,391.3500061035156,1454.9810791015625,724.74951171875,1518.50927734375,978.2802734375,3697.978271484375,1130.8773193359375,23.950000762939453
2024-04-18,3016.54052734375,1775.449951171875,1022.3366088867188,681.670654296875,29380.599609375,4574.72265625,1321.851806640625,494.1637878417969,3669.56591796875,1176.951904296875,1131.4700927734375,1374.7794189453125,727.4490966796875,4055.692138671875,2145.637939453125,1038.4287109375,1356.6580810546875,1782.738525390625,4580.44580078125,1577.2818603515625,12157.34375,1213.0565185546875,340.1441345214844,388.5,1453.56640625,718.0968627929688,1497.6212158203125,957.1439819335938,3687.66552734375,1115.60400390625,23.899999618530273
2024-04-19,3024.183349609375,1770.050048828125,1027.42822265625,704.0494384765625,29245.990234375,4548.70654296875,1320.3310546875,494.5070495605469,3632.760498046875,1174.12646484375,1137.406005859375,1356.64404296875,745.2619018554688,4019.822265625,2161.913330078125,1050.0384521484375,1349.0108642578125,1788.625244140625,4544.75537109375,1531.2711181640625,12457.185546875,1200.8153076171875,339.5629577636719,377.8500061035156,1459.323974609375,723.5443115234375,1503.9420166015625,949.1131591796875,3653.481689453125,1128.843994140625,23.950000762939453
2024-04-22,3060.55029296875,1793.75,1052.23779296875,721.1277465820312,28612.755859375,4631.52880859375,1329.2591552734375,496.4195556640625,3697.86279296875,1188.5985107421875,1153.6080322265625,1373.8890380859375,735.9661254882812,4113.50341796875,2171.504150390625,1069.1256103515625,1369.562744140625,1805.8863525390625,4560.01611328125,1586.7808837890625,12530.2470703125,1211.1597900390625,332.1527099609375,377.70001220703125,1468.9774169921875,738.6331787109375,1521.027587890625,959.3118286132812,3690.148681640625,1142.4620361328125,25.200000762939453
2024-04-23,3062.298828125,1816.4000244140625,1054.0350341796875,717.93359375,28745.646484375,4674.88916015625,1321.2630615234375,497.40032958984375,3728.68212890625,1175.9539794921875,1146.6505126953125,1393.3365478515625,733.7273559570312,4145.12890625,2192.090576171875,1072.6676025390625,1378.7869873046875,1808.9794921875,4606.04345703125,1563.42919921875,12736.7890625,1232.1201171875,336.2695007324219,382.70001220703125,1448.603271484375,745.2858276367188,1466.264404296875,972.3187866210938,3699.792724609375,1135.085693359375,25.649999618530273
2024-04-24,3040.7685546875,1808.300048828125,1061.5228271484375,724.7817993164062,28333.865234375,4705.24169921875,1371.7904052734375,499.6561584472656,3773.353515625,1175.697265625,1180.173583984375,1386.4012451171875,735.7228393554688,4191.2060546875,2189.66845703125,1079.062744140625,1367.65087890625,1838.66259765625,4609.35888671875,1563.3797607421875,12685.630859375,1231.5782470703125,340.6284484863281,382.6499938964844,1439.5205078125,745.3822021484375,1467.350830078125,977.1470947265625,3658.113037109375,1121.325439453125,25.450000762939453
2024-04-25,3112.40283203125,1812.6500244140625,1125.1693115234375,721.394775390625,28376.1328125,4720.0517578125,1379.6392822265625,496.7138366699219,3803.03564453125,1228.6358642578125,1169.4697265625,1409.73828125,735.260498046875,4291.3271484375,2161.186767578125,1095.78857421875,1375.01123046875,1638.7623291015625,4519.5478515625,1577.6282958984375,12664.51171875,1262.365966796875,347.9418029785156,379.04998779296875,1449.2484130859375,783.5625,1501.3248291015625,986.606689453125,3678.30810546875,1125.6759033203125,25.950000762939453
2024-04-26,3077.584716796875,1806.6500244140625,1128.4639892578125,665.6503295898438,28352.71484375,4677.4716796875,1382.5335693359375,499.21478271484375,3973.755615234375,1235.2249755859375,1170.1507568359375,1381.33984375,734.7981567382812,4284.935546875,2153.242919921875,1090.032958984375,1367.1729736328125,1604.8885498046875,4669.0869140625,1598.951416015625,12449.736328125,1223.0069580078125,344.8421325683594,376.8999938964844,1441.878173828125,772.5711669921875,1487.8931884765625,984.88232421875,3648.85107421875,1209.32373046875,26.149999618530273
2024-04-29,3078.384033203125,1806.8499755859375,1157.366943359375,675.0844116210938,28755.220703125,4676.88671875,1381.4052734375,496.9590148925781,3946.94287109375,1244.1156005859375,1185.282470703125,1300.31640625,744.3858642578125,4252.595703125,2156.585205078125,1141.4403076171875,1371.4744873046875,1636.717041015625,4626.0830078125,1620.225341796875,12436.505859375,1236.331787109375,351.6227111816406,377.75,1454.2613525390625,796.86767578125,1502.7567138671875,985.9661865234375,3695.49560546875,1218.355224609375,27.100000381469727
2024-04-30,3051.907958984375,1797.6500244140625,1164.006103515625,684.671875,28822.869140625,4653.59912109375,1373.556396484375,497.98883056640625,3959.953369140625,1225.7811279296875,1186.6934814453125,1280.82177734375,739.8109741210938,4334.01806640625,2160.799072265625,1131.8475341796875,1357.90087890625,1620.303955078125,4589.46533203125,1628.58642578125,12561.6083984375,1235.149658203125,351.81646728515625,372.3999938964844,1456.2218017578125,796.6266479492188,1483.498291015625,993.1594848632812,3648.18212890625,1194.9014892578125,26.149999618530273
2024-05-02,3036.822021484375,1786.8499755859375,1147.982177734375,680.6322631835938,30113.39453125,4637.716796875,1393.227783203125,515.2013549804688,3922.603759765625,1242.2188720703125,1200.1221923828125,1275.2921142578125,745.7241821289062,4351.619140625,2156.77880859375,1121.0740966796875,1352.069580078125,1572.1124267578125,4576.1064453125,1630.318115234375,12549.7001953125,1237.5633544921875,357.48309326171875,372.20001220703125,1455.7752685546875,800.2904052734375,1500.1890869140625,1012.7684936523438,3688.906982421875,1198.1171875,25.450000762939453
2024-05-03,2990.514404296875,1799.800048828125,1139.645751953125,685.4581298828125,29546.875,4623.0517578125,1397.8388671875,521.5274658203125,3909.048828125,1254.4781494140625,1217.54052734375,1263.4361572265625,739.567626953125,4343.27197265625,2147.81787109375,1123.6322021484375,1353.838134765625,1543.227294921875,4536.369140625,1637.3433837890625,12242.75390625,1209.879150390625,353.5116271972656,369.8999938964844,1423.46435546875,801.6402587890625,1492.436279296875,998.5790405273438,3669.9052734375,1182.5601806640625,24.950000762939453
2024-05-06,2872.022705078125,1766.6500244140625,1141.792236328125,678.37255859375,29489.046875,4931.93115234375,1396.514404296875,520.595703125,3920.97119140625,1243.3944091796875,1216.518798828125,1273.5113525390625,741.0520629882812,4302.25048828125,2185.744873046875,1127.813720703125,1363.014892578125,1620.6531982421875,4587.0771484375,1661.9815673828125,12190.958984375,1210.5194091796875,345.6170654296875,351.3999938964844,1409.095703125,778.838134765625,1510.21337890625,1001.3380737304688,3744.050048828125,1193.7196044921875,24.100000381469727
2024-05-07,2833.35791015625,1726.0,1125.8681640625,679.6284790039062,29070.09375,5041.3056640625,1360.998046875,547.7141723632812,3869.918212890625,1236.3116455078125,1286.776611328125,1264.15576171875,733.021728515625,4270.76904296875,2305.09765625,1113.6458740234375,1377.4010009765625,1640.2091064453125,4582.6396484375,1593.6578369140625,12117.2109375,1235.765380859375,338.206787109375,333.8500061035156,1391.17822265625,773.1497192382812,1496.584228515625,974.0924682617188,3799.33642578125,1222.2799072265625,22.850000381469727
2024-05-08,2857.935791015625,1773.0,1126.816650390625,672.3995971679688,29501.857421875,5094.4580078125,1358.594482421875,545.899658203125,3885.699462890625,1196.5506591796875,1313.9747314453125,1247.7239990234375,721.5845947265625,4401.6083984375,2267.945556640625,1104.889404296875,1364.3531494140625,1644.6490478515625,4596.6826171875,1599.1494140625,12293.126953125,1250.7159423828125,344.3093566894531,317.1499938964844,1408.1279296875,781.7305908203125,1502.905029296875,997.2980346679688,3797.4267578125,1217.125732421875,22.950000762939453
2024-05-09,2764.121337890625,1712.1500244140625,1113.8377685546875,653.1852416992188,29338.970703125,4940.21337890625,1333.1346435546875,542.1727294921875,3749.75634765625,1161.1856689453125,1295.0966796875,1253.8028564453125,704.4776000976562,4545.66015625,2253.0263671875,1097.7071533203125,1376.062744140625,1639.410888671875,4542.2685546875,1567.2882080078125,12255.00390625,1238.1298828125,335.2039489746094,333.0,1383.88232421875,790.4078979492188,1476.1405029296875,1015.2318725585938,3781.432861328125,1200.197509765625,22.600000381469727
2024-05-10,2794.693359375,1714.75,1118.280517578125,660.9974975585938,29879.2265625,4936.998046875,1314.2481689453125,540.2112426757812,3753.268798828125,1169.8095703125,1285.4140625,1250.1458740234375,709.361572265625,4652.984375,2288.774169921875,1099.035400390625,1362.058837890625,1624.294921875,4493.16943359375,1591.62939453125,12422.443359375,1247.8587646484375,344.3577880859375,349.6499938964844,1397.0845947265625,788.0457153320312,1487.8931884765625,1031.3427734375,3718.125732421875,1195.7528076171875,22.5
2024-05-13,2876.96826171875,1715.1500244140625,1130.1612548828125,664.4191284179688,30238.43359375,4999.11474609375,1387.9296875,539.6717529296875,3870.017333984375,1167.3497314453125,1302.2974853515625,1247.0115966796875,717.9208984375,4660.759765625,2286.933349609375,1109.808837890625,1360.6727294921875,1637.51513671875,4479.42041015625,1670.83740234375,12420.8251953125,1239.5091552734375,339.9019775390625,343.5,1392.394287109375,779.8023071289062,1506.1641845703125,945.713623046875,3769.592529296875,1193.5303955078125,22.25
2024-05-14,3034.77392578125,1788.800048828125,1121.026123046875,660.1619262695312,31302.94140625,5009.10205078125,1331.7119140625,543.8890991210938,3854.879638671875,1159.49658203125,1281.31640625,1254.752685546875,720.7328491210938,4811.39404296875,2276.228515625,1102.47900390625,1361.86767578125,1642.6038818359375,4519.693359375,1619.9285888671875,12558.3740234375,1225.2730712890625,344.64837646484375,340.04998779296875,1409.6414794921875,788.8652954101562,1526.1138916015625,950.5419921875,3725.09619140625,1206.2501220703125,22.549999237060547
2024-05-15,3046.962646484375,1839.1500244140625,1126.2176513671875,660.5870971679688,30373.53515625,4934.26953125,1380.1297607421875,535.3563842773438,3851.268310546875,1160.721435546875,1266.31591796875,1266.0078125,709.6575927734375,4824.60693359375,2250.749755859375,1106.2176513671875,1357.3271484375,1647.0936279296875,4533.78466796875,1621.8580322265625,12512.4091796875,1214.2633056640625,350.0244445800781,343.25,1405.86962890625,790.8900146484375,1508.4849853515625,933.4456787109375,3705.235107421875,1205.3043212890625,22.600000381469727
2024-05-16,3038.8701171875,1844.4000244140625,1137.4493408203125,667.2276000976562,30477.755859375,5006.13037109375,1394.2578125,531.62939453125,3889.458984375,1155.861083984375,1277.24755859375,1280.49267578125,720.3875122070312,4904.7900390625,2269.97998046875,1112.8095703125,1389.254150390625,1668.2960205078125,4652.65625,1645.4571533203125,12248.1435546875,1215.9136962890625,350.121337890625,342.54998779296875,1414.8778076171875,782.8394165039062,1517.2747802734375,922.7051391601562,3751.930419921875,1236.9383544921875,22.649999618530273
2024-05-17,3057.702880859375,1833.0,1139.4959716796875,665.2745361328125,30464.205078125,4956.4853515625,1372.6243896484375,525.49951171875,3869.275390625,1145.8148193359375,1269.747314453125,1266.292724609375,722.286865234375,4855.03955078125,2247.89208984375,1112.2684326171875,1380.603271484375,1692.7410888671875,4645.92724609375,1634.3748779296875,12389.1220703125,1204.6575927734375,353.9959716796875,342.25,1425.15185546875,788.52783203125,1512.435546875,931.869140625,3687.634521484375,1234.5267333984375,23.0
2024-05-21,3114.65087890625,1859.3499755859375,1135.802001953125,666.8023681640625,30322.134765625,5045.44677734375,1415.057373046875,528.9812622070312,3973.953369140625,1141.9127197265625,1257.7861328125,1274.55615234375,719.6721801757812,4821.31591796875,2238.543212890625,1102.8724365234375,1370.9010009765625,1694.4371337890625,4613.2109375,1666.13720703125,12224.279296875,1212.1944580078125,360.3406677246094,351.70001220703125,1425.57373046875,800.8689575195312,1521.8671875,937.38720703125,3674.26513671875,1252.0223388671875,23.25
2024-05-22,3138.079345703125,1866.449951171875,1124.1708984375,666.9705200195312,30373.58203125,5132.45849609375,1454.3018798828125,543.3496704101562,4015.508056640625,1160.2769775390625,1280.0909423828125,1275.6485595703125,719.8695068359375,4766.07958984375,2292.988037109375,1093.1812744140625,1390.640380859375,1695.7342529296875,4657.09326171875,1697.751220703125,12281.169921875,1216.3074951171875,362.1326599121094,368.8500061035156,1449.9185791015625,802.6334838867188,1520.2376708984375,933.642822265625,3685.6142578125,1258.1695556640625,22.950000762939453
2024-05-23,3384.2041015625,1888.800048828125,1163.357177734375,675.0894165039062,30300.78125,5145.8564453125,1461.0224609375,549.1853637695312,4069.38037109375,1165.206298828125,1294.208984375,1285.62158203125,736.3468017578125,4908.462890625,2308.10107421875,1116.2039794921875,1407.464111328125,1705.2130126953125,4711.26220703125,1615.475830078125,12676.6650390625,1218.7706298828125,360.6312255859375,356.25,1475.1319580078125,815.7206420898438,1476.5849609375,948.2755737304688,3744.717041015625,1264.884033203125,23.100000381469727
2024-05-24,3381.856201171875,1926.6500244140625,1172.093017578125,676.1030883789062,30280.013671875,5106.443359375,1458.3734130859375,547.3707885742188,4078.6806640625,1158.8939208984375,1284.69873046875,1277.6905517578125,748.4827880859375,4882.80029296875,2295.071044921875,1113.6949462890625,1400.48583984375,1699.62548828125,4719.5029296875,1597.368408203125,12740.9052734375,1215.6180419921875,363.19818115234375,340.95001220703125,1469.37451171875,812.28955078125,1468.2889404296875,946.5018920898438,3702.44580078125,1249.989013671875,23.0
2024-05-27,3286.0439453125,1929.5,1185.0718994140625,681.8980102539062,30993.12109375,5078.7216796875,1450.720947265625,556.4921264648438,4210.12158203125,1160.2669677734375,1302.9346923828125,1285.384033203125,753.6627807617188,4849.9833984375,2310.038818359375,1111.579833984375,1406.4603271484375,1707.158447265625,4770.50341796875,1599.0999755859375,12648.4384765625,1211.7509765625,358.0643005371094,356.70001220703125,1455.4774169921875,817.2891845703125,1447.894775390625,944.48193359375,3700.08935546875,1257.5074462890625,23.049999237060547
2024-05-28,3241.085205078125,1893.6500244140625,1181.4776611328125,679.6779174804688,30501.7109375,5116.04052734375,1451.505615234375,559.82666015625,4345.5205078125,1178.56201171875,1304.9444580078125,1290.22802734375,755.0440673828125,4945.4296875,2321.131103515625,1108.775634765625,1402.35009765625,1699.8250732421875,4764.55517578125,1586.5830078125,12562.685546875,1207.711669921875,353.9474792480469,342.3500061035156,1445.5010986328125,814.7894287109375,1446.759033203125,933.6920776367188,3693.212646484375,1243.7001953125,22.799999237060547
2024-05-29,3255.821533203125,1879.5999755859375,1157.8660888671875,673.1165161132812,30561.705078125,5095.82177734375,1465.33935546875,544.7717895507812,4400.82763671875,1185.5657958984375,1274.1591796875,1285.1942138671875,744.0921630859375,4907.0791015625,2299.28515625,1084.2281494140625,1386.9600830078125,1684.060546875,4759.53271484375,1584.60400390625,12533.333984375,1219.7803955078125,353.17254638671875,359.45001220703125,1430.1895751953125,806.4567260742188,1460.635009765625,929.7998046875,3658.347412109375,1216.605712890625,22.75
2024-05-30,3191.33056640625,1874.9000244140625,1166.052734375,654.302734375,30054.38671875,5065.37255859375,1438.8983154296875,540.554443359375,4366.0009765625,1160.4744873046875,1249.0113525390625,1265.0107421875,747.3234252929688,4899.68603515625,2277.97216796875,1095.7393798828125,1364.496337890625,1686.3052978515625,4654.55712890625,1562.7860107421875,12346.490234375,1184.6087646484375,348.4261474609375,377.3999938964844,1414.3814697265625,809.5936889648438,1441.0308837890625,910.437255859375,3593.377685546875,1173.4813232421875,22.549999237060547
2024-05-31,3408.232177734375,1908.3499755859375,1160.2623291015625,662.3375244140625,29841.720703125,5047.10302734375,1419.8648681640625,534.6207275390625,4261.52099609375,1144.29345703125,1245.4818115234375,1257.6494140625,755.5620727539062,4884.04052734375,2256.3203125,1102.970947265625,1371.7603759765625,1676.627197265625,4585.07763671875,1565.9029541015625,12151.7568359375,1160.02783203125,347.7480773925781,360.75,1419.8907470703125,814.005126953125,1441.7222900390625,909.5010986328125,3530.716796875,1161.7545166015625,23.0
2024-06-03,3641.91845703125,2038.0,1221.9119873046875,683.8806762695312,29444.666015625,5035.41015625,1424.9176025390625,534.3265991210938,4276.06494140625,1142.604248046875,1280.92431640625,1248.4837646484375,775.615966796875,4923.154296875,2282.33154296875,1141.292724609375,1370.785400390625,1714.1927490234375,4533.8818359375,1567.2882080078125,12227.0732421875,1160.101806640625,379.52008056640625,376.20001220703125,1499.228515625,887.8229370117188,1435.055908203125,936.5496826171875,3561.398193359375,1177.737060546875,23.549999237060547
2024-06-04,2938.56201171875,1646.0,1129.4124755859375,643.7312622070312,29011.578125,5188.68115234375,1434.9249267578125,567.08447265625,4278.291015625,1132.23193359375,1322.0528564453125,1238.130859375,731.6848754882812,5066.34814453125,2418.347412109375,1054.1707763671875,1358.84130859375,1634.2724609375,4515.59814453125,1548.2901611328125,11932.9638671875,1195.9140625,320.86785888671875,357.3999938964844,1387.0091552734375,759.9407348632812,1412.1429443359375,890.6804809570312,3573.083740234375,1172.0155029296875,21.850000381469727
2024-06-05,3112.502685546875,1828.8499755859375,1182.5758056640625,676.0782470703125,30306.42578125,5346.091796875,1468.675048828125,588.7105102539062,4454.94775390625,1150.6749267578125,1398.869384765625,1276.2657470703125,765.5520629882812,5398.14501953125,2521.473388671875,1090.7708740234375,1394.380859375,1714.2425537109375,4572.35205078125,1613.3485107421875,12252.994140625,1236.356689453125,330.312255859375,339.8500061035156,1410.3116455078125,774.2042846679688,1468.8817138671875,916.3494873046875,3603.33251953125,1198.1171875,22.649999618530273
2024-06-06,3182.73828125,1865.199951171875,1169.0478515625,684.8944091796875,30094.986328125,5301.07568359375,1449.1019287109375,585.7191772460938,4401.7177734375,1163.87255859375,1374.7017822265625,1327.3658447265625,769.4493408203125,5279.6123046875,2469.983154296875,1092.4925537109375,1435.478271484375,1730.8052978515625,4680.98388671875,1590.343017578125,12420.4833984375,1217.416015625,338.7879943847656,346.6499938964844,1421.0819091796875,800.868896484375,1454.46240234375,924.528076171875,3684.07568359375,1245.9224853515625,22.899999618530273
2024-06-07,3216.607421875,1864.25,1184.8721923828125,711.15966796875,30040.88671875,5323.58349609375,1468.969482421875,601.3134765625,4476.07080078125,1197.5286865234375,1399.9476318359375,1359.65966796875,776.1832885742188,5325.021484375,2497.302490234375,1103.6103515625,1495.2957763671875,1749.7625732421875,4853.5380859375,1612.4085693359375,12555.1396484375,1232.711181640625,349.2979736328125,381.29998779296875,1459.1500244140625,813.613037109375,1488.1893310546875,956.306396484375,3745.19775390625,1302.8067626953125,23.149999618530273
2024-06-10,3217.156982421875,1880.3499755859375,1198.05078125,701.0184326171875,30205.984375,5347.79736328125,1505.2706298828125,607.9337158203125,4488.14208984375,1206.3895263671875,1395.192626953125,1347.5494384765625,770.23876953125,5458.91455078125,2485.241455078125,1105.676513671875,1462.2913818359375,1741.730712890625,4781.6201171875,1616.960205078125,12463.6533203125,1255.247802734375,353.463134765625,389.04998779296875,1460.5894775390625,815.4265747070312,1494.3621826171875,960.8884887695312,3711.29443359375,1267.579345703125,23.8700008392334
2024-06-11,3218.305908203125,1855.699951171875,1192.6595458984375,705.8887939453125,30607.80078125,5376.3955078125,1501.34619140625,601.6568603515625,4427.986328125,1193.1722412109375,1401.2222900390625,1357.0953369140625,771.9653930664062,5520.35107421875,2476.522216796875,1100.166748046875,1458.39111328125,1716.1383056640625,4781.71728515625,1597.071533203125,12606.8369140625,1252.1690673828125,355.88482666015625,380.54998779296875,1445.9727783203125,819.102783203125,1481.177490234375,978.6854248046875,3704.94677734375,1276.1851806640625,23.6200008392334
2024-06-12,3216.10791015625,1827.3499755859375,1185.970458984375,713.7654418945312,30840.791015625,5299.95458984375,1511.8441162109375,607.5905151367188,4405.1318359375,1197.2816162109375,1389.0650634765625,1366.5457763671875,776.5780029296875,5523.78515625,2449.73583984375,1101.4951171875,1448.104736328125,1711.8978271484375,4828.08642578125,1588.6610107421875,12592.822265625,1249.8785400390625,359.6625671386719,402.5,1452.5738525390625,822.5828857421875,1488.1893310546875,980.2717895507812,3685.277587890625,1296.1868896484375,24.1200008392334
2024-06-13,3221.8525390625,1797.550048828125,1172.741943359375,721.3997192382812,31844.08203125,5241.638671875,1515.376220703125,597.9298706054688,4544.78466796875,1204.354736328125,1381.7119140625,1371.6749267578125,779.8340454101562,5548.3984375,2409.725341796875,1089.4918212890625,1456.6361083984375,1722.4739990234375,4921.798828125,1588.56201171875,12590.37109375,1256.99658203125,358.35491943359375,428.04998779296875,1454.4847412109375,827.2884521484375,1492.090576171875,977.446044921875,3730.00146484375,1313.5406494140625,23.799999237060547
2024-06-14,3260.0830078125,1806.300048828125,1179.1314697265625,726.008056640625,31740.64453125,5255.474609375,1535.1944580078125,596.9490356445312,4539.9365234375,1202.260498046875,1365.6817626953125,1359.2322998046875,787.8013305664062,5537.1416015625,2425.718994140625,1087.8192138671875,1451.7122802734375,1713.3446044921875,4907.51220703125,1587.2261962890625,12588.7548828125,1252.4400634765625,356.90191650390625,425.04998779296875,1466.6944580078125,822.680908203125,1497.22607421875,984.9317626953125,3685.662353515625,1296.99072265625,23.809999465942383
2024-06-18,3307.35888671875,1814.0,1189.9639892578125,725.3306274414062,32772.94921875,5257.6181640625,1545.0546875,588.6615600585938,4516.09228515625,1183.68896484375,1376.1724853515625,1365.0733642578125,793.1785888671875,5490.0615234375,2432.077392578125,1104.7418212890625,1460.7799072265625,1715.5396728515625,4963.14501953125,1564.814453125,12310.1796875,1256.306884765625,358.0643005371094,417.0,1470.1439208984375,828.2687377929688,1502.11474609375,977.4956665039062,3669.360107421875,1296.896240234375,23.799999237060547
2024-06-19,3260.23291015625,1789.6500244140625,1224.6573486328125,715.367431640625,32295.13671875,5223.31982421875,1530.3380126953125,587.043212890625,4432.19140625,1176.7640380859375,1364.554443359375,1373.2894287109375,817.869873046875,5387.841796875,2403.46484375,1125.993408203125,1473.6015625,1742.7781982421875,4938.794921875,1555.7607421875,11997.6953125,1244.3367919921875,351.138427734375,410.25,1447.9332275390625,835.817138671875,1485.374755859375,969.0184936523438,3656.471923828125,1306.1640625,23.809999465942383
2024-06-20,3257.7841796875,1806.4000244140625,1237.486572265625,712.7122802734375,31668.87109375,5240.6640625,1515.67041015625,589.2008666992188,4456.283203125,1179.648681640625,1334.4063720703125,1371.009765625,823.5431518554688,5251.32666015625,2428.11572265625,1138.1444091796875,1477.5504150390625,1762.284423828125,4970.8681640625,1539.3353271484375,11906.9443359375,1251.0853271484375,346.4403991699219,411.5,1462.8726806640625,827.141357421875,1452.783447265625,969.910888671875,3642.57373046875,1317.46533203125,23.959999084472656
2024-06-21,3187.670166015625,1780.449951171875,1235.4398193359375,709.0498046875,32014.1328125,5193.7470703125,1512.4327392578125,578.6085815429688,4474.19140625,1187.6798095703125,1330.2884521484375,1375.1890869140625,821.7672119140625,5201.146484375,2388.10693359375,1139.964599609375,1494.4183349609375,1771.663330078125,5042.68994140625,1544.57958984375,11957.90625,1230.7161865234375,348.52301025390625,411.1499938964844,1443.515869140625,819.8380126953125,1449.079833984375,953.60107421875,3665.17578125,1323.8016357421875,23.84000015258789
2024-06-24,3192.967529296875,1812.3499755859375,1226.10498046875,703.8419189453125,32415.853515625,5162.03125,1475.9844970703125,588.22021484375,4471.619140625,1196.2740478515625,1353.7696533203125,1368.540283203125,825.0478515625,5270.26318359375,2388.9873046875,1151.2298583984375,1489.0069580078125,1768.5704345703125,5028.669921875,1550.2691650390625,11940.1669921875,1246.30712890625,351.38055419921875,410.70001220703125,1430.88427734375,816.3088989257812,1475.992431640625,949.883056640625,3670.9951171875,1325.598388671875,23.959999084472656
2024-06-25,3169.4794921875,1797.0999755859375,1269.3846435546875,703.1065063476562,33203.73046875,5214.9404296875,1471.3731689453125,581.9431762695312,4491.1591796875,1200.9071044921875,1348.5733642578125,1375.283935546875,844.2631225585938,5256.4775390625,2379.205078125,1178.6307373046875,1503.437255859375,1777.8992919921875,5041.115234375,1542.4521484375,11874.7001953125,1239.115234375,349.54010009765625,412.79998779296875,1443.46630859375,825.6708984375,1486.559814453125,946.8590698242188,3691.81787109375,1350.234130859375,24.020000457763672
2024-06-26,3168.879638671875,1774.300048828125,1283.31201171875,711.4301147460938,33529.15625,5282.80615234375,1451.162353515625,590.230712890625,4497.1455078125,1199.2574462890625,1386.56494140625,1371.247314453125,839.40380859375,5202.10009765625,2392.3134765625,1198.357421875,1502.2183837890625,1794.11279296875,5093.8994140625,1566.9913330078125,11954.720703125,1248.3760986328125,353.6084899902344,409.3500061035156,1502.9013671875,828.7098388671875,1502.3123779296875,943.7359008789062,3708.5537109375,1336.332275390625,23.790000915527344
2024-06-27,3173.52734375,1808.449951171875,1286.856201171875,712.2798461914062,34118.5078125,5291.185546875,1452.9283447265625,587.7787475585938,4474.3896484375,1232.0242919921875,1335.337646484375,1381.8853759765625,836.7644653320312,5232.81884765625,2408.50244140625,1200.226806640625,1534.052978515625,1826.4400634765625,5290.2265625,1566.743896484375,11935.609375,1248.1297607421875,365.3292236328125,404.29998779296875,1519.304931640625,827.3864135742188,1497.4730224609375,963.8132934570312,3783.862060546875,1354.48974609375,23.510000228881836
2024-06-28,3175.526123046875,1788.800048828125,1263.1947021484375,707.1912841796875,33465.3359375,5335.2763671875,1452.8302001953125,589.1519165039062,4547.70361328125,1264.9097900390625,1348.91650390625,1386.3494873046875,830.671875,5322.87548828125,2419.165283203125,1180.2540283203125,1527.6177978515625,1798.4530029296875,5298.09765625,1604.294677734375,11793.6025390625,1256.9471435546875,366.49163818359375,401.75,1553.89892578125,832.239013671875,1502.01611328125,981.3128662109375,3755.008056640625,1352.6929931640625,23.690000534057617
2024-07-01,3182.1728515625,1776.8499755859375,1259.8502197265625,723.21240234375,33627.8828125,5336.2021484375,1451.162353515625,599.204833984375,4553.29345703125,1255.2979736328125,1370.6820068359375,1395.13525390625,841.2290649414062,5345.29443359375,2450.51708984375,1192.3065185546875,1551.0672607421875,1804.0404052734375,5359.53955078125,1599.050537109375,11866.91015625,1265.050537109375,358.1611633300781,411.8500061035156,1548.6875,825.3768310546875,1501.2752685546875,993.5079956054688,3826.229248046875,1392.1761474609375,24.059999465942383
2024-07-02,3151.588623046875,1774.1500244140625,1251.364013671875,712.1655883789062,34015.5625,5263.26953125,1460.531982421875,591.2114868164062,4522.96875,1258.5677490234375,1344.3087158203125,1406.4854736328125,853.7597045898438,5310.95068359375,2431.00146484375,1171.3992919921875,1580.5616455078125,1765.6268310546875,5385.611328125,1615.6243896484375,11802.177734375,1253.4005126953125,358.790771484375,421.04998779296875,1553.6756591796875,809.8878173828125,1505.176513671875,972.9348754882812,3863.93212890625,1392.2235107421875,23.850000381469727
2024-07-03,3189.3193359375,1775.050048828125,1277.9207763671875,721.4284057617188,33918.99609375,5309.50439453125,1455.7244873046875,597.9788818359375,4510.798828125,1269.5625,1341.220458984375,1406.675537109375,872.531005859375,5323.0185546875,2455.652587890625,1182.2218017578125,1586.7530517578125,1806.6346435546875,5378.13427734375,1613.447509765625,11881.611328125,1256.8734130859375,360.97027587890625,417.54998779296875,1541.019287109375,823.4161987304688,1514.953857421875,967.3330688476562,3813.774169921875,1399.458251953125,23.93000030517578
2024-07-04,3142.64306640625,1766.800048828125,1278.8193359375,706.3465576171875,34635.6875,5287.2392578125,1452.7811279296875,594.3009643554688,4495.85888671875,1280.12255859375,1337.151611328125,1445.9501953125,852.0578002929688,5302.60302734375,2441.566162109375,1213.115478515625,1609.42236328125,1829.732666015625,5371.34619140625,1740.7935791015625,11848.2392578125,1253.745361328125,361.2608947753906,412.45001220703125,1542.6075439453125,822.7789306640625,1538.607177734375,989.6907958984375,3867.34619140625,1379.929443359375,23.950000762939453
2024-07-05,3146.291259765625,1754.300048828125,1284.9593505859375,709.4224853515625,34436.96484375,5404.70068359375,1481.380615234375,594.7913818359375,4580.6005859375,1288.15380859375,1346.90673828125,1443.1484375,813.0598754882812,5302.31640625,2491.50390625,1213.509033203125,1606.30224609375,1848.540283203125,5334.15625,1751.5789794921875,11862.400390625,1268.03076171875,367.8961181640625,436.54998779296875,1576.9532470703125,842.826416015625,1548.9771728515625,985.1796264648438,3858.5458984375,1382.009765625,26.639999389648438
2024-07-08,3112.0087890625,1756.449951171875,1285.7579345703125,705.471923828125,33787.28515625,5425.8935546875,1458.962158203125,611.464599609375,4416.85595703125,1290.9493408203125,1398.0849609375,1456.4456787109375,806.7698974609375,5248.75,2530.77880859375,1215.1324462890625,1620.1475830078125,1849.0391845703125,5302.6728515625,1760.1875,11783.5576171875,1282.4393310546875,365.619873046875,472.3500061035156,1589.13818359375,839.3953247070312,1537.1258544921875,994.0532836914062,3840.65625,1387.9205322265625,25.68000030517578
2024-07-09,3109.16015625,1756.300048828125,1287.305419921875,702.4703979492188,34965.63671875,5523.62451171875,1483.489990234375,618.0847778320312,4503.67578125,1300.571044921875,1384.506103515625,1454.2611083984375,807.3372192382812,5331.98583984375,2533.71337890625,1228.1195068359375,1615.760009765625,1843.701171875,5290.3251953125,1795.660400390625,12571.6044921875,1297.0697021484375,365.23236083984375,461.6499938964844,1578.5911865234375,844.3458862304688,1565.7667236328125,1006.2980346679688,3833.25048828125,1386.171142578125,25.799999237060547
2024-07-10,3094.417724609375,1755.6500244140625,1289.5518798828125,701.16845703125,34747.17578125,5608.10302734375,1484.6181640625,619.555908203125,4587.77392578125,1302.4874267578125,1415.83056640625,1434.1724853515625,802.20654296875,5255.28515625,2553.5712890625,1223.1510009765625,1607.082275390625,1825.7415771484375,5289.4404296875,1807.6824951171875,12517.7998046875,1288.867919921875,369.44598388671875,467.1499938964844,1572.5855712890625,832.2880249023438,1578.75390625,996.9285888671875,3759.8173828125,1383.9012451171875,24.959999084472656
2024-07-11,3076.726806640625,1747.050048828125,1294.6435546875,690.7676391601562,34964.45703125,5613.7060546875,1477.55419921875,617.2510375976562,4533.9013671875,1302.922119140625,1412.693359375,1436.0247802734375,800.1346435546875,5271.98046875,2552.00634765625,1218.4775390625,1611.4210205078125,1840.3587646484375,5320.2841796875,1798.1834716796875,12461.349609375,1277.414794921875,365.28082275390625,480.25,1569.036865234375,839.8364868164062,1562.161865234375,1012.09814453125,3773.8115234375,1381.3006591796875,25.829999923706055
2024-07-12,3063.88330078125,1735.25,1316.1751708984375,696.1344604492188,34500.8359375,5638.79638671875,1483.489990234375,617.8886108398438,4491.1591796875,1327.55908203125,1415.634521484375,1481.900634765625,800.5292358398438,5291.6796875,2565.1142578125,1213.01708984375,1668.9962158203125,1828.7349853515625,5482.66845703125,1778.8392333984375,12311.69921875,1285.197998046875,365.3292236328125,465.95001220703125,1584.9937744140625,842.7774047851562,1562.7069091796875,1008.0827026367188,4024.120361328125,1423.3375244140625,25.600000381469727
2024-07-15,3088.820556640625,1741.0999755859375,1306.33349609375,702.0430297851562,34447.9609375,5660.8662109375,1488.5426025390625,620.2424926757812,4526.87646484375,1342.43603515625,1408.575439453125,1490.8289794921875,800.2332763671875,5348.39453125,2563.206787109375,1210.1146240234375,1664.4136962890625,1839.4110107421875,5389.69482421875,1813.470947265625,12391.5234375,1283.27685546875,373.5628356933594,469.6499938964844,1585.4901123046875,864.001220703125,1571.5244140625,1015.7169799804688,4009.932861328125,1417.6630859375,26.3799991607666
2024-07-16,3107.7109375,1759.949951171875,1302.886474609375,701.5808715820312,34471.18359375,5712.16748046875,1481.8712158203125,628.628173828125,4522.3251953125,1320.8330078125,1424.3111572265625,1490.7816162109375,799.0739135742188,5321.4443359375,2629.871826171875,1219.9041748046875,1682.939208984375,1801.246826171875,5472.53515625,1833.6456298828125,12387.2099609375,1289.93115234375,368.52581787109375,460.29998779296875,1564.669189453125,863.364013671875,1564.6884765625,1012.4451904296875,4018.830078125,1433.8819580078125,26.190000534057617
2024-07-18,3090.61962890625,1747.550048828125,1308.281982421875,706.6396484375,34511.44140625,5721.0830078125,1478.1920166015625,632.453125,4536.1767578125,1325.0960693359375,1436.5665283203125,1514.52685546875,796.6320190429688,5249.03662109375,2678.7333984375,1230.136474609375,1714.139892578125,1822.6485595703125,5663.94384765625,1806.017333984375,12391.62109375,1299.7022705078125,365.910400390625,445.29998779296875,1575.0177001953125,875.9610595703125,1579.5,1015.8162231445312,4150.6923828125,1455.7750244140625,25.75
2024-07-19,3004.163818359375,1723.300048828125,1291.2464599609375,688.9786376953125,33617.02734375,5727.3681640625,1457.44140625,623.391357421875,4471.86572265625,1318.835693359375,1423.477783203125,1514.52685546875,792.9319458007812,5177.96484375,2667.581787109375,1228.51318359375,1748.1680908203125,1819.502197265625,5669.69921875,1775.6065673828125,12274.26171875,1285.255859375,353.2209777832031,458.75,1543.7242431640625,871.84375,1554.136962890625,981.5607299804688,4147.65576171875,1436.5587158203125,24.770000457763672
2024-07-22,2999.31640625,1715.25,1281.4049072265625,684.203125,33678.49609375,5737.01416015625,1461.8564453125,627.0850219726562,4486.70703125,1345.645751953125,1441.37060546875,1497.95263671875,810.3218994140625,5211.783203125,2675.700927734375,1221.134033203125,1765.6209716796875,1755.5260009765625,5626.0166015625,1794.1412353515625,12388.8759765625,1280.036376953125,361.7936706542969,452.45001220703125,1489.6495361328125,859.540771484375,1572.6639404296875,994.5986328125,4133.14697265625,1440.55615234375,25.670000076293945
2024-07-23,2993.8193359375,1720.300048828125,1262.1712646484375,668.5845336914062,33608.9375,5792.45654296875,1469.6072998046875,642.4998779296875,4478.98974609375,1364.34716796875,1487.0093994140625,1529.7760009765625,798.407958984375,5259.8642578125,2706.07470703125,1206.96630859375,1791.0203857421875,1766.8629150390625,5596.7470703125,1788.8740234375,12376.919921875,1277.191650390625,370.4631042480469,457.25,1476.96826171875,846.8947143554688,1586.7821044921875,993.2601318359375,4147.60791015625,1438.485107421875,24.959999084472656
2024-07-24,2969.181884765625,1716.0,1238.1917724609375,656.6630859375,33659.55078125,5680.15869140625,1475.1014404296875,624.6226196289062,4503.3291015625,1355.4337158203125,1430.4879150390625,1515.7545166015625,791.3286743164062,5168.4716796875,2657.8486328125,1203.2767333984375,1788.1441650390625,1744.18896484375,5573.67529296875,1804.42724609375,12237.951171875,1257.3277587890625,380.29498291015625,456.29998779296875,1484.7109375,835.2289428710938,1604.4669189453125,1018.9392700195312,4151.3671875,1476.91796875,24.899999618530273
2024-07-25,2971.98046875,1820.5,1174.8958740234375,660.6981811523438,34285.703125,5680.2568359375,1471.7166748046875,621.7168579101562,4498.77783203125,1362.001953125,1451.1258544921875,1519.4873046875,797.5198974609375,5154.591796875,2648.213134765625,1178.58154296875,1779.2713623046875,1773.105712890625,5507.51123046875,1789.2218017578125,12259.462890625,1227.2724609375,379.8591003417969,462.79998779296875,1481.4351806640625,831.7978515625,1650.38818359375,1081.650146484375,4167.03271484375,1473.7392578125,24.6200008392334
2024-07-26,3078.92578125,1803.699951171875,1176.3446044921875,674.81103515625,34449.48046875,5722.349609375,1545.2508544921875,622.9481201171875,4739.79443359375,1367.0599365234375,1438.7724609375,1565.1884765625,798.2846069335938,5226.80859375,2651.9794921875,1187.7314453125,1831.971435546875,1811.7611083984375,5694.984375,1829.3223876953125,12410.8779296875,1225.4171142578125,383.8789978027344,509.04998779296875,1497.9381103515625,845.4732666015625,1698.389892578125,1108.76708984375,4230.0322265625,1484.479248046875,24.969999313354492
2024-07-29,3087.771240234375,1836.25,1169.0509033203125,677.067138671875,34468.2265625,5746.51416015625,1524.5985107421875,631.4681396484375,4871.63134765625,1359.3885498046875,1448.9688720703125,1562.3172607421875,791.822021484375,5174.7685546875,2652.517333984375,1193.1427001953125,1824.3662109375,1791.8341064453125,5693.1640625,1849.64599609375,12496.974609375,1222.1519775390625,381.55426025390625,494.04998779296875,1508.9317626953125,854.443115234375,1707.3065185546875,1114.41845703125,4223.52490234375,1469.2603759765625,24.950000762939453
2024-07-30,3127.151123046875,1832.4000244140625,1169.0009765625,678.17529296875,34456.87890625,5692.53369140625,1500.021728515625,624.3763427734375,4860.2529296875,1352.2537841796875,1411.61474609375,1560.3074951171875,797.0020141601562,5193.80078125,2632.75732421875,1189.9451904296875,1830.26513671875,1784.0430908203125,5580.90625,1850.9876708984375,12616.63671875,1215.8934326171875,394.19525146484375,496.8999938964844,1502.03271484375,855.6195068359375,1685.8568115234375,1151.94580078125,4208.341796875,1481.4932861328125,25.709999084472656
2024-07-31,3167.7802734375,1847.199951171875,1165.104248046875,676.5205078125,34510.0546875,5636.26318359375,1515.130859375,626.1492919921875,4870.98828125,1341.5914306640625,1412.5460205078125,1572.127685546875,797.1006469726562,5235.91943359375,2646.697021484375,1195.3074951171875,1821.58740234375,1805.8179931640625,5566.7880859375,1900.0325927734375,12853.9521484375,1215.2503662109375,402.96160888671875,494.25,1494.364501953125,855.2274169921875,1703.442626953125,1146.7901611328125,4227.62255859375,1497.2420654296875,26.510000228881836
2024-08-01,3215.605712890625,1901.949951171875,1171.299072265625,673.01220703125,33910.4453125,5583.35400390625,1516.994873046875,633.8320922851562,4865.744140625,1368.908203125,1441.4686279296875,1570.16552734375,808.471923828125,5162.30712890625,2656.38134765625,1190.584716796875,1806.3282470703125,1790.5855712890625,5587.20263671875,1941.276123046875,13092.345703125,1228.9298095703125,410.1781005859375,496.8500061035156,1504.1671142578125,845.6693725585938,1699.3309326171875,1134.64453125,4238.94921875,1487.657958984375,26.280000686645508
2024-08-02,3159.284423828125,1881.4000244140625,1159.8587646484375,668.3757934570312,33455.66796875,5573.80517578125,1512.6414794921875,618.1217041015625,4968.6259765625,1384.0521240234375,1430.5859375,1540.25634765625,818.51123046875,5068.46630859375,2633.88232421875,1177.25341796875,1775.7125244140625,1801.373046875,5420.93212890625,1949.375732421875,12590.1328125,1234.4215087890625,406.545654296875,527.0,1488.3092041015625,831.16064453125,1715.62890625,1087.3016357421875,4129.00146484375,1452.25927734375,25.450000762939453
2024-08-05,3036.647216796875,1768.75,1132.5321044921875,655.6244506835938,31921.93359375,5624.19482421875,1499.0367431640625,624.4747924804688,4805.07080078125,1353.8238525390625,1433.5272216796875,1495.368408203125,797.1006469726562,4981.68896484375,2656.7236328125,1153.689453125,1708.1435546875,1771.607421875,5303.06689453125,1936.2076416015625,12070.208984375,1242.23828125,400.29779052734375,499.3999938964844,1436.6912841796875,795.6732788085938,1704.433349609375,1007.7852172851562,4005.605224609375,1402.79736328125,23.540000915527344
2024-08-06,3071.129638671875,1749.5999755859375,1125.138427734375,649.8252563476562,32261.525390625,5778.76904296875,1515.7086181640625,619.6976928710938,4805.66748046875,1352.899658203125,1449.6551513671875,1514.8453369140625,789.922607421875,4971.982421875,2690.129638671875,1148.0322265625,1707.3634033203125,1768.510986328125,5372.57568359375,1898.939453125,12001.2060546875,1241.051025390625,401.992919921875,488.1000061035156,1445.3524169921875,781.9978637695312,1691.7518310546875,1005.1082763671875,4021.174560546875,1428.8529052734375,23.25
2024-08-07,3184.32177734375,1772.5,1135.829345703125,659.6446533203125,31996.572265625,5761.2978515625,1537.1298828125,629.6459350585938,4924.07861328125,1376.539794921875,1474.362060546875,1526.1868896484375,800.9239501953125,5036.70556640625,2684.26025390625,1153.5419921875,1746.9007568359375,1774.504150390625,5477.60205078125,1982.1220703125,12239.0322265625,1248.125732421875,406.43511962890625,505.8500061035156,1454.062744140625,792.7322998046875,1718.4029541015625,1016.559814453125,4049.372802734375,1419.4613037109375,24.049999237060547
2024-08-08,3165.93115234375,1778.1500244140625,1137.17822265625,654.1832885742188,31409.341796875,5670.33984375,1553.3564453125,627.873046875,4812.58642578125,1378.914794921875,1435.2430419921875,1491.0135498046875,810.3958740234375,4957.6640625,2673.646728515625,1145.818603515625,1699.6119384765625,1770.70849609375,5252.1025390625,2038.123779296875,12088.0166015625,1231.4530029296875,398.0389099121094,508.5,1438.478271484375,792.1441040039062,1720.9788818359375,1032.8695068359375,4022.4755859375,1412.526123046875,23.920000076293945
2024-08-09,3185.921142578125,1780.8499755859375,1141.774169921875,657.76123046875,31589.939453125,5666.0458984375,1558.105712890625,614.5758666992188,4808.05712890625,1393.85986328125,1416.516845703125,1521.7364501953125,814.0958862304688,5004.080078125,2687.341796875,1152.70556640625,1726.5225830078125,1767.612060546875,5286.783203125,2100.48583984375,12093.3095703125,1239.1710205078125,400.91900634765625,510.8500061035156,1463.46826171875,808.07421875,1719.2451171875,1058.994873046875,4076.654052734375,1451.2958984375,23.940000534057617
2024-08-12,3150.139404296875,1798.300048828125,1163.305908203125,656.762451171875,31174.875,5572.71923828125,1569.4842529296875,611.0298461914062,4868.830078125,1368.6300048828125,1365.3387451171875,1517.238037109375,818.9797973632812,5104.64794921875,2688.80908203125,1163.8199462890625,1752.507080078125,1770.5087890625,5313.24951171875,2084.634521484375,12141.833984375,1223.5372314453125,391.3512268066406,514.5999755859375,1449.8936767578125,796.6044921875,1717.8084716796875,1066.976318359375,4044.744873046875,1456.8828125,24.420000076293945
2024-08-13,3090.61962890625,1825.6500244140625,1158.6097412109375,642.5402221679688,31170.779296875,5593.20068359375,1566.7137451171875,596.7476806640625,4839.7626953125,1380.9219970703125,1361.319091796875,1524.320556640625,790.9093017578125,5040.8857421875,2681.66796875,1159.4039306640625,1752.5556640625,1750.0323486328125,5297.94970703125,2084.68408203125,12045.873046875,1229.276123046875,386.8114318847656,506.1499938964844,1452.8717041015625,781.8507690429688,1724.0006103515625,1044.4697265625,4045.998779296875,1448.117431640625,24.110000610351562
2024-08-14,3038.54638671875,1808.300048828125,1152.1153564453125,641.88916015625,30578.125,5585.94580078125,1547.271484375,595.319580078125,4640.8681640625,1351.6376953125,1344.2596435546875,1556.38330078125,793.1785888671875,4874.58642578125,2662.73974609375,1152.7552490234375,1777.71142578125,1745.8870849609375,5339.9111328125,2061.130615234375,12074.9580078125,1224.279296875,386.9578552246094,538.7999877929688,1451.1097412109375,787.1934814453125,1725.5362548828125,1053.2939453125,4140.7626953125,1468.34521484375,23.989999771118164
2024-08-16,3107.211181640625,1831.0,1165.8536376953125,655.0480346679688,31512.88671875,5655.53369140625,1559.44140625,608.3212280273438,4612.8955078125,1350.1571044921875,1382.587158203125,1596.67724609375,805.1665649414062,4928.0654296875,2688.368896484375,1178.1591796875,1812.5196533203125,1775.2532958984375,5473.91259765625,2073.156005859375,12082.5263671875,1249.436767578125,388.6175537109375,564.25,1467.339599609375,796.1143188476562,1726.626220703125,1088.987060546875,4257.2177734375,1527.005859375,24.270000457763672
2024-08-19,3100.964599609375,1898.0,1152.2652587890625,657.5774536132812,31182.521484375,5658.34716796875,1558.8477783203125,611.9656372070312,4648.732421875,1373.5587158203125,1381.2093505859375,1606.4874267578125,804.895263671875,4986.49365234375,2682.79296875,1166.8961181640625,1818.2236328125,1779.298583984375,5584.4482421875,2056.012451171875,12019.7060546875,1238.404052734375,393.54791259765625,572.7999877929688,1482.4791259765625,797.682861328125,1731.6295166015625,1078.4278564453125,4328.50830078125,1536.0120849609375,24.450000762939453
2024-08-20,3069.08056640625,1924.5999755859375,1167.002685546875,668.0974731445312,31625.26171875,5691.21630859375,1546.33154296875,613.738525390625,4701.7412109375,1384.29052734375,1371.7135009765625,1614.383544921875,807.92919921875,5039.82861328125,2691.10791015625,1170.4189453125,1825.438720703125,1803.570556640625,5615.63623046875,2082.299072265625,12084.158203125,1245.998291015625,396.6232604980469,572.8499755859375,1489.9990234375,804.1529541015625,1750.0076904296875,1077.634765625,4360.6103515625,1568.713623046875,24.510000228881836
2024-08-21,3114.107666015625,1920.8499755859375,1173.397216796875,669.4044189453125,31782.328125,5761.8408203125,1577.7459716796875,624.8195190429688,4878.58544921875,1403.5882568359375,1369.007568359375,1605.291015625,802.05859375,5078.55712890625,2730.3828125,1165.8541259765625,1825.9261474609375,1810.862060546875,5621.1953125,2104.411376953125,12090.0947265625,1262.448486328125,399.2593078613281,574.0499877929688,1492.7132568359375,799.4964599609375,1748.323486328125,1075.9490966796875,4387.7958984375,1545.644287109375,24.450000762939453
2024-08-22,3097.46630859375,1886.3499755859375,1168.950927734375,670.224365234375,32067.904296875,5761.2978515625,1569.0390625,636.4423217773438,4889.18798828125,1385.0260009765625,1417.2734375,1604.23828125,804.77197265625,5122.0419921875,2731.9482421875,1181.979736328125,1833.2877197265625,1819.40234375,5612.291015625,2096.162841796875,12144.900390625,1262.077392578125,393.7919921875,553.7000122070312,1492.1654052734375,804.1529541015625,1734.4530029296875,1059.3419189453125,4340.07666015625,1552.001708984375,24.579999923706055
2024-08-23,3074.77783203125,1900.9000244140625,1164.954345703125,669.4541625976562,32163.60546875,5717.71875,1557.907958984375,633.5858764648438,4833.939453125,1382.13427734375,1405.514404296875,1590.1688232421875,801.6885986328125,5174.84814453125,2754.25146484375,1194.2847900390625,1815.5909423828125,1815.9063720703125,5550.50537109375,2080.609619140625,12170.5732421875,1251.2919921875,392.4251708984375,554.8499755859375,1494.008056640625,799.3003540039062,1759.3209228515625,1075.899658203125,4303.3466796875,1539.6241455078125,24.389999389648438
2024-08-26,3067.431640625,1888.9000244140625,1169.30078125,673.6781005859375,32374.984375,5721.9638671875,1577.102783203125,644.716064453125,4903.92041015625,1379.908447265625,1431.492431640625,1645.6805419921875,809.0392456054688,5135.30322265625,2759.680419921875,1204.009765625,1829.2901611328125,1810.4127197265625,5647.267578125,2103.119384765625,12112.69921875,1246.5179443359375,405.0194396972656,530.4000244140625,1506.5828857421875,799.0062866210938,1756.05126953125,1083.0877685546875,4340.5107421875,1579.8389892578125,24.079999923706055
2024-08-27,3065.53271484375,1886.800048828125,1180.2413330078125,682.1507568359375,31867.423828125,5689.7353515625,1581.1595458984375,633.733642578125,4880.2783203125,1383.8135986328125,1433.0667724609375,1638.167236328125,807.9539184570312,5147.60400390625,2706.6123046875,1216.9598388671875,1852.641845703125,1801.273193359375,5658.6796875,2158.12744140625,12363.08984375,1247.457763671875,399.94268798828125,545.1500244140625,1494.481201171875,799.839599609375,1772.8446044921875,1068.06689453125,4335.4013671875,1564.86083984375,24.020000457763672
2024-08-28,3026.45263671875,1861.0999755859375,1169.9500732421875,685.7684326171875,31512.443359375,5629.57421875,1601.096435546875,634.7186279296875,5007.8974609375,1391.037841796875,1453.878662109375,1645.6805419921875,807.6332397460938,5104.21533203125,2704.1181640625,1214.47900390625,1890.6678466796875,1789.2371826171875,6028.6083984375,2187.14697265625,12225.181640625,1233.1351318359375,399.35687255859375,538.0,1492.33984375,793.467529296875,1795.0867919921875,1065.3900146484375,4343.98046875,1567.509521484375,23.959999084472656
2024-08-29,3018.6064453125,1829.6500244140625,1174.3963623046875,702.0231323242188,31306.931640625,5755.9677734375,1601.44287109375,634.4723510742188,4989.8291015625,1377.49365234375,1453.0914306640625,1676.6905517578125,808.3485717773438,5164.853515625,2724.562744140625,1212.5439453125,1885.0614013671875,1775.2032470703125,6033.08544921875,2180.190185546875,12320.451171875,1239.0968017578125,400.186767578125,554.5,1514.874755859375,798.4671020507812,1782.5537109375,1112.0885009765625,4349.5244140625,1586.7740478515625,23.729999542236328
2024-08-30,3017.80712890625,1838.1500244140625,1174.2464599609375,715.599365234375,31955.873046875,5779.50927734375,1637.40869140625,627.5775146484375,5070.810546875,1397.407470703125,1457.51953125,1678.0303955078125,807.5346069335938,5242.59814453125,2717.470703125,1219.7879638671875,1895.15283203125,1778.749267578125,6056.64892578125,2226.35302734375,12270.1953125,1237.216796875,406.3374938964844,621.9000244140625,1503.6197509765625,799.5454711914062,1804.796142578125,1101.876220703125,4389.9658203125,1576.322998046875,23.610000610351562
2024-09-02,3040.59521484375,1945.699951171875,1187.784912109375,739.4422607421875,31894.703125,5845.5439453125,1629.245849609375,627.0850219726562,5014.01953125,1365.7681884765625,1446.5478515625,1729.1392822265625,802.6258544921875,5360.60791015625,2728.280029296875,1220.5322265625,1915.4334716796875,1778.1998291015625,6054.1396484375,2218.94921875,12294.333984375,1241.7435302734375,400.2843933105469,607.8499755859375,1510.2183837890625,805.966552734375,1799.1488037109375,1083.335693359375,4358.44140625,1586.099853515625,23.8700008392334
2024-09-03,3034.548583984375,1897.9000244140625,1190.58251953125,730.8701782226562,31965.39453125,5839.5224609375,1635.7265625,628.6116943359375,5043.037109375,1362.1312255859375,1437.3963623046875,1713.6343994140625,807.7565307617188,5426.244140625,2733.41552734375,1238.1463623046875,1892.76416015625,1781.7457275390625,6046.4658203125,2226.40283203125,12264.357421875,1252.0589599609375,396.7696838378906,595.5999755859375,1503.1217041015625,808.5643920898438,1794.7401123046875,1075.8499755859375,4350.0546875,1583.6435546875,23.709999084472656
2024-09-04,3010.810546875,1930.9000244140625,1176.6943359375,725.4734497070312,32017.291015625,5849.88671875,1634.4403076171875,640.2836303710938,5073.49853515625,1348.8851318359375,1451.7138671875,1708.657470703125,809.9519653320312,5462.04052734375,2779.342529296875,1226.88330078125,1874.43359375,1781.7457275390625,5973.1689453125,2263.174072265625,12204.1591796875,1254.0379638671875,395.5005187988281,613.9000244140625,1508.525146484375,800.427734375,1815.892578125,1071.2396240234375,4318.14501953125,1584.799560546875,23.489999771118164
2024-09-05,3013.80908203125,1890.300048828125,1179.5419921875,720.0469360351562,33269.19921875,5774.3271484375,1610.5455322265625,635.112548828125,5097.68798828125,1330.71044921875,1434.3951416015625,1713.730224609375,811.7525024414062,5510.52294921875,2776.603271484375,1226.486328125,1884.866455078125,1775.9024658203125,6050.00732421875,2276.0439453125,12166.912109375,1239.2698974609375,393.6943359375,626.5499877929688,1487.035888671875,802.6334838867188,1809.601318359375,1060.0360107421875,4314.9638671875,1579.2127685546875,23.389999389648438
2024-09-06,2973.929443359375,1863.300048828125,1157.760498046875,727.2276611328125,31924.0078125,5767.96044921875,1594.0220947265625,634.7186279296875,5114.51123046875,1325.0264892578125,1420.3729248046875,1680.7581787109375,807.5592041015625,5519.70068359375,2777.092529296875,1198.899169921875,1854.34814453125,1762.118408203125,6065.84765625,2242.55224609375,12055.6669921875,1238.4288330078125,385.4445495605469,603.7999877929688,1458.997802734375,767.0970458984375,1807.66943359375,1040.40478515625,4296.4541015625,1563.560302734375,23.139999389648438
2024-09-09,2962.635009765625,1865.75,1169.8502197265625,730.2390747070312,32662.384765625,5862.6201171875,1603.02587890625,652.3988647460938,5150.0498046875,1322.790771484375,1468.1961669921875,1671.809326171875,812.2705688476562,5521.18994140625,2858.137451171875,1225.5435791015625,1847.3280029296875,1788.0885009765625,6047.3515625,2203.09765625,12015.69921875,1245.132568359375,380.61187744140625,627.6500244140625,1456.63232421875,768.8125610351562,1804.994384765625,1029.845458984375,4289.51318359375,1521.130126953125,22.889999389648438
2024-09-10,2984.873779296875,1849.699951171875,1186.1861572265625,719.7438354492188,33084.94921875,5892.67626953125,1614.7506103515625,655.2553100585938,5401.853515625,1321.697509765625,1479.020263671875,1702.7713623046875,814.169921875,5448.5390625,2835.44287109375,1227.8260498046875,1864.5372314453125,1789.5367431640625,6240.92431640625,2208.812255859375,12132.08984375,1254.408935546875,386.90899658203125,653.4000244140625,1455.7110595703125,767.2440795898438,1819.360107421875,1026.9703369140625,4345.71630859375,1548.293212890625,22.979999542236328
2024-09-11,2936.3486328125,1814.449951171875,1185.087158203125,730.0502319335938,32764.89453125,5930.9248046875,1611.13916015625,653.9256591796875,5414.64501953125,1314.1654052734375,1475.9697265625,1702.4364013671875,810.9879150390625,5433.8837890625,2840.871826171875,1226.88330078125,1862.4407958984375,1787.189453125,6197.58544921875,2195.743408203125,12111.51171875,1250.1295166015625,380.4166259765625,666.5,1445.7259521484375,753.4706420898438,1828.6236572265625,967.9774780273438,4318.2412109375,1543.6695556640625,23.81999969482422
2024-09-12,2989.471435546875,1811.9000244140625,1202.3223876953125,738.2744750976562,33657.08203125,6030.2236328125,1639.7337646484375,654.7628173828125,5457.94775390625,1328.345458984375,1489.25390625,1730.048583984375,822.1865234375,5576.783203125,2891.983642578125,1242.5623779296875,1901.7342529296875,1825.345458984375,6289.13330078125,2233.60791015625,12268.0673828125,1250.6241455078125,395.2564392089844,666.0,1473.913330078125,772.24365234375,1848.141357421875,977.7435302734375,4355.2119140625,1582.824951171875,23.43000030517578
2024-09-13,2966.8330078125,1788.199951171875,1216.410400390625,755.1900634765625,33883.26171875,6053.76513671875,1642.1578369140625,650.970703125,5473.72607421875,1323.74462890625,1467.4580078125,1735.025634765625,821.8658447265625,5569.72021484375,2869.04443359375,1240.7760009765625,1895.54296875,1818.253662109375,6312.59814453125,2242.50244140625,12184.17578125,1252.3804931640625,391.8882141113281,654.9500122070312,1466.766845703125,775.2826538085938,1836.59912109375,983.6427612304688,4359.935546875,1595.154296875,23.299999237060547
2024-09-16,2983.37451171875,1930.800048828125,1229.9989013671875,730.0701293945312,33581.21484375,5984.57177734375,1641.861083984375,651.4138793945312,5454.513671875,1321.041748046875,1433.0667724609375,1734.1162109375,824.3324584960938,5554.0078125,2804.62939453125,1253.1802978515625,1901.5394287109375,1829.1910400390625,6319.73095703125,2237.93115234375,12157.416015625,1261.384765625,401.35833740234375,682.1500244140625,1465.4969482421875,770.0869750976562,1845.7139892578125,979.974365234375,4350.921875,1588.363525390625,23.5
2024-09-17,2973.679443359375,1954.4000244140625,1231.0478515625,732.032958984375,34255.36328125,6032.0,1654.1300048828125,650.2319946289062,5427.48681640625,1317.97119140625,1436.0679931640625,1735.934814453125,823.2718505859375,5728.66796875,2810.8896484375,1258.39013671875,1903.7818603515625,1844.5234375,6351.509765625,2256.3662109375,12114.62890625,1260.024169921875,406.43511962890625,664.4000244140625,1466.4432373046875,767.4891967773438,1848.8348388671875,966.6390380859375,4343.59521484375,1590.8197021484375,23.399999618530273
2024-09-18,2954.789306640625,1950.800048828125,1239.3907470703125,758.4301147460938,33903.734375,6044.04248046875,1634.1434326171875,644.568359375,5444.359375,1305.28173828125,1409.253662109375,1681.140869140625,836.0985107421875,5732.07958984375,2813.188720703125,1278.485107421875,1844.8905029296875,1837.581298828125,6263.50341796875,2211.197265625,12073.423828125,1284.909423828125,404.3360595703125,671.4500122070312,1457.6282958984375,777.145263671875,1819.0133056640625,953.8489379882812,4189.83203125,1546.3668212890625,23.31999969482422
2024-09-19,2941.645751953125,1962.949951171875,1241.6387939453125,754.3800659179688,33975.7109375,6055.14697265625,1620.390380859375,654.713623046875,5404.5908203125,1292.31396484375,1421.750732421875,1661.9991455078125,842.8571166992188,5771.7685546875,2848.306396484375,1282.107177734375,1846.88916015625,1869.794189453125,6274.1787109375,2158.47509765625,12219.24609375,1303.2396240234375,413.9038391113281,655.0499877929688,1463.82861328125,774.400390625,1828.970458984375,958.7567749023438,4141.6298828125,1536.6861572265625,22.950000762939453
2024-09-20,3006.96240234375,2003.949951171875,1243.9368896484375,753.5949096679688,35208.87109375,6130.212890625,1621.3304443359375,657.520751953125,5426.04296875,1301.97265625,1433.312744140625,1684.53857421875,858.989013671875,5778.6875,2912.7216796875,1328.201416015625,1858.15087890625,1902.3067626953125,6270.19384765625,2138.400146484375,12479.4306640625,1335.5706787109375,413.9038391113281,664.0999755859375,1480.0140380859375,766.3128051757812,1848.4881591796875,962.5739135742188,4130.78515625,1562.4044189453125,23.0
2024-09-23,3042.394287109375,2031.199951171875,1245.7353515625,754.8521728515625,35973.640625,6130.85498046875,1640.624267578125,651.118408203125,5348.49609375,1322.5025634765625,1426.1295166015625,1677.5997314453125,868.1650390625,5949.07177734375,2962.5615234375,1311.7781982421875,1849.0830078125,1932.471923828125,6223.95263671875,2168.76123046875,12547.294921875,1348.2359619140625,418.1995544433594,651.5499877929688,1487.434326171875,786.0661010742188,1845.46630859375,963.515869140625,4114.974609375,1548.0523681640625,22.93000030517578
2024-09-24,3092.31884765625,2070.550048828125,1238.4915771484375,750.7872314453125,36211.8125,6122.9091796875,1620.2420654296875,645.99658203125,5351.4326171875,1321.6876220703125,1423.2265625,1699.4215087890625,872.2350463867188,5887.32763671875,2886.260986328125,1308.50341796875,1851.1793212890625,1912.4949951171875,6241.66259765625,2202.05419921875,12602.201171875,1334.01220703125,417.9554748535156,680.9500122070312,1483.4501953125,782.5369873046875,1850.8162841796875,968.9689331054688,4117.673828125,1576.9010009765625,22.950000762939453
2024-09-25,3103.51318359375,2066.75,1267.01708984375,757.7145385742188,36466.3046875,6100.3544921875,1625.832275390625,617.5799560546875,5369.8486328125,1329.85595703125,1406.6953125,1705.9298095703125,877.6863403320312,5850.81005859375,2884.69580078125,1313.7132568359375,1847.9617919921875,1895.7642822265625,6004.01220703125,2207.37109375,12648.4013671875,1334.482421875,425.76593017578125,687.4500122070312,1488.0069580078125,777.4883422851562,1853.2437744140625,955.3857421875,4121.0,1543.8140869140625,22.790000915527344
2024-09-26,3121.053955078125,2057.85009765625,1276.009521484375,772.075927734375,36644.53515625,6173.2001953125,1604.6585693359375,616.3487548828125,5354.9169921875,1340.379150390625,1399.5611572265625,1707.317626953125,879.832275390625,5815.39794921875,2921.03662109375,1318.87353515625,1852.7882080078125,1900.109375,6064.51953125,2174.624755859375,13240.4931640625,1363.2513427734375,424.3014831542969,705.1500244140625,1491.9910888671875,786.0661010742188,1880.8360595703125,984.6838989257812,4138.1123046875,1547.8597412109375,22.739999771118164
2024-09-27,3128.7001953125,1981.8499755859375,1272.0628662109375,770.843505859375,37467.56640625,6187.70947265625,1654.8226318359375,623.4898681640625,5433.16064453125,1341.47216796875,1366.4490966796875,1730.8143310546875,864.6377563476562,5724.96826171875,2901.618896484375,1296.5953369140625,1859.1258544921875,1870.2935791015625,6037.02099609375,2204.787109375,13351.095703125,1358.4029541015625,426.54693603515625,672.2999877929688,1520.1038818359375,786.8504028320312,1930.670654296875,984.53515625,4153.72900390625,1550.0751953125,22.739999771118164
2024-09-30,3134.24755859375,1902.699951171875,1231.1478271484375,765.5759887695312,37174.34375,6256.16259765625,1636.6170654296875,615.8070068359375,5418.6767578125,1341.8099365234375,1371.1231689453125,1719.0419921875,854.47509765625,5489.5732421875,2893.84228515625,1263.252685546875,1828.75390625,1851.81494140625,6143.52294921875,2177.556640625,13096.25390625,1330.8212890625,432.6976623535156,688.2999877929688,1470.701171875,772.3907470703125,1908.8741455078125,966.3416137695312,4114.974609375,1519.20361328125,22.479999542236328
2024-10-01,3184.471923828125,1884.949951171875,1225.6025390625,765.5759887695312,37334.47265625,6362.6669921875,1647.25341796875,609.7001953125,5399.21484375,1341.3131103515625,1366.055419921875,1738.5667724609375,851.5890502929688,5525.802734375,2860.044921875,1264.6419677734375,1856.7857666015625,1877.2357177734375,6172.15283203125,2180.8359375,13025.025390625,1339.28125,429.6711730957031,731.3499755859375,1458.997802734375,781.2625732421875,1902.1866455078125,956.9721069335938,4133.67724609375,1565.6312255859375,22.420000076293945
2024-10-03,3114.407470703125,1807.800048828125,1174.696044921875,738.8261108398438,36625.69140625,6249.845703125,1639.041259765625,571.483154296875,5405.685546875,1338.64013671875,1326.8427734375,1702.2451171875,829.7838134765625,5441.85986328125,2830.307373046875,1246.7301025390625,1846.1092529296875,1820.700927734375,6083.99951171875,2170.10302734375,12511.927734375,1323.3507080078125,425.03369140625,727.5499877929688,1401.3780517578125,778.4686889648438,1893.1707763671875,917.808837890625,4080.51025390625,1545.0662841796875,21.860000610351562
2024-10-04,3109.060302734375,1801.199951171875,1177.393798828125,716.7125244140625,36242.59375,6125.72216796875,1606.1427001953125,563.8495483398438,5400.95703125,1318.2891845703125,1321.77490234375,1700.3785400390625,817.771240234375,5305.4951171875,2786.678955078125,1230.2572021484375,1870.2410888671875,1806.916748046875,6015.37646484375,2184.662353515625,12470.7744140625,1285.4041748046875,420.24981689453125,695.1500244140625,1381.0093994140625,780.968505859375,1892.3782958984375,922.8157958984375,4099.30908203125,1557.0103759765625,21.950000762939453
2024-10-07,3016.457763671875,1752.449951171875,1144.7216796875,722.48193359375,36291.7265625,6041.13037109375,1607.4783935546875,560.8453979492188,5379.853515625,1313.648681640625,1311.049072265625,1700.713623046875,798.1119384765625,5286.94775390625,2771.66357421875,1224.4520263671875,1885.9876708984375,1788.1883544921875,6153.95166015625,2161.45654296875,12393.3623046875,1273.3822021484375,405.6052551269531,651.8499755859375,1365.272216796875,755.4802856445312,1887.6226806640625,919.9404907226562,4119.1689453125,1559.033203125,21.260000228881836
2024-10-08,3159.084716796875,1813.8499755859375,1152.3153076171875,714.2874755859375,37459.2265625,6124.142578125,1623.358642578125,558.826171875,5521.90625,1322.8204345703125,1283.6937255859375,1712.6771240234375,814.5151977539062,5314.14404296875,2757.3818359375,1227.13134765625,1899.8818359375,1801.3232421875,6273.833984375,2203.246826171875,12397.7646484375,1277.2906494140625,410.9749450683594,750.5999755859375,1391.791259765625,766.0676879882812,1899.41259765625,911.9591064453125,4100.27392578125,1569.1951904296875,21.540000915527344
2024-10-09,3152.13818359375,1784.449951171875,1169.15087890625,725.56787109375,38089.17578125,6018.37890625,1662.738037109375,556.5607299804688,5962.60009765625,1324.5693359375,1312.0823974609375,1732.0584716796875,805.6846313476562,5337.9287109375,2708.617919921875,1234.62353515625,1903.976806640625,1798.7261962890625,6336.5546875,2271.919677734375,12624.0654296875,1244.761474609375,408.5341796875,741.25,1369.1318359375,781.7037353515625,1912.98583984375,931.1442260742188,4099.98486328125,1597.8031005859375,21.549999237060547
2024-10-10,3172.577880859375,1780.5,1183.23876953125,727.4810180664062,37710.41796875,5924.5087890625,1601.7891845703125,563.11083984375,5915.2158203125,1308.3223876953125,1295.69873046875,1731.0535888671875,820.114501953125,5243.27099609375,2694.67822265625,1233.978515625,1871.0699462890625,1873.939453125,6243.58056640625,2141.331787109375,12805.5009765625,1243.0052490234375,412.6834716796875,732.0,1365.595947265625,781.4096069335938,1870.2845458984375,920.5849609375,4075.353271484375,1560.1407470703125,21.420000076293945
2024-10-11,3135.5966796875,1792.199951171875,1171.4488525390625,725.7219848632812,37971.4296875,5901.1650390625,1578.8837890625,562.2735595703125,6114.40869140625,1311.5220947265625,1294.665283203125,1760.7236328125,814.4906005859375,5262.6826171875,2722.55712890625,1213.635498046875,1886.7677001953125,1880.232177734375,6307.43310546875,2210.75,12639.8447265625,1242.6837158203125,412.4881896972656,724.5,1366.6417236328125,784.0074462890625,1884.353271484375,922.7662353515625,3999.966064453125,1586.4852294921875,21.399999618530273
2024-10-14,3099.515380859375,1775.3499755859375,1163.355712890625,716.4591064453125,38276.09375,5900.720703125,1581.55517578125,558.7769165039062,6186.6796875,1323.5855712890625,1291.614990234375,1776.2763671875,832.7931518554688,5338.6494140625,2728.328857421875,1222.3184814453125,1909.9732666015625,1908.5994873046875,6344.42529296875,2230.030029296875,12403.6005859375,1237.8599853515625,414.4407958984375,717.6500244140625,1367.0650634765625,789.3012084960938,1892.0810546875,920.3370971679688,3987.86669921875,1630.2640380859375,21.049999237060547
2024-10-15,3103.11328125,1763.0,1152.86474609375,697.3867797851562,38184.87890625,5990.1982421875,1555.137451171875,562.4213256835938,6079.02001953125,1313.996337890625,1320.98779296875,1789.8673095703125,830.81982421875,5290.8876953125,2720.845458984375,1245.8865966796875,1910.3634033203125,1893.0174560546875,6356.4775390625,2236.98681640625,12313.4765625,1229.0535888671875,416.4910583496094,729.75,1338.678466796875,788.81103515625,1880.8856201171875,909.4804077148438,3968.73095703125,1613.74462890625,21.200000762939453
2024-10-16,3084.32275390625,1751.050048828125,1152.2152099609375,691.368896484375,37749.1953125,6011.3212890625,1545.6883544921875,569.6116943359375,6095.89306640625,1333.721435546875,1339.2410888671875,1785.2252197265625,838.565185546875,5187.62939453125,2720.64990234375,1233.6312255859375,1872.1424560546875,1874.1890869140625,6256.666015625,2181.730712890625,12251.2998046875,1218.1693115234375,414.19671630859375,721.9500122070312,1348.6884765625,789.5952758789062,1880.93505859375,899.7144165039062,3947.667236328125,1599.248046875,21.149999618530273
2024-10-17,3012.209716796875,1733.550048828125,1130.883544921875,685.71875,35996.33203125,5911.03564453125,1542.225341796875,563.947998046875,6049.8525390625,1332.3599853515625,1325.76025390625,1787.6658935546875,825.4178466796875,5013.93017578125,2678.977783203125,1221.8223876953125,1918.9434814453125,1861.9033203125,6291.19921875,2162.84814453125,12013.720703125,1176.833984375,407.8507385253906,696.1500244140625,1351.0291748046875,795.0850219726562,1872.0679931640625,883.99951171875,3961.2119140625,1636.52490234375,20.899999618530273
2024-10-18,3000.4658203125,1736.050048828125,1195.8280029296875,685.7237548828125,36307.953125,5811.04638671875,1535.29931640625,562.8153076171875,5994.95263671875,1339.7232666015625,1314.78857421875,1777.9991455078125,829.7098388671875,5012.72900390625,2657.897705078125,1254.8177490234375,1832.6539306640625,1868.895263671875,5894.9521484375,2166.22705078125,11975.484375,1162.758544921875,414.880126953125,725.1500244140625,1353.8927001953125,804.2510375976562,1892.675537109375,902.3914184570312,3984.452880859375,1625.8331298828125,21.09000015258789
2024-10-21,2936.148681640625,1710.800048828125,1189.28369140625,673.9315185546875,36345.83984375,5703.5546875,1507.644775390625,559.6633911132812,5898.1435546875,1331.038330078125,1292.500732421875,1764.504150390625,852.8223876953125,5037.7626953125,2634.86083984375,1249.4095458984375,1806.474609375,1787.1395263671875,5847.13720703125,2138.6484375,12045.52734375,1164.935546875,414.928955078125,725.9500122070312,1363.7532958984375,797.927978515625,1879.4490966796875,895.5997924804688,3942.705322265625,1638.64404296875,21.020000457763672
2024-10-22,2822.35693359375,1684.449951171875,1174.7459716796875,663.6946411132812,35582.35546875,5652.91845703125,1494.3863525390625,550.7000732421875,5791.57861328125,1324.0823974609375,1278.82275390625,1755.9783935546875,845.841796875,4973.90478515625,2623.268798828125,1257.7947998046875,1805.3531494140625,1761.1195068359375,5781.76025390625,2118.87158203125,11795.630859375,1162.758544921875,405.8981628417969,686.4500122070312,1338.006103515625,774.841552734375,1870.0865478515625,872.002685546875,3880.5185546875,1634.1650390625,20.040000915527344
2024-10-23,2834.100830078125,1702.0999755859375,1159.4091796875,695.2897338867188,35770.3046875,5674.48583984375,1469.89794921875,550.30615234375,5701.63818359375,1313.2510986328125,1271.688720703125,1778.1358642578125,856.3251342773438,4944.97900390625,2601.357177734375,1242.0164794921875,1826.60888671875,1765.76416015625,5839.216796875,2061.72705078125,11828.1796875,1151.330078125,398.6246643066406,745.0999755859375,1333.2003173828125,770.5281372070312,1822.3323974609375,870.16845703125,3929.5625,1672.1162109375,20.020000457763672
2024-10-24,2828.753662109375,1692.4000244140625,1166.3531494140625,699.7720947265625,35566.37109375,5539.80078125,1476.5272216796875,532.8720703125,5710.64697265625,1308.242919921875,1235.0341796875,1777.3170166015625,863.15771484375,4914.13134765625,2450.51708984375,1243.15771484375,1816.809814453125,1760.1705322265625,5873.947265625,2118.374755859375,11637.740234375,1117.4405517578125,402.1393737792969,764.4500122070312,1334.4703369140625,778.9097900390625,1831.7939453125,872.4984130859375,3911.829345703125,1671.9234619140625,20.020000457763672
2024-10-25,2692.073486328125,1644.0,1188.3343505859375,686.7772827148438,35450.7890625,5596.0634765625,1473.1632080078125,530.6066284179688,5754.54736328125,1294.7286376953125,1270.6063232421875,1784.4940185546875,860.0744018554688,4779.3037109375,2472.966796875,1245.8370361328125,1815.5423583984375,1766.81298828125,5827.40283203125,2143.369140625,11379.6826171875,1118.4547119140625,389.4474182128906,744.4500122070312,1322.5677490234375,765.5775756835938,1843.1876220703125,856.9322509765625,3921.1552734375,1653.3331298828125,19.3799991607666
2024-10-28,2797.2197265625,1613.1500244140625,1170.599609375,686.896484375,35639.578125,5648.27880859375,1487.2625732421875,545.3812255859375,5788.04443359375,1303.2347412109375,1275.919921875,1803.183349609375,855.5357055664062,4735.57861328125,2519.67626953125,1282.95068359375,1818.7598876953125,1747.8348388671875,5814.1748046875,2191.072509765625,11360.29296875,1124.070068359375,394.3289489746094,733.2000122070312,1329.0418701171875,776.4590454101562,1885.29443359375,870.9616088867188,3953.335693359375,1639.9443359375,20.540000915527344
2024-10-29,2847.144287109375,1635.0999755859375,1185.8365478515625,697.943359375,35928.90234375,5594.18798828125,1461.93310546875,527.7993774414062,5777.044921875,1266.6666259765625,1257.8634033203125,1803.183349609375,864.2430419921875,4600.70361328125,2492.1396484375,1321.6519775390625,1813.7799072265625,1758.1728515625,5777.10693359375,2192.513427734375,10927.724609375,1121.76953125,402.3834533691406,744.4500122070312,1334.66943359375,816.3088989257812,1854.283935546875,835.56591796875,3938.260009765625,1636.0433349609375,20.729999542236328
2024-10-30,2967.782470703125,1634.199951171875,1169.400634765625,691.2347412109375,35688.95703125,5707.7001953125,1403.2598876953125,538.4371948242188,5859.91748046875,1241.97314453125,1279.265625,1771.4404296875,855.7330932617188,4717.80029296875,2499.28076171875,1302.1029052734375,1777.0960693359375,1732.6024169921875,5720.73974609375,2144.90966796875,11135.921875,1126.1728515625,398.8199462890625,752.0999755859375,1338.553955078125,806.2606201171875,1834.96435546875,833.0377197265625,3947.34375,1622.9913330078125,20.719999313354492
2024-10-31,2945.743896484375,1598.300048828125,1158.5599365234375,684.749755859375,34651.29296875,5652.8193359375,1535.348876953125,531.8870849609375,5862.95361328125,1266.169677734375,1267.5107421875,1701.35546875,856.2756958007812,4794.91943359375,2473.162353515625,1282.355224609375,1732.868408203125,1729.1064453125,5637.5224609375,2173.43212890625,10957.849609375,1119.5679931640625,400.9319152832031,758.9000244140625,1326.7510986328125,804.054931640625,1831.7939453125,826.9401245117188,3835.050048828125,1563.415283203125,20.399999618530273
2024-11-01,2947.99267578125,1632.6500244140625,1168.5513916015625,688.1139526367188,34711.02734375,5619.4072265625,1543.06640625,534.3987426757812,5876.79052734375,1251.6617431640625,1259.5587158203125,1693.0223388671875,857.0651245117188,4824.66259765625,2482.2109375,1281.90869140625,1736.4183349609375,1742.39111328125,5658.00634765625,2184.11572265625,10991.0400390625,1129.14111328125,404.0753479003906,761.8499755859375,1333.3248291015625,805.0352783203125,1841.2061767578125,836.260009765625,3850.2705078125,1558.5557861328125,20.709999084472656
2024-11-04,2895.919189453125,1611.949951171875,1138.2772216796875,680.1729736328125,34867.8515625,5552.435546875,1567.8515625,526.9129638671875,5874.9990234375,1260.3070068359375,1256.644775390625,1698.368896484375,845.6197509765625,4618.57763671875,2469.78759765625,1267.42041015625,1739.1795654296875,1727.3583984375,5663.484375,2174.82373046875,10934.1064453125,1111.2811279296875,393.8592834472656,751.2000122070312,1296.9700927734375,813.5149536132812,1792.1641845703125,817.0748901367188,3830.894287109375,1592.3287353515625,20.329999923706055
2024-11-05,2914.06005859375,1644.25,1170.699462890625,688.7848510742188,35135.66796875,5532.59521484375,1584.276123046875,526.8143920898438,5784.9091796875,1264.182373046875,1250.816650390625,1708.5806884765625,867.2030029296875,4632.65625,2466.412841796875,1286.7711181640625,1729.860595703125,1755.12646484375,5646.40673828125,2168.264404296875,11050.49609375,1119.3206787109375,395.97125244140625,764.4500122070312,1300.1075439453125,832.4840698242188,1786.9130859375,828.5264892578125,3837.8525390625,1586.7403564453125,20.6200008392334
2024-11-06,3044.693115234375,1721.1500244140625,1165.50390625,696.3233032226562,35786.9765625,5621.2333984375,1577.2017822265625,531.4930419921875,5927.1611328125,1293.8939208984375,1259.608154296875,1771.0550537109375,865.92041015625,4701.94384765625,2474.67578125,1292.3779296875,1798.3963623046875,1760.570068359375,5913.236328125,2152.661376953125,11232.6748046875,1125.8265380859375,401.6686706542969,797.7000122070312,1320.0777587890625,837.9738159179688,1810.54248046875,832.5419311523438,4000.494873046875,1645.9278564453125,20.84000015258789
2024-11-07,2968.582275390625,1642.699951171875,1158.9095458984375,686.2156982421875,34896.015625,5615.31103515625,1559.490966796875,526.4697265625,5932.93505859375,1279.23681640625,1243.1610107421875,1764.8411865234375,861.62841796875,4628.1396484375,2449.738037109375,1268.908935546875,1778.032958984375,1744.8883056640625,5810.42333984375,2098.448486328125,11179.154296875,1119.5185546875,396.6588439941406,795.8499755859375,1300.4561767578125,842.6793212890625,1774.380126953125,812.7620239257812,4011.366455078125,1604.5743408203125,20.780000686645508
2024-11-08,2927.603271484375,1598.550048828125,1159.9586181640625,685.3659057617188,34649.1171875,5672.8076171875,1575.76708984375,526.22216796875,5922.880859375,1275.5601806640625,1235.8018798828125,1770.1881103515625,865.5256958007812,4582.876953125,2481.60302734375,1249.2109375,1804.5595703125,1743.78955078125,5850.84814453125,2091.59130859375,11181.9736328125,1135.745849609375,390.61761474609375,848.5499877929688,1278.6431884765625,826.55322265625,1792.857666015625,798.5839233398438,4007.597900390625,1634.0709228515625,20.15999984741211
2024-11-11,2902.166015625,1557.4000244140625,1170.0001220703125,673.7228393554688,34522.29296875,5364.35009765625,1536.3878173828125,517.55908203125,5873.20703125,1279.783447265625,1205.969970703125,1798.8963623046875,871.3717041015625,4571.92138671875,2465.12646484375,1259.5810546875,1834.291259765625,1741.9915771484375,5897.88623046875,2072.012939453125,11277.6376953125,1127.5333251953125,385.6077880859375,820.1500244140625,1267.6370849609375,830.964599609375,1777.996337890625,797.84033203125,4057.560302734375,1656.229736328125,19.889999389648438
2024-11-12,2868.533203125,1524.1500244140625,1157.1611328125,659.7490234375,32832.87109375,4962.515625,1509.030029296875,505.43072509765625,5784.36181640625,1255.9346923828125,1161.8641357421875,1804.2430419921875,847.6423950195312,4539.9208984375,2435.8837890625,1260.8709716796875,1842.87060546875,1719.4176025390625,5927.9443359375,2077.180908203125,11023.78515625,1116.228515625,373.5744323730469,789.7000122070312,1269.1810302734375,810.427001953125,1784.1885986328125,778.1594848632812,4056.303466796875,1639.56201171875,19.75
2024-11-13,2815.260498046875,1468.449951171875,1138.1773681640625,652.5732421875,32767.26171875,4981.220703125,1489.6866455078125,505.7772521972656,5743.94580078125,1237.15380859375,1169.4703369140625,1796.4398193359375,829.463134765625,4343.3017578125,2439.2978515625,1244.100341796875,1842.4761962890625,1685.90625,5871.18310546875,2026.396728515625,10931.2861328125,1105.86376953125,374.60589599609375,753.25,1247.0693359375,792.7322998046875,1762.540771484375,779.547607421875,4010.83544921875,1628.4825439453125,19.06999969482422
2024-11-14,2825.35546875,1490.300048828125,1139.7259521484375,650.8985595703125,33408.65625,4852.01416015625,1483.8984375,503.0545654296875,5724.0361328125,1218.9691162109375,1160.777587890625,1790.8521728515625,835.087158203125,4424.4091796875,2364.336181640625,1247.325439453125,1838.6795654296875,1705.9332275390625,5917.67822265625,2003.3897705078125,10888.2021484375,1079.914794921875,365.9123840332031,769.0999755859375,1262.5574951171875,788.4188842773438,1751.8406982421875,767.699462890625,4006.534912109375,1640.0479736328125,19.309999465942383
2024-11-18,2817.259521484375,1456.949951171875,1125.23828125,652.76708984375,33341.765625,4847.8193359375,1449.7630615234375,503.4505920410156,5740.51123046875,1186.028076171875,1167.2476806640625,1767.779541015625,841.1797485351562,4548.37744140625,2397.685546875,1243.852294921875,1786.3162841796875,1720.7659912109375,5766.49462890625,2023.166748046875,10975.162109375,1094.9547119140625,360.2149658203125,783.9000244140625,1255.7347412109375,798.2710571289062,1731.579833984375,765.3199462890625,3884.384033203125,1614.0987548828125,19.280000686645508
2024-11-19,2820.05810546875,1412.699951171875,1132.981689453125,655.4853515625,33842.6640625,4829.41064453125,1455.99658203125,503.153564453125,5874.10302734375,1205.8026123046875,1170.8533935546875,1753.8590087890625,859.507080078125,4589.50732421875,2385.26611328125,1239.53564453125,1799.4317626953125,1725.76025390625,5810.37451171875,2025.6015625,10841.953125,1095.4248046875,360.2149658203125,814.25,1236.710693359375,787.1934814453125,1760.806884765625,776.5236206054688,3903.760009765625,1651.8564453125,19.559999465942383
2024-11-21,2182.533935546875,1145.699951171875,1138.1773681640625,642.5997924804688,33651.953125,4741.21630859375,1450.010498046875,500.7279052734375,5950.00732421875,1187.816650390625,1164.333740234375,1769.080078125,858.989013671875,4581.8681640625,2358.0029296875,1240.974609375,1808.602783203125,1735.0994873046875,5854.89501953125,2030.3719482421875,10745.1513671875,1093.9652099609375,349.8515319824219,845.4000244140625,1218.1348876953125,765.3814697265625,1763.531494140625,767.2532348632812,3935.940673828125,1654.3831787109375,19.1299991607666
2024-11-22,2226.861328125,1051.800048828125,1141.424560546875,664.2959594726562,33858.0078125,4785.63427734375,1470.7884521484375,507.9059143066406,5971.1611328125,1206.7962646484375,1177.7679443359375,1828.8570556640625,861.1597290039062,4607.09423828125,2419.802978515625,1268.2640380859375,1875.8564453125,1759.42138671875,6054.94287109375,2058.546875,10945.1357421875,1111.825439453125,358.987060546875,900.9500122070312,1260.3662109375,799.9866333007812,1778.68994140625,784.257080078125,4101.91748046875,1698.3121337890625,19.209999084472656
2024-11-25,2256.34619140625,968.7999877929688,1154.9129638671875,664.4400634765625,34573.3515625,4840.51513671875,1487.4110107421875,516.3214721679688,6110.6259765625,1201.6788330078125,1203.8460693359375,1822.4024658203125,880.8929443359375,4668.7890625,2445.730224609375,1290.9886474609375,1863.4805908203125,1788.687744140625,6036.7294921875,2094.125244140625,10907.0986328125,1116.5994873046875,361.8848876953125,892.9500122070312,1281.8802490234375,827.8275756835938,1782.256591796875,789.809326171875,4170.0478515625,1683.8797607421875,19.18000030517578
2024-11-26,2149.40087890625,898.5499877929688,1143.822509765625,657.7363891601562,34519.7265625,4948.74658203125,1476.9229736328125,520.1332397460938,6044.974609375,1201.0328369140625,1224.9853515625,1829.9649658203125,880.8683471679688,4649.95458984375,2453.399658203125,1294.9580078125,1897.45263671875,1781.5458984375,6147.19287109375,2023.415283203125,10826.767578125,1120.7059326171875,355.2542724609375,886.5999755859375,1290.545654296875,822.8770141601562,1745.3017578125,776.3253173828125,4206.38330078125,1696.3199462890625,20.139999389648438
2024-11-27,2396.57470703125,988.4000244140625,1148.6683349609375,666.407958984375,34422.05078125,4919.67724609375,1475.389404296875,522.2619018554688,5972.00732421875,1192.3380126953125,1246.22314453125,1821.7763671875,894.06494140625,4681.234375,2461.019287109375,1290.740478515625,1897.7977294921875,1781.1463623046875,6181.2998046875,1993.948486328125,10939.9423828125,1125.0101318359375,362.76898193359375,918.9500122070312,1288.0555419921875,817.6812744140625,1733.26416015625,777.2672119140625,4186.91064453125,1707.3992919921875,20.260000228881836
2024-11-28,2435.854736328125,1087.199951171875,1131.532958984375,646.947998046875,34211.359375,4859.9599609375,1476.972412109375,520.7767944335938,5924.82177734375,1184.4381103515625,1235.9993896484375,1773.4635009765625,884.6176147460938,4596.9072265625,2436.576416015625,1276.5003662109375,1830.88916015625,1757.174072265625,6080.658203125,1986.0477294921875,10832.6044921875,1106.3585205078125,355.6471862792969,926.6500244140625,1265.7447509765625,822.3377685546875,1718.2047119140625,772.8055419921875,4102.20703125,1665.171142578125,20.360000610351562
2024-11-29,2461.89111328125,1323.9000244140625,1135.3297119140625,653.5572509765625,34497.96875,4877.2333984375,1517.6875,521.9154052734375,6144.720703125,1194.722900390625,1229.4798583984375,1780.3515625,886.04833984375,4575.9580078125,2470.173095703125,1290.1451416015625,1832.072509765625,1763.217041015625,6093.14599609375,2038.0740966796875,10955.623046875,1105.5667724609375,357.2189025878906,901.75,1287.0595703125,822.4358520507812,1764.4232177734375,779.7459106445312,4127.28466796875,1664.150634765625,19.959999084472656
2024-12-02,2455.79443359375,1327.949951171875,1136.1290283203125,660.9863891601562,34460.4296875,4843.77197265625,1491.764404296875,518.6976928710938,6226.99609375,1214.05029296875,1212.1932373046875,1802.9425048828125,890.3156127929688,4563.224609375,2453.35009765625,1294.6602783203125,1853.718017578125,1751.9300537109375,6133.5703125,2056.7578125,11118.955078125,1114.076416015625,351.86529541015625,895.9500122070312,1303.9422607421875,819.93603515625,1791.8173828125,783.315185546875,4132.8896484375,1696.8543701171875,20.09000015258789
2024-12-03,2512.9150390625,1312.800048828125,1159.509033203125,663.451171875,34456.0390625,4846.091796875,1517.6875,517.361083984375,6182.39892578125,1216.782958984375,1215.4530029296875,1821.4873046875,900.9715576171875,4513.78125,2457.01171875,1298.381591796875,1865.8472900390625,1747.884765625,6087.8154296875,2068.782958984375,11158.4775390625,1118.949462890625,360.95172119140625,902.5999755859375,1318.035888671875,837.1405639648438,1783.3961181640625,794.4197387695312,4158.11279296875,1700.3045654296875,20.84000015258789
2024-12-04,2493.47509765625,1260.8499755859375,1158.4599609375,669.8665771484375,34709.546875,4788.79248046875,1484.98681640625,517.6085815429688,6228.140625,1207.889404296875,1213.5267333984375,1828.134521484375,917.6461791992188,4455.0166015625,2438.8525390625,1305.9730224609375,1863.036865234375,1755.47607421875,6141.61572265625,2088.659423828125,11010.6767578125,1117.0201416015625,366.157958984375,939.8499755859375,1303.742919921875,842.7774047851562,1783.5445556640625,781.3817749023438,4208.0263671875,1710.1204833984375,21.229999542236328
2024-12-05,2521.260986328125,1229.5999755859375,1165.404052734375,680.8388671875,35685.15625,4808.97802734375,1482.414306640625,517.9551391601562,6068.5673828125,1232.0362548828125,1229.57861328125,1853.5191650390625,920.4335327148438,4463.18505859375,2468.639404296875,1326.2664794921875,1908.004150390625,1773.105712890625,6265.65185546875,2111.914794921875,11062.515625,1120.82958984375,362.62164306640625,955.8499755859375,1316.7908935546875,848.4142456054688,1796.671875,785.7938842773438,4313.990234375,1736.701416015625,21.170000076293945
2024-12-06,2505.118896484375,1210.6500244140625,1183.53857421875,680.8289794921875,35768.1796875,4807.84326171875,1461.78466796875,518.5986328125,6102.9609375,1245.7989501953125,1220.3919677734375,1852.266845703125,915.5494995117188,4449.0107421875,2457.951904296875,1318.5758056640625,1895.7269287109375,1774.903564453125,6296.99462890625,2120.3623046875,11196.763671875,1121.9674072265625,362.9654541015625,976.25,1306.3326416015625,846.649658203125,1788.1514892578125,809.837158203125,4296.06396484375,1732.668212890625,21.489999771118164
2024-12-09,2494.57470703125,1216.949951171875,1162.2567138671875,682.6228637695312,35414.48046875,4731.0,1453.4735107421875,501.8169860839844,5932.63623046875,1247.2398681640625,1114.103515625,1839.935791015625,922.5301513671875,4416.673828125,2375.76611328125,1312.1751708984375,1896.9595947265625,1784.19287109375,6307.01416015625,2091.6904296875,11159.021484375,1102.6973876953125,363.30926513671875,971.9500122070312,1289.9979248046875,841.1598510742188,1789.9349365234375,791.9410400390625,4302.490234375,1727.857421875,21.84000015258789
2024-12-10,2465.939208984375,1176.6500244140625,1152.6649169921875,689.3662719726562,35446.44921875,4725.32421875,1439.8193359375,501.9159851074219,5905.708984375,1232.5330810546875,1120.0302734375,1865.4168701171875,921.5928344726562,4409.3212890625,2372.401611328125,1320.2626953125,1921.51416015625,1792.6331787109375,6494.8212890625,2120.859130859375,11078.2958984375,1095.5732421875,362.62164306640625,967.0,1279.73876953125,850.423828125,1793.204345703125,793.0812377929688,4283.54931640625,1713.9595947265625,21.600000381469727
2024-12-11,2455.994140625,1148.050048828125,1146.2703857421875,707.1466064453125,35732.56640625,4826.251953125,1438.73095703125,503.3020935058594,5901.080078125,1230.7445068359375,1121.4627685546875,1860.1666259765625,919.1261596679688,4469.0478515625,2376.35986328125,1317.3353271484375,1946.7589111328125,1792.6331787109375,6513.87353515625,2137.10791015625,11156.9931640625,1108.733154296875,359.03619384765625,955.5999755859375,1273.115234375,844.6399536132812,1797.217041015625,792.2880249023438,4278.62109375,1713.2305908203125,21.579999923706055
2024-12-12,2502.8203125,1217.949951171875,1144.6717529296875,708.2100219726562,35785.05078125,4765.89306640625,1430.1229248046875,501.61895751953125,5924.72265625,1237.55126953125,1097.5576171875,1865.2723388671875,917.2268676757812,4379.00244140625,2320.546630859375,1319.0718994140625,1959.4305419921875,1766.6630859375,6582.03662109375,2106.7470703125,11047.8251953125,1100.32275390625,349.311279296875,955.5999755859375,1257.876220703125,836.8955078125,1788.7459716796875,779.646728515625,4305.19580078125,1739.27685546875,21.200000762939453
2024-12-13,2526.25830078125,1198.4000244140625,1147.169677734375,713.8750610351562,35981.2421875,4787.361328125,1432.0029296875,507.7078857421875,5850.0625,1238.4952392578125,1097.9033203125,1896.67822265625,923.3934936523438,4396.97314453125,2365.22705078125,1334.6021728515625,1971.954345703125,1803.570556640625,6628.236328125,2063.913330078125,11151.8486328125,1114.8927001953125,350.8338623046875,984.25,1267.78662109375,844.5909423828125,1796.671875,783.5630493164062,4323.5087890625,1745.8857421875,21.09000015258789
2024-12-16,2511.115966796875,1168.050048828125,1149.917236328125,716.4193725585938,36010.24609375,4783.80810546875,1433.140625,504.8861999511719,5829.904296875,1261.946533203125,1098.7923583984375,1882.8057861328125,920.1621704101562,4361.9443359375,2341.526123046875,1335.7928466796875,1952.5770263671875,1802.3719482421875,6651.927734375,2050.645751953125,11156.251953125,1107.5953369140625,346.65899658203125,1007.0499877929688,1263.2547607421875,844.0028076171875,1793.0557861328125,778.1099243164062,4266.78271484375,1725.6220703125,21.25
2024-12-17,2486.328857421875,1143.25,1135.27978515625,710.8934326171875,35289.4765625,4714.96044921875,1435.5152587890625,500.3813781738281,5820.89501953125,1239.787109375,1076.0233154296875,1879.1448974609375,904.4002685546875,4242.8779296875,2338.65625,1323.5374755859375,1949.1749267578125,1781.9954833984375,6610.9609375,2034.595703125,10989.60546875,1089.8836669921875,342.8771057128906,1014.6500244140625,1240.34619140625,833.8074951171875,1772.497802734375,773.1029663085938,4182.9970703125,1720.95703125,20.959999084472656
2024-12-18,2456.14404296875,1105.5,1121.291748046875,703.1065063476562,35292.734375,4720.78369140625,1456.8375244140625,500.3813781738281,5823.234375,1267.3621826171875,1078.4434814453125,1888.5377197265625,893.2755737304688,4218.228515625,2334.6484375,1304.087646484375,1951.6895751953125,1777.9500732421875,6489.638671875,2086.125244140625,10884.6416015625,1082.5120849609375,335.7062072753906,1009.0499877929688,1248.2645263671875,821.651611328125,1784.3868408203125,749.2579956054688,4201.69677734375,1728.8778076171875,20.6200008392334
2024-12-19,2418.11376953125,1073.6500244140625,1107.953125,687.612060546875,35058.46484375,4723.84375,1490.6265869140625,498.9457702636719,5794.3662109375,1317.245849609375,1065.3055419921875,1863.3939208984375,884.790283203125,4235.0458984375,2335.291748046875,1277.0462646484375,1919.1966552734375,1760.0706787109375,6140.72705078125,2149.481201171875,10838.044921875,1068.83251953125,331.4331359863281,996.0999755859375,1225.55517578125,816.4068603515625,1806.4310302734375,737.7073364257812,4128.29931640625,1705.0181884765625,20.360000610351562
2024-12-20,2343.75146484375,1034.3499755859375,1070.9346923828125,680.625244140625,34113.93359375,4637.32763671875,1456.4913330078125,497.5596618652344,5820.248046875,1335.18212890625,1056.5634765625,1841.332763671875,873.93701171875,4170.6591796875,2309.611572265625,1278.5347900390625,1895.4803466796875,1741.5421142578125,5749.515625,2137.40625,10784.3271484375,1070.3663330078125,327.35650634765625,945.25,1200.50537109375,796.016357421875,1792.114501953125,717.8778076171875,4030.1142578125,1638.6387939453125,19.829999923706055
2024-12-23,2337.754638671875,1034.6500244140625,1078.228515625,682.4588623046875,34062.73046875,4643.4970703125,1460.448974609375,504.4406433105469,5822.93603515625,1332.8966064453125,1060.662841796875,1833.28857421875,888.4902954101562,4105.93603515625,2314.5595703125,1286.8704833984375,1897.6005859375,1743.3399658203125,5656.87109375,2146.947021484375,10706.123046875,1064.47900390625,327.74945068359375,966.0999755859375,1217.437744140625,804.9862670898438,1797.811279296875,716.0435791015625,4018.51806640625,1664.247802734375,19.90999984741211
2024-12-24,2371.237548828125,1031.050048828125,1077.978759765625,676.644775390625,33944.53125,4682.73291015625,1460.152099609375,504.8861999511719,5756.14013671875,1342.3863525390625,1064.6634521484375,1827.4603271484375,887.0596313476562,4092.962890625,2311.24462890625,1287.3170166015625,1882.5621337890625,1747.0357666015625,5652.181640625,2156.040283203125,10621.6376953125,1071.9493408203125,329.3702392578125,982.5499877929688,1217.8858642578125,796.0653686523438,1802.170654296875,729.8250732421875,4039.005126953125,1656.958740234375,19.799999237060547
2024-12-26,2399.0234375,1064.25,1075.780517578125,677.3951416015625,33732.265625,4700.0556640625,1474.7957763671875,500.5793762207031,5860.06689453125,1346.609619140625,1058.1439208984375,1831.1209716796875,883.4336547851562,4108.24267578125,2308.4736328125,1287.4161376953125,1880.93505859375,1750.781494140625,5678.4892578125,2168.6123046875,10779.3310546875,1063.6378173828125,328.73175048828125,1002.3499755859375,1211.7105712890625,796.45751953125,1824.3138427734375,734.4849853515625,4028.955322265625,1650.9329833984375,19.799999237060547
2024-12-27,2408.71826171875,1054.0,1076.5299072265625,686.5387573242188,33633.15625,4707.6064453125,1490.676025390625,502.1139831542969,5854.392578125,1380.693359375,1054.785400390625,1822.691650390625,887.1336669921875,4072.637939453125,2316.88525390625,1297.5382080078125,1890.1552734375,1757.873291015625,5605.09423828125,2214.02978515625,10823.8984375,1071.4052734375,329.0755615234375,1014.25,1216.1927490234375,783.9094848632812,1844.02978515625,744.1023559570312,4024.84814453125,1663.5189208984375,19.81999969482422
2024-12-30,2591.025390625,1075.6500244140625,1069.036376953125,684.6006469726562,33345.21875,4737.36669921875,1505.3197021484375,500.23284912109375,6017.599609375,1368.2225341796875,1047.623779296875,1858.287841796875,877.0943603515625,4024.252197265625,2319.11181640625,1284.7369384765625,1879.554443359375,1738.6953125,5571.037109375,2297.0634765625,10683.3203125,1068.5850830078125,325.5392150878906,1020.9000244140625,1205.8837890625,772.7828369140625,1866.47021484375,727.39599609375,4019.001220703125,1691.897705078125,19.540000915527344
2024-12-31,2527.357666015625,1040.699951171875,1063.790771484375,678.1156616210938,33643.56640625,4701.14111328125,1512.83935546875,501.9654846191406,6071.1552734375,1379.7493896484375,1068.8616943359375,1847.1611328125,874.60302734375,3998.30517578125,2302.63525390625,1271.83642578125,1853.9151611328125,1783.9931640625,5514.17626953125,2341.13916015625,10742.1337890625,1073.6068115234375,327.45477294921875,1017.8499755859375,1210.6148681640625,779.3019409179688,1868.8975830078125,733.840576171875,3957.15283203125,1658.22216796875,19.59000015258789
2025-01-01,2553.54443359375,1046.4000244140625,1070.8848876953125,689.27685546875,33576.82421875,4732.7275390625,1512.938232421875,505.87628173828125,6045.47265625,1360.372314453125,1066.3922119140625,1841.91064453125,879.4869384765625,4021.128662109375,2297.9345703125,1273.8211669921875,1856.3804931640625,1786.3404541015625,5600.50390625,2350.2822265625,11088.287109375,1073.2110595703125,327.74945068359375,987.5999755859375,1216.391845703125,777.58642578125,1872.4642333984375,742.8629760742188,3974.20947265625,1655.9381103515625,19.6299991607666
2025-01-02,2596.372314453125,1046.5,1085.672119140625,734.388427734375,33967.6171875,4725.8671875,1521.645263671875,508.2524108886719,6116.8974609375,1366.38427734375,1080.1226806640625,1899.9534912109375,884.9136352539062,4143.31884765625,2345.3359375,1280.7178955078125,1930.68505859375,1835.0343017578125,5679.1806640625,2381.28955078125,11714.5087890625,1088.5230712890625,332.02252197265625,982.4000244140625,1236.860107421875,785.428955078125,1860.624755859375,758.5283203125,4035.3818359375,1678.388671875,19.59000015258789
2025-01-03,2563.28955078125,1038.25,1083.9736328125,736.1823120117188,33794.86328125,4771.568359375,1495.27685546875,519.687744140625,6020.88427734375,1344.1253662109375,1103.0400390625,1875.339599609375,862.9356689453125,4077.587158203125,2381.208740234375,1255.363525390625,1911.85009765625,1836.5325927734375,5659.78271484375,2354.2080078125,11806.4638671875,1104.6021728515625,333.8398132324219,982.7999877929688,1246.1729736328125,777.782470703125,1832.537109375,783.6622314453125,3962.081298828125,1641.943115234375,19.959999084472656
2025-01-06,2473.185302734375,982.5999755859375,1062.491943359375,730.4279174804688,33022.89453125,4729.2724609375,1475.63671875,499.83685302734375,5864.9443359375,1341.83984375,1127.9327392578125,1881.5052490234375,843.8438110351562,4038.858642578125,2351.471435546875,1254.4207763671875,1910.9625244140625,1777.6005859375,5657.75927734375,2345.710693359375,11629.7763671875,1081.0030517578125,321.70819091796875,969.0499877929688,1213.15478515625,761.1171264648438,1830.3079833984375,769.6328125,3957.34619140625,1638.8817138671875,18.899999618530273
2025-01-07,2519.261962890625,1005.5,1066.5885009765625,730.8851318359375,32518.33984375,4769.7421875,1481.6226806640625,503.797119140625,5881.1708984375,1343.0323486328125,1139.7371826171875,1845.716064453125,845.2744140625,3999.698486328125,2365.919677734375,1269.454833984375,1904.0596923828125,1770.00927734375,5683.0302734375,2343.076904296875,11595.7939453125,1094.6826171875,322.78875732421875,983.2000122070312,1235.913818359375,763.4208374023438,1836.25244140625,786.4879150390625,3892.88818359375,1624.15771484375,19.020000457763672
2025-01-08,2513.964599609375,988.9500122070312,1074.0321044921875,731.0291137695312,32572.65234375,4797.03466796875,1479.0997314453125,508.6484680175781,5841.7998046875,1362.111328125,1142.1573486328125,1861.4671630859375,835.8518676757812,3976.682861328125,2376.013427734375,1254.073486328125,1906.3277587890625,1766.6131591796875,5806.3271484375,2238.22900390625,11695.416015625,1098.26953125,319.6453552246094,902.0499877929688,1260.4658203125,755.970458984375,1820.7471923828125,788.1734008789062,3970.295654296875,1616.9658203125,18.770000457763672
2025-01-09,2476.633544921875,977.7000122070312,1060.8433837890625,723.281982421875,32390.029296875,4862.57568359375,1472.470458984375,515.9749755859375,5798.1484375,1362.9559326171875,1166.7044677734375,1863.923828125,822.778564453125,3979.7099609375,2410.055419921875,1252.73388671875,1890.69775390625,1788.1383056640625,5765.70556640625,2238.925048828125,11614.837890625,1116.154296875,314.6846618652344,894.6500244140625,1249.758544921875,745.4810791015625,1809.45263671875,773.4500122070312,3903.083740234375,1596.60498046875,18.489999771118164
2025-01-10,2373.1865234375,943.0499877929688,1039.811279296875,724.3355102539062,31289.171875,4875.30908203125,1453.275634765625,512.7572631835938,5745.18994140625,1345.8643798828125,1159.9874267578125,1922.0146484375,817.3272094726562,3961.403076171875,2416.63623046875,1240.2799072265625,1939.65869140625,1754.177490234375,6045.76220703125,2177.556640625,11506.5595703125,1112.1221923828125,302.79864501953125,847.7000122070312,1236.959716796875,728.61962890625,1768.287109375,768.0465087890625,4122.25927734375,1657.6390380859375,17.959999084472656
2025-01-13,2224.0126953125,889.75,1048.404052734375,710.7095336914062,30564.90234375,4863.31591796875,1423.9884033203125,505.6782531738281,5706.51611328125,1326.6859130859375,1144.8739013671875,1916.5234375,804.5499267578125,3885.9169921875,2425.4931640625,1220.3338623046875,1934.974609375,1736.3980712890625,5953.31494140625,2141.133056640625,11374.5888671875,1106.9027099609375,292.9263916015625,789.7000122070312,1234.9178466796875,715.1403198242188,1730.73779296875,744.5980834960938,4146.8544921875,1612.9810791015625,17.1200008392334
2025-01-14,2379.33349609375,1006.8499755859375,1050.7520751953125,729.001708984375,31198.255859375,4799.50244140625,1432.4481201171875,507.4108581542969,5963.1474609375,1329.12060546875,1126.5498046875,1747.1153564453125,812.3198852539062,3942.615478515625,2343.307373046875,1230.8031005859375,1913.132080078125,1748.583984375,5678.04541015625,2141.2822265625,11615.431640625,1097.8489990234375,304.9106140136719,817.9000244140625,1233.822265625,733.4232177734375,1754.466064453125,763.9318237304688,4090.755126953125,1601.1727294921875,18.020000457763672
2025-01-15,2386.929443359375,1035.050048828125,1025.9232177734375,713.33837890625,31042.619140625,4813.91357421875,1431.90380859375,510.3810729980469,5850.2119140625,1328.772705078125,1114.9925537109375,1758.8201904296875,810.5685424804688,3951.5048828125,2348.304931640625,1228.7686767578125,1922.598876953125,1787.5390625,5762.59521484375,2115.542236328125,11819.4736328125,1088.2509765625,315.6669616699219,859.0499877929688,1247.2186279296875,738.8639526367188,1740.595703125,757.0906372070312,4106.74951171875,1628.8226318359375,17.969999313354492
2025-01-16,2426.609375,1070.25,1037.1136474609375,721.5228271484375,30934.486328125,4781.8828125,1428.2430419921875,517.2125854492188,5889.23388671875,1294.539794921875,1135.58837890625,1726.595703125,815.008544921875,3915.179443359375,2320.59619140625,1239.53564453125,1901.69287109375,1803.470703125,5902.03173828125,2085.92626953125,11962.8212890625,1073.2357177734375,319.74359130859375,895.0,1261.4119873046875,751.2158813476562,1746.9859619140625,767.7490234375,4064.90478515625,1640.19384765625,18.290000915527344
2025-01-17,2398.57373046875,1078.199951171875,990.2037353515625,713.8054809570312,30979.330078125,4791.60595703125,1427.0557861328125,520.8262939453125,5889.23388671875,1301.14794921875,1173.2733154296875,1740.8521728515625,807.4605712890625,3938.14697265625,2329.50244140625,1216.066650390625,1790.2607421875,1756.57470703125,5814.66796875,2100.08837890625,12006.3994140625,1096.9337158203125,320.382080078125,900.1500244140625,1297.169189453125,749.0592041015625,1770.0208740234375,773.1029663085938,4058.99951171875,1613.6129150390625,18.260000228881836
2025-01-20,2441.5517578125,1066.75,987.206298828125,739.447265625,30719.80078125,4822.20458984375,1430.17236328125,516.4204711914062,5973.40087890625,1294.142333984375,1152.4306640625,1747.9560546875,814.6138305664062,3932.477294921875,2320.794189453125,1223.50927734375,1788.1407470703125,1918.288330078125,5750.50244140625,2117.47998046875,11891.3447265625,1095.3504638671875,330.10699462890625,898.5999755859375,1300.2568359375,763.9110107421875,1761.797607421875,767.7490234375,4013.236083984375,1627.5107421875,18.93000030517578
2025-01-21,2383.08154296875,1045.699951171875,969.37158203125,724.6932983398438,30201.091796875,4840.416015625,1412.9068603515625,516.073974609375,5792.5244140625,1280.0318603515625,1144.8243408203125,1753.9896240234375,810.2478637695312,3867.802490234375,2316.14306640625,1186.9910888671875,1775.7154541015625,1891.11962890625,5684.4619140625,2091.243408203125,11756.455078125,1086.6678466796875,318.5647888183594,854.2999877929688,1268.6331787109375,744.1085815429688,1746.3914794921875,754.2649536132812,3971.950439453125,1594.3695068359375,18.5
2025-01-22,2375.33544921875,1031.699951171875,958.4808349609375,735.1785888671875,30173.169921875,4892.58251953125,1424.1864013671875,515.3314208984375,5786.1533203125,1288.080810546875,1138.9468994140625,1778.6099853515625,821.9152221679688,3897.496826171875,2318.5673828125,1191.258056640625,1830.69189453125,1915.291748046875,5774.787109375,2125.927490234375,11891.6416015625,1092.283203125,316.6983947753906,841.3499755859375,1272.0196533203125,738.6188354492188,1782.30615234375,736.4183959960938,4090.78857421875,1636.59765625,18.350000381469727
2025-01-23,2383.78125,1030.25,950.2379150390625,739.7603149414062,30575.509765625,4947.75927734375,1435.8121337890625,519.3906860351562,5824.42919921875,1281.2740478515625,1131.241943359375,1758.466064453125,821.347900390625,3940.405517578125,2297.53857421875,1192.5482177734375,1839.5670166015625,1892.6678466796875,5924.98291015625,2137.903076171875,11916.7705078125,1087.90478515625,317.9263000488281,849.0999755859375,1258.6231689453125,731.2174682617188,1816.6356201171875,746.0852661132812,4079.815185546875,1665.2196044921875,18.469999313354492
2025-01-24,2313.9169921875,1012.0999755859375,947.6900634765625,739.2981567382812,29950.0,5035.55859375,1396.4822998046875,516.4700317382812,5736.4794921875,1216.68359375,1116.5728759765625,1744.696044921875,813.8986206054688,3893.84521484375,2343.455810546875,1199.941162109375,1849.4283447265625,1884.0277099609375,5921.13330078125,2121.057861328125,11839.75390625,1092.33251953125,317.9263000488281,807.4500122070312,1241.34228515625,729.501953125,1805.3409423828125,727.8421020507812,4086.60546875,1674.598388671875,18.239999771118164
2025-01-27,2258.545166015625,998.9500122070312,947.2904052734375,725.0709228515625,29306.287109375,5109.29248046875,1381.343994140625,518.6481323242188,5551.47216796875,1190.1021728515625,1112.918212890625,1665.968994140625,804.0319213867188,3859.29736328125,2367.9482421875,1218.547607421875,1796.719970703125,1879.2333984375,5612.6953125,2066.1494140625,11865.42578125,1075.9320068359375,316.501953125,779.9500122070312,1224.4595947265625,734.4525146484375,1770.318115234375,706.9715576171875,4000.7861328125,1607.392822265625,18.489999771118164
2025-01-28,2284.8818359375,987.2999877929688,982.9598999023438,755.9951171875,29398.041015625,4995.28662109375,1405.5849609375,520.1332397460938,5385.67724609375,1173.8055419921875,1112.1278076171875,1647.771240234375,824.0611572265625,3869.2919921875,2363.989990234375,1237.3525390625,1804.3624267578125,1885.5760498046875,5592.65576171875,2009.849609375,11993.9345703125,1066.80419921875,312.6217956542969,769.2000122070312,1229.4896240234375,737.5895385742188,1689.7208251953125,722.0419921875,3976.329833984375,1601.998779296875,18.3700008392334
2025-01-29,2317.415283203125,987.6500244140625,982.560302734375,771.206298828125,27778.669921875,4971.89306640625,1408.8995361328125,512.9552612304688,5594.67529296875,1173.755859375,1104.521728515625,1672.82958984375,827.4651489257812,3913.59375,2359.140869140625,1242.066162109375,1855.1478271484375,1918.138427734375,5807.21484375,2055.366455078125,11849.6474609375,1078.875732421875,315.5687561035156,808.6500244140625,1230.585205078125,743.5204467773438,1719.294677734375,746.0852661132812,4034.887451171875,1633.8765869140625,18.809999465942383
2025-01-30,2251.448974609375,971.8499755859375,983.8591918945312,785.3191528320312,28200.791015625,5009.69775390625,1442.0455322265625,528.400390625,5709.900390625,1186.9720458984375,1104.867431640625,1667.088134765625,834.470458984375,4014.833984375,2383.682861328125,1245.98583984375,1834.143310546875,1899.3101806640625,5765.2607421875,2051.6396484375,11871.509765625,1097.0079345703125,317.2878112792969,771.9000244140625,1248.0654296875,747.5887451171875,1723.0098876953125,690.90966796875,4035.13330078125,1623.13720703125,18.950000762939453
2025-01-31,2286.630859375,997.5499877929688,985.2579345703125,783.6743774414062,28344.44140625,5063.29541015625,1463.7635498046875,524.5885620117188,5552.41796875,1209.677978515625,1107.583984375,1679.1064453125,838.047119140625,4169.89013671875,2443.10791015625,1243.2073974609375,1853.718017578125,1899.1104736328125,5838.2119140625,2067.59033203125,12178.833984375,1144.4285888671875,320.7527160644531,775.75,1260.0673828125,757.68603515625,1727.81494140625,709.9955444335938,4047.2880859375,1627.3648681640625,19.229999542236328
2025-02-01,2268.83984375,996.5,997.2977294921875,795.1038208007812,28305.07421875,5134.06787109375,1424.2852783203125,533.7467041015625,5593.08251953125,1197.356201171875,1177.1751708984375,1648.5009765625,834.1990966796875,4230.4326171875,2479.97021484375,1245.936279296875,1825.6627197265625,1900.9083251953125,5830.46240234375,2043.5400390625,12778.1962890625,1151.3548583984375,314.515869140625,743.0999755859375,1259.5693359375,750.9218139648438,1726.0811767578125,700.5269775390625,4008.65966796875,1600.103759765625,19.030000686645508
2025-02-03,2260.694091796875,970.0999755859375,988.55517578125,837.4127807617188,28096.111328125,5039.5068359375,1405.53564453125,529.2418823242188,5857.4287109375,1196.2630615234375,1146.275390625,1646.5546875,827.8104858398438,4119.43798828125,2416.537109375,1243.40576171875,1837.447021484375,1882.3297119140625,5716.29736328125,2019.6884765625,12999.25390625,1146.3580322265625,308.1305236816406,774.7000122070312,1240.94384765625,745.9712524414062,1724.4959716796875,681.58984375,4004.23046875,1608.1702880859375,18.790000915527344
2025-02-04,2300.32373046875,983.1500244140625,1014.4330444335938,842.3372802734375,28237.935546875,4963.3056640625,1433.734375,535.6773681640625,6068.6171875,1212.2615966796875,1126.13818359375,1686.015625,848.9744873046875,4071.8212890625,2412.677978515625,1258.4893798828125,1872.4544677734375,1926.279052734375,5826.46484375,2098.150390625,12969.5751953125,1137.6258544921875,315.9018249511719,781.7000122070312,1280.08740234375,763.8619995117188,1748.91796875,704.4928588867188,4042.0224609375,1612.3980712890625,19.1200008392334
2025-02-05,2323.412109375,1017.7999877929688,1012.4347534179688,845.7264404296875,27983.244140625,4868.84375,1421.6138916015625,526.22216796875,6095.74365234375,1219.8138427734375,1109.7706298828125,1666.8448486328125,857.311767578125,4103.822265625,2366.1669921875,1257.9931640625,1870.7286376953125,1909.54833984375,5947.3427734375,2171.59375,12946.6728515625,1112.6417236328125,316.3968200683594,803.0,1273.115234375,750.9708251953125,1736.53369140625,710.9374389648438,4026.325439453125,1614.293212890625,19.420000076293945
2025-02-06,2311.26806640625,997.5999755859375,1019.8284301757812,845.5126953125,27778.818359375,4891.94091796875,1455.947021484375,520.974853515625,6091.9609375,1228.8564453125,1110.61376953125,1677.208740234375,860.29638671875,4065.045654296875,2348.0078125,1262.6572265625,1889.070556640625,1913.7435302734375,5868.517578125,2171.84228515625,12934.009765625,1107.941650390625,309.6649475097656,798.0999755859375,1276.4520263671875,737.4424438476562,1736.284423828125,703.6005859375,4018.107421875,1622.6513671875,19.280000686645508
2025-02-07,2337.604736328125,989.5,1023.2255249023438,842.22802734375,27669.6015625,4807.49755859375,1456.6890869140625,521.8658447265625,6112.71630859375,1232.582763671875,1097.866943359375,1679.3011474609375,854.8203735351562,4107.90625,2339.250244140625,1247.2760009765625,1877.237060546875,1927.0281982421875,5880.1171875,2187.54443359375,12909.7724609375,1107.891845703125,313.7734069824219,809.7999877929688,1261.6610107421875,722.688720703125,1744.058837890625,700.7252807617188,3965.60205078125,1644.5185546875,19.1200008392334
2025-02-10,2289.62939453125,954.0499877929688,1010.8860473632812,823.5979614257812,27325.767578125,4846.14111328125,1443.4307861328125,522.85595703125,5911.880859375,1213.2552490234375,1082.4913330078125,1687.28076171875,846.4337768554688,4032.7568359375,2336.875,1252.9322509765625,1854.2110595703125,1957.8927001953125,5723.45458984375,2155.990478515625,12762.615234375,1105.8753662109375,307.3880310058594,775.25,1248.6629638671875,722.2965698242188,1726.4168701171875,690.06689453125,3973.03271484375,1651.2733154296875,18.59000015258789
2025-02-11,2320.5634765625,946.2000122070312,1006.539794921875,814.0966186523438,26858.90234375,4840.61328125,1437.791015625,512.5592651367188,5919.794921875,1202.1756591796875,1062.65185546875,1676.916748046875,839.3544921875,3926.182861328125,2291.15576171875,1243.15771484375,1849.6256103515625,1916.3905029296875,5604.79833984375,2054.820068359375,12588.103515625,1093.15380859375,302.5371398925781,749.8499755859375,1229.937744140625,716.7088012695312,1694.1729736328125,671.9724731445312,3900.795166015625,1622.165283203125,18.110000610351562
2025-02-12,2352.247314453125,916.9000244140625,1006.0402221679688,816.3676147460938,27023.716796875,4854.67919921875,1433.8826904296875,520.529296875,5942.7900390625,1208.1875,1064.139892578125,1671.1751708984375,842.0184936523438,3955.932861328125,2308.226318359375,1242.2149658203125,1837.299072265625,1941.7113037109375,5632.2412109375,2012.681884765625,12520.041015625,1092.282470703125,303.1806335449219,745.4000244140625,1211.7105712890625,718.7184448242188,1688.2923583984375,678.5162353515625,3887.60693359375,1632.9532470703125,18.1299991607666
2025-02-13,2243.552734375,913.75,1007.339111328125,835.7430419921875,26984.154296875,4825.46240234375,1456.5902099609375,514.6878662109375,5983.255859375,1215.888671875,1044.3499755859375,1657.356689453125,837.5291137695312,3897.61474609375,2297.3408203125,1239.337158203125,1817.6751708984375,1970.528076171875,5529.52734375,2042.5462646484375,12535.6220703125,1084.2164306640625,303.6261291503906,755.4000244140625,1211.2623291015625,713.3267211914062,1740.6201171875,678.0204467773438,3848.240234375,1628.1910400390625,18.170000076293945
2025-02-14,2151.5498046875,884.4000244140625,996.6482543945312,834.083251953125,26642.935546875,4875.7529296875,1444.0244140625,514.7374267578125,5817.26171875,1189.5059814453125,1050.4010009765625,1665.287841796875,836.1231079101562,3804.8671875,2294.2236328125,1250.451416015625,1830.6427001953125,1950.151611328125,5440.83056640625,1957.723876953125,12544.4765625,1093.328125,297.3397521972656,724.0499877929688,1212.40771484375,707.9349975585938,1694.9205322265625,674.8477783203125,3872.54931640625,1612.446533203125,17.760000228881836
2025-02-17,2222.5634765625,890.3499755859375,992.1021118164062,837.4921875,26550.884765625,4899.4921875,1459.063720703125,515.3809204101562,5896.89892578125,1191.3939208984375,1030.9088134765625,1663.97412109375,847.2230834960938,3818.707763671875,2305.158447265625,1241.5699462890625,1816.73828125,1943.059814453125,5402.33154296875,2014.421142578125,12626.2412109375,1103.60986328125,299.3197021484375,733.0,1220.02734375,713.375732421875,1708.5755615234375,680.7470092773438,3842.679443359375,1618.1319580078125,17.65999984741211
2025-02-18,2219.165283203125,897.5499877929688,993.3011474609375,841.3981323242188,26616.345703125,4827.93017578125,1466.4349365234375,510.0345764160156,5813.23046875,1189.853759765625,1007.3989868164062,1679.1549072265625,850.0350952148438,3783.29345703125,2272.106201171875,1233.531982421875,1826.25439453125,1961.0889892578125,5595.81494140625,2001.0543212890625,12649.2919921875,1106.5474853515625,308.0810241699219,718.0499877929688,1220.525390625,711.5131225585938,1696.0169677734375,676.5828857421875,3811.875244140625,1657.055908203125,17.459999084472656
2025-02-19,2179.685546875,864.7000122070312,1010.4863891601562,838.7694091796875,26929.890625,4774.92431640625,1448.6748046875,499.4408264160156,5907.99853515625,1158.5025634765625,1016.277099609375,1666.3095703125,852.0823974609375,3821.36767578125,2226.980712890625,1251.9896240234375,1785.6754150390625,1982.7139892578125,5399.86376953125,1966.022216796875,12550.3134765625,1097.8590087890625,311.6449279785156,744.7000122070312,1222.567138671875,712.9835815429688,1671.0989990234375,675.1947631835938,3724.186279296875,1638.395751953125,18.0
2025-02-20,2177.886474609375,864.9500122070312,1016.3314208984375,834.7938842773438,27050.798828125,4769.89013671875,1464.060302734375,505.2822265625,5951.20166015625,1163.5704345703125,1065.9749755859375,1642.2244873046875,832.2998046875,3850.87158203125,2224.6552734375,1240.379150390625,1799.8262939453125,1968.28076171875,5325.974609375,1965.27685546875,12307.4423828125,1098.7552490234375,321.8912048339844,755.5499877929688,1228.0950927734375,715.3363647460938,1663.822998046875,683.9197387695312,3719.560302734375,1611.231689453125,18.209999084472656
2025-02-21,2132.010009765625,849.3499755859375,1008.0885009765625,834.5205688476562,26968.072265625,4769.39697265625,1460.152099609375,503.5990905761719,5730.95458984375,1144.541259765625,1043.7547607421875,1655.02099609375,834.9638061523438,3795.213134765625,2218.321533203125,1223.50927734375,1789.8170166015625,1950.8009033203125,5230.46728515625,1893.57275390625,12191.4970703125,1102.8380126953125,322.98016357421875,766.1500244140625,1223.264404296875,707.7879028320312,1638.3568115234375,667.4613037109375,3726.05615234375,1603.116455078125,17.93000030517578
2025-02-24,2114.06884765625,836.0499877929688,1009.1875,830.3712158203125,26636.8671875,4742.15380859375,1461.1416015625,500.67840576171875,5676.70166015625,1157.2108154296875,1036.2156982421875,1599.892578125,827.3665161132812,3826.98291015625,2218.123779296875,1209.0211181640625,1739.623291015625,1963.8358154296875,4982.64111328125,1891.03857421875,12213.013671875,1105.5516357421875,316.8918151855469,755.0999755859375,1209.718505859375,702.2981567382812,1634.1207275390625,662.553466796875,3617.404296875,1568.3232421875,17.860000610351562
2025-02-25,2128.76171875,840.6500244140625,1008.23828125,843.674072265625,26800.79296875,4735.984375,1447.8831787109375,505.87628173828125,5700.443359375,1121.040283203125,1048.615478515625,1592.15625,829.9564819335938,3771.225830078125,2235.7880859375,1214.7767333984375,1743.17333984375,1964.9844970703125,4899.47216796875,1887.4608154296875,12342.7587890625,1120.48876953125,315.505859375,734.7000122070312,1199.21044921875,696.9064331054688,1608.3056640625,655.9601440429688,3572.0830078125,1549.1285400390625,17.790000915527344
2025-02-27,2109.87109375,811.75,1015.8318481445312,865.2012939453125,26462.978515625,4720.931640625,1425.9178466796875,498.2527160644531,5590.3447265625,1118.4566650390625,1042.961181640625,1585.44140625,839.0090942382812,3703.54931640625,2221.58740234375,1213.0897216796875,1739.820556640625,1945.3072509765625,4815.95849609375,1879.3612060546875,12248.0341796875,1134.3306884765625,312.5359191894531,725.5499877929688,1202.298095703125,690.0442504882812,1642.094482421875,643.0214233398438,3555.352294921875,1543.5888671875,17.360000610351562
2025-02-28,2094.928955078125,774.4000244140625,1014.6828002929688,847.7987060546875,26188.552734375,4536.005859375,1392.62353515625,488.4015197753906,5455.4091796875,1109.463623046875,997.0823974609375,1532.74609375,854.6477661132812,3626.267822265625,2167.45654296875,1194.8802490234375,1664.2833251953125,1900.7584228515625,4606.0390625,1892.877197265625,11817.939453125,1090.240966796875,308.3285217285156,714.9500122070312,1195.325927734375,675.241455078125,1588.0224609375,615.3592529296875,3428.099609375,1446.0120849609375,16.75
2025-03-03,2116.01806640625,804.0999755859375,1006.389892578125,857.4937744140625,26334.126953125,4537.140625,1392.6729736328125,486.8669128417969,5515.13720703125,1112.5440673828125,990.3369750976562,1530.1671142578125,839.4285278320312,3576.667724609375,2154.1962890625,1196.964111328125,1684.893310546875,1912.3951416015625,4772.12890625,1940.8785400390625,11649.5126953125,1088.19970703125,311.2489318847656,726.4500122070312,1166.5906982421875,681.6134643554688,1579.899169921875,615.85498046875,3437.744140625,1451.06591796875,16.309999465942383
2025-03-04,2143.703857421875,768.5499877929688,1000.944580078125,853.3294677734375,25908.05859375,4516.017578125,1386.9837646484375,478.8968505859375,5492.68994140625,1113.0906982421875,982.302001953125,1494.2581787109375,843.5971069335938,3462.494140625,2134.899169921875,1201.1319580078125,1664.8751220703125,1905.60302734375,4624.84423828125,1941.126953125,11491.869140625,1068.75634765625,310.6054382324219,698.5,1157.2779541015625,701.9550170898438,1561.3602294921875,613.921630859375,3476.126953125,1446.4007568359375,16.34000015258789
2025-03-05,2244.702392578125,848.7000122070312,1013.5838012695312,824.7807006835938,26710.912109375,4661.06640625,1404.7440185546875,482.8571472167969,5491.54443359375,1119.30126953125,983.3931884765625,1530.702392578125,833.73046875,3535.29345703125,2147.862548828125,1206.391357421875,1687.753173828125,1930.873779296875,4712.2080078125,1997.67529296875,11492.95703125,1093.900634765625,322.9306945800781,708.9000244140625,1170.9234619140625,715.9735107421875,1577.2578125,635.3374633789062,3490.889404296875,1494.84912109375,16.920000076293945
2025-03-06,2251.69873046875,845.9500122070312,1033.2169189453125,835.9269409179688,26707.55859375,4641.7197265625,1446.300048828125,490.08465576171875,5543.45849609375,1132.9149169921875,1022.0305786132812,1542.8665771484375,834.3224487304688,3594.399658203125,2195.85791015625,1208.7235107421875,1692.042724609375,1919.4869384765625,4761.17138671875,2006.0234375,11541.482421875,1095.9918212890625,334.5133972167969,706.3499755859375,1204.7882080078125,717.6400756835938,1608.704345703125,634.1973266601562,3544.57568359375,1461.17333984375,16.979999542236328
2025-03-07,2246.351318359375,837.2000122070312,1036.7640380859375,835.2957763671875,26671.3984375,4686.8291015625,1443.034912109375,490.8766784667969,5553.462890625,1126.1080322265625,1036.91015625,1516.105224609375,833.3604736328125,3598.09375,2181.60791015625,1205.250244140625,1662.60693359375,1933.171142578125,4661.3203125,2017.4522705078125,11539.2568359375,1114.538818359375,326.2471008300781,684.8499755859375,1244.828369140625,718.3262939453125,1604.0198974609375,642.7735595703125,3554.0234375,1450.3856201171875,16.8799991607666
2025-03-10,2227.161376953125,826.0499877929688,1034.9654541015625,829.1437377929688,26440.482421875,4676.41552734375,1447.28955078125,488.4510192871094,5489.25537109375,1113.1402587890625,1035.62060546875,1507.6876220703125,832.4971313476562,3529.4814453125,2224.358154296875,1205.5478515625,1677.842529296875,1919.536865234375,4610.97509765625,1997.9735107421875,11461.9921875,1119.4930419921875,326.0986022949219,665.25,1233.4736328125,714.5521240234375,1606.2125244140625,642.6248168945312,3532.814697265625,1445.0401611328125,16.520000457763672
2025-03-11,2249.449951171875,824.2000122070312,1024.774169921875,828.9300537109375,26621.23046875,4700.4501953125,1430.46923828125,492.60931396484375,5521.1103515625,1109.6126708984375,1030.8095703125,1525.7392578125,831.510498046875,3596.271240234375,2193.878662109375,1235.864013671875,1638.54541015625,1932.9713134765625,4594.68701171875,1963.885498046875,11522.240234375,1120.9866943359375,326.98956298828125,713.3499755859375,1242.3382568359375,715.4833984375,1649.868896484375,642.525634765625,3518.692138671875,1437.6053466796875,16.3700008392334
2025-03-12,2240.654296875,853.4500122070312,1010.3365478515625,843.2417602539062,26448.12890625,4730.06201171875,1438.9288330078125,494.9855041503906,5641.4619140625,1098.1851806640625,1035.025390625,1499.22119140625,844.1644897460938,3556.47314453125,2170.0791015625,1234.425048828125,1568.777099609375,1980.266845703125,4428.30078125,1954.5435791015625,11515.462890625,1093.15380859375,326.841064453125,702.0,1252.0494384765625,708.8172607421875,1671.34814453125,662.60302734375,3450.68603515625,1397.85546875,16.149999618530273
2025-03-13,2219.965087890625,873.6500244140625,1009.33740234375,836.8809814453125,26025.119140625,4667.08740234375,1446.448486328125,495.9755859375,5594.97412109375,1100.9674072265625,1017.5667114257812,1493.5283203125,841.9197387695312,3476.5810546875,2152.16748046875,1240.4783935546875,1557.9296875,1982.8138427734375,4409.6923828125,1956.28271484375,11390.515625,1091.38623046875,328.57354736328125,682.8499755859375,1242.9359130859375,713.5227661132812,1677.926513671875,649.9121704101562,3455.459228515625,1400.1392822265625,16.190000534057617
2025-03-17,2251.548828125,896.4500122070312,1033.2669677734375,852.77294921875,25993.0546875,4614.427734375,1476.823974609375,489.8371276855469,5645.1455078125,1143.447998046875,1043.85400390625,1503.649169921875,843.7944946289062,3441.068115234375,2148.654296875,1259.2833251953125,1567.98828125,1990.8046875,4303.8193359375,1979.5380859375,11429.9892578125,1082.6231689453125,328.3260498046875,688.9000244140625,1233.9217529296875,708.915283203125,1698.7081298828125,655.4148559570312,3442.320556640625,1399.604736328125,16.110000610351562
2025-03-18,2251.548828125,896.4500122070312,1033.2669677734375,852.77294921875,25993.0546875,4614.427734375,1476.823974609375,489.8371276855469,5645.1455078125,1143.447998046875,1043.85400390625,1503.649169921875,843.7944946289062,3441.068115234375,2148.654296875,1259.2833251953125,1567.98828125,1990.8046875,4303.8193359375,1979.5380859375,11429.9892578125,1082.6231689453125,328.3260498046875,688.9000244140625,1233.9217529296875,708.915283203125,1698.7081298828125,655.4148559570312,3442.320556640625,1399.604736328125,16.110000610351562
2025-03-19,2317.46484375,911.2000122070312,1051.1517333984375,867.80517578125,27188.283203125,4646.21142578125,1483.3048095703125,490.5301818847656,5791.72802734375,1164.713134765625,1065.677490234375,1502.9677734375,860.4197387695312,3484.314208984375,2177.15478515625,1303.0455322265625,1564.536865234375,2019.2220458984375,4309.3974609375,2048.2109375,11491.1767578125,1087.4278564453125,337.87933349609375,763.0999755859375,1242.1888427734375,730.4331665039062,1726.666015625,676.4341430664062,3441.73046875,1356.890625,17.030000686645508
2025-03-20,2338.1044921875,923.4000244140625,1053.44970703125,862.64208984375,27253.94140625,4768.607421875,1496.0684814453125,494.044921875,5795.7099609375,1179.718017578125,1092.6591796875,1520.0465087890625,872.580322265625,3543.568115234375,2219.06396484375,1311.5797119140625,1593.134521484375,2033.3057861328125,4364.3818359375,2072.80810546875,11604.5986328125,1106.124267578125,338.3248291015625,734.4000244140625,1264.101318359375,734.7955932617188,1744.50732421875,684.1676025390625,3506.734375,1370.8858642578125,16.940000534057617
2025-03-21,2361.592529296875,954.25,1069.2362060546875,886.1420288085938,27064.908203125,4751.728515625,1507.7437744140625,501.7674560546875,5771.072265625,1192.58642578125,1103.025146484375,1524.6202392578125,873.3696899414062,3574.94384765625,2222.824462890625,1332.81591796875,1570.45361328125,2076.605712890625,4462.20947265625,2101.628662109375,11607.1708984375,1129.67529296875,347.7790832519531,751.0499877929688,1271.2725830078125,738.373779296875,1778.6448974609375,696.9577026367188,3521.44775390625,1369.622314453125,17.170000076293945
2025-03-24,2367.489501953125,952.9000244140625,1096.9124755859375,903.4303588867188,27898.1484375,4734.80029296875,1507.941650390625,502.16351318359375,5883.908203125,1202.6724853515625,1097.420654296875,1561.0643310546875,887.9969482421875,3572.333251953125,2232.72021484375,1347.750732421875,1570.6507568359375,2173.643798828125,4561.07373046875,2106.84619140625,11794.5927734375,1127.036376953125,363.27227783203125,765.4000244140625,1296.920166015625,765.4304809570312,1778.9439697265625,707.417724609375,3571.492431640625,1417.6331787109375,17.43000030517578
2025-03-25,2319.164306640625,923.4000244140625,1117.594970703125,901.164306640625,27080.544921875,4782.52490234375,1495.2274169921875,504.1931457519531,5814.17578125,1170.4766845703125,1120.781494140625,1581.257080078125,898.5789184570312,3573.909423828125,2247.663330078125,1333.4112548828125,1605.8553466796875,2167.5009765625,4547.25341796875,2055.962890625,11741.814453125,1122.70458984375,363.27227783203125,777.4000244140625,1280.33642578125,757.636962890625,1758.959716796875,704.2449951171875,3599.836669921875,1414.5716552734375,17.030000686645508
2025-03-26,2311.418212890625,912.0999755859375,1095.31396484375,881.167724609375,27696.140625,4786.966796875,1460.5972900390625,503.797119140625,5812.732421875,1157.260498046875,1121.22802734375,1589.52880859375,891.2283325195312,3591.641357421875,2222.576904296875,1325.6710205078125,1577.2578125,2142.4296875,4560.43212890625,2046.0743408203125,11608.6552734375,1117.0284423828125,351.09552001953125,776.9000244140625,1267.98583984375,748.961181640625,1753.1787109375,702.2125244140625,3578.234130859375,1376.4739990234375,16.959999084472656
2025-03-27,2362.142333984375,959.9000244140625,1097.412109375,894.8632202148438,27975.794921875,4778.57666015625,1467.2265625,507.7573547363281,5846.03076171875,1154.8756103515625,1135.3636474609375,1586.365966796875,900.5029296875,3715.863037109375,2221.29052734375,1326.415283203125,1581.301025390625,2126.198486328125,4596.11767578125,2006.3216552734375,11596.4375,1116.3314208984375,357.035400390625,810.0999755859375,1273.115234375,757.0977783203125,1725.7689208984375,662.8508911132812,3593.390380859375,1383.8603515625,17.260000228881836
2025-03-28,2314.616455078125,948.6500244140625,1101.0589599609375,889.0739135742188,27978.703125,4873.03857421875,1426.9566650390625,501.470458984375,5749.271484375,1136.989013671875,1149.945556640625,1549.727294921875,901.9088745117188,3667.494384765625,2235.3427734375,1338.025634765625,1548.857421875,2168.699462890625,4433.6806640625,2015.4149169921875,11398.77734375,1120.6630859375,354.0159606933594,783.4500122070312,1270.027587890625,756.3135375976562,1729.00830078125,668.7006225585938,3549.053466796875,1378.3692626953125,16.8799991607666
2025-04-01,2334.056640625,919.1500244140625,1084.6729736328125,864.4857177734375,27510.70703125,4837.4052734375,1428.985107421875,492.559814453125,5524.544921875,1144.9385986328125,1134.421142578125,1489.24658203125,872.1363525390625,3706.011962890625,2210.60302734375,1308.3546142578125,1505.3199462890625,2143.4287109375,4369.7626953125,1943.3134765625,11358.166015625,1112.3232421875,348.6205749511719,801.0999755859375,1247.6170654296875,756.5096435546875,1692.777587890625,666.1227416992188,3494.579833984375,1355.918701171875,17.329999923706055
2025-04-02,2368.18896484375,943.0499877929688,1083.52392578125,861.6084594726562,27648.83203125,4972.23828125,1436.9993896484375,490.82720947265625,5640.3173828125,1142.75244140625,1153.3182373046875,1486.521728515625,886.4676513671875,3727.585693359375,2214.610595703125,1321.056640625,1528.641845703125,2152.118896484375,4442.12109375,1997.2777099609375,11590.6494140625,1100.721923828125,348.224609375,817.9500122070312,1246.1729736328125,760.6759643554688,1708.0274658203125,666.17236328125,3487.838134765625,1383.0343017578125,17.399999618530273
2025-04-03,2409.568115234375,955.2999877929688,1088.9193115234375,854.189208984375,27638.76953125,5007.822265625,1479.8912353515625,460.778564453125,5736.8779296875,1144.193359375,1152.72314453125,1430.61474609375,885.456298828125,3697.441650390625,2221.191650390625,1319.3697509765625,1475.7362060546875,2130.14404296875,4286.19970703125,2082.74609375,11562.94921875,1118.123779296875,355.30291748046875,836.4000244140625,1243.732666015625,763.8619995117188,1764.1925048828125,648.3753662109375,3349.267578125,1330.84423828125,17.950000762939453
2025-04-04,2333.456787109375,923.7999877929688,1090.3681640625,866.5380249023438,26923.673828125,4958.41943359375,1400.2916259765625,457.1648254394531,5457.99755859375,1102.954833984375,1147.31689453125,1383.904052734375,896.5316772460938,3604.69384765625,2221.191650390625,1325.07568359375,1431.508544921875,2129.494873046875,4083.140625,1958.86669921875,11359.056640625,1126.3392333984375,346.88812255859375,817.0499877929688,1199.9075927734375,752.34326171875,1703.741455078125,608.6171875,3247.16015625,1283.80517578125,17.190000534057617
2025-04-07,2211.569091796875,873.2999877929688,1047.0550537109375,851.5455322265625,26232.208984375,4990.4501953125,1370.064453125,446.9175720214844,5235.11279296875,1081.0439453125,1150.7886962890625,1337.193115234375,867.1289672851562,3474.364501953125,2225.990966796875,1277.6912841796875,1377.3702392578125,2035.503173828125,4005.055908203125,1911.1634521484375,11208.4365234375,1119.791748046875,346.29412841796875,790.5499877929688,1161.062744140625,732.1978149414062,1660.882568359375,574.8079223632812,3222.211669921875,1251.7818603515625,16.850000381469727
2025-04-08,2284.53173828125,875.7999877929688,1076.9295654296875,876.8145751953125,26161.224609375,5112.3525390625,1417.4088134765625,454.4421081542969,5362.88037109375,1100.9674072265625,1187.640625,1365.657470703125,872.7777099609375,3520.91064453125,2265.42626953125,1289.9466552734375,1408.9755859375,2052.783203125,4122.23193359375,1970.39501953125,11336.2041015625,1132.9365234375,349.41259765625,815.1500244140625,1177.4971923828125,753.4706420898438,1682.8104248046875,583.830322265625,3240.8125,1277.439453125,17.170000076293945
2025-04-09,2235.7568359375,860.75,1060.7435302734375,868.22265625,25832.08984375,5270.3818359375,1400.6378173828125,460.63006591796875,5361.73583984375,1087.1551513671875,1232.3785400390625,1342.934814453125,870.7303466796875,3557.11328125,2325.544189453125,1290.83984375,1384.2237548828125,2050.3359375,4055.105224609375,1907.8341064453125,11334.720703125,1167.5162353515625,345.8486633300781,811.2000122070312,1180.6346435546875,727.59033203125,1646.7789306640625,577.9310913085938,3195.1962890625,1236.960693359375,17.15999984741211
2025-04-11,2320.213623046875,893.6500244140625,1068.0372314453125,886.6389770507812,26006.275390625,5280.99267578125,1447.58642578125,456.7192687988281,5563.96484375,1102.5076904296875,1213.779052734375,1353.201416015625,891.3269653320312,3611.392578125,2341.526123046875,1301.606689453125,1389.89404296875,2108.7685546875,4186.34765625,1957.077880859375,11474.8525390625,1175.7564697265625,356.49090576171875,840.7000122070312,1214.1009521484375,739.0109252929688,1682.0130615234375,589.9774780273438,3180.33544921875,1246.1934814453125,17.149999618530273
2025-04-15,2416.964111328125,936.6500244140625,1111.849853515625,908.494140625,26727.240234375,5321.560546875,1466.13818359375,469.045654296875,5708.5068359375,1147.62158203125,1206.5377197265625,1388.185791015625,920.0142211914062,3747.238525390625,2336.924560546875,1339.8614501953125,1406.21435546875,2117.75830078125,4262.162109375,2000.358642578125,11728.0625,1178.9927978515625,358.8668518066406,840.1500244140625,1235.1668701171875,748.4710083007812,1699.40576171875,616.8960571289062,3196.77099609375,1265.0965576171875,17.520000457763672
2025-04-16,2414.36572265625,945.5999755859375,1160.3084716796875,900.0960083007812,27003.490234375,5346.138671875,1480.5838623046875,476.5701904296875,5727.91845703125,1151.099609375,1234.6104736328125,1393.24609375,926.4768676757812,3725.566162109375,2341.971435546875,1346.0140380859375,1393.493408203125,2120.95458984375,4221.3916015625,1922.244384765625,11539.107421875,1186.66064453125,355.69891357421875,864.9500122070312,1234.3701171875,756.5586547851562,1687.5447998046875,610.7984619140625,3221.9658203125,1271.899658203125,17.8700008392334
2025-04-17,2416.8642578125,947.1500244140625,1189.783203125,910.6309204101562,27136.68359375,5384.0419921875,1499.18505859375,474.54052734375,5614.43505859375,1156.2667236328125,1229.3531494140625,1399.3768310546875,940.6354370117188,3715.61669921875,2350.283935546875,1395.9288330078125,1399.8045654296875,2185.580322265625,4138.07568359375,1925.225830078125,11569.775390625,1203.240966796875,360.3518371582031,849.5999755859375,1269.4300537109375,781.7527465820312,1745.753173828125,616.2515869140625,3246.668212890625,1270.0531005859375,18.09000015258789
2025-04-21,2441.45166015625,956.25,1221.9556884765625,921.662841796875,27427.732421875,5323.4365234375,1495.12841796875,470.8277587890625,5864.79541015625,1169.9798583984375,1203.6610107421875,1442.1953125,950.6994018554688,3858.65380859375,2326.53369140625,1399.0052490234375,1430.8675537109375,2238.818603515625,4242.22119140625,1996.7808837890625,11619.240234375,1194.6768798828125,360.89630126953125,878.1500244140625,1290.346435546875,800.6238403320312,1739.1749267578125,624.6790771484375,3269.009033203125,1334.8775634765625,18.81999969482422
2025-04-22,2444.250244140625,943.2999877929688,1215.760986328125,920.370849609375,27644.787109375,5365.18896484375,1512.0477294921875,479.58990478515625,5884.70458984375,1167.594970703125,1221.5166015625,1440.151611328125,967.7686767578125,3776.496337890625,2373.7373046875,1405.6539306640625,1403.058837890625,2266.187255859375,4264.92578125,2034.049072265625,11608.3583984375,1198.6104736328125,356.639404296875,881.9000244140625,1286.0635986328125,806.211669921875,1741.666748046875,625.4722900390625,3261.922607421875,1337.793212890625,18.690000534057617
2025-04-23,2452.34619140625,952.5,1205.8695068359375,926.5824584960938,28034.498046875,5472.58154296875,1517.4896240234375,481.3720397949219,5897.6455078125,1178.525634765625,1258.3187255859375,1551.18701171875,949.1207275390625,3881.8037109375,2398.576171875,1413.493408203125,1454.4359130859375,2224.435302734375,4478.44873046875,2076.58447265625,11779.505859375,1211.605712890625,360.15380859375,884.0999755859375,1294.82861328125,797.4378051757812,1782.930908203125,654.274658203125,3358.9619140625,1399.118896484375,18.420000076293945
2025-04-24,2441.251708984375,968.9500122070312,1206.0692138671875,924.39599609375,28049.296875,5391.24755859375,1535.29931640625,486.8174133300781,6187.32666015625,1192.9342041015625,1257.7235107421875,1544.0830078125,945.6181030273438,3895.59521484375,2301.101318359375,1391.95947265625,1450.9844970703125,2220.43994140625,4475.5859375,2091.094482421875,11766.6455078125,1211.506103515625,359.5598449707031,905.75,1296.4222412109375,797.3887939453125,1797.9813232421875,662.652587890625,3347.7421875,1404.561279296875,18.43000030517578
2025-04-25,2353.096923828125,912.5499877929688,1165.30419921875,905.6119384765625,27620.12109375,5350.3828125,1509.7720947265625,479.7879333496094,5985.24658203125,1167.396240234375,1256.334716796875,1535.811279296875,942.8554077148438,3837.47412109375,2307.929443359375,1394.04345703125,1459.662353515625,2201.861328125,4440.54150390625,2007.1165771484375,11572.744140625,1201.6973876953125,352.87750244140625,875.6500244140625,1295.22705078125,782.9291381835938,1781.5355224609375,649.664306640625,3393.40771484375,1420.8890380859375,17.770000457763672
2025-04-28,2368.5888671875,941.0,1191.781494140625,903.7235717773438,27935.8359375,5358.57568359375,1538.6634521484375,477.4117736816406,5999.18359375,1191.1455078125,1255.7396240234375,1525.081787109375,947.29541015625,3853.432861328125,2294.470947265625,1417.8597412109375,1461.5360107421875,2223.037109375,4429.0908203125,2092.38623046875,11719.1591796875,1197.963134765625,357.87689208984375,881.75,1363.35498046875,801.260986328125,1835.5576171875,662.454345703125,3388.978759765625,1420.4029541015625,18.09000015258789
2025-04-29,2329.408935546875,922.4000244140625,1186.2862548828125,903.7235717773438,28774.455078125,5397.564453125,1525.2071533203125,478.84735107421875,6080.31396484375,1168.588623046875,1252.565185546875,1544.4737548828125,941.6714477539062,3795.3115234375,2297.53857421875,1418.85205078125,1476.722412109375,2202.460693359375,4539.06005859375,2054.322998046875,11714.212890625,1188.7518310546875,353.37249755859375,870.7000122070312,1394.1319580078125,796.5554809570312,1799.5760498046875,659.926025390625,3417.51953125,1453.252685546875,17.989999771118164
2025-04-30,2300.1240234375,900.7000122070312,1183.9881591796875,858.15478515625,29060.5703125,5368.544921875,1533.71630859375,482.9066467285156,6059.4091796875,1176.4388427734375,1250.3829345703125,1542.997314453125,949.6633911132812,3770.388427734375,2317.7265625,1416.073486328125,1479.2862548828125,2205.55712890625,4527.60888671875,2082.64697265625,12125.7578125,1189.100341796875,350.99652099609375,864.75,1399.410888671875,773.1259765625,1826.2882080078125,638.758056640625,3399.017333984375,1460.736083984375,17.719999313354492
2025-05-02,2297.925048828125,905.7000122070312,1182.3895263671875,881.4111938476562,29050.705078125,5232.4287109375,1498.4925537109375,474.6395568847656,6051.943359375,1170.4766845703125,1248.39892578125,1547.8206787109375,948.1341552734375,3681.72900390625,2294.470947265625,1419.149658203125,1485.991943359375,2179.1875,4514.18359375,2046.2730712890625,12272.173828125,1161.0184326171875,345.2051696777344,831.3499755859375,1414.152099609375,781.0175170898438,1818.6134033203125,643.5667114257812,3376.676513671875,1452.0863037109375,17.719999313354492
2025-05-05,2454.2451171875,965.7000122070312,1172.1981201171875,887.7223510742188,29958.384765625,5289.6787109375,1526.5924072265625,477.0652160644531,6096.7392578125,1163.9183349609375,1251.969970703125,1544.080078125,955.4847412109375,3711.479248046875,2324.158935546875,1418.455078125,1487.6683349609375,2082.498779296875,4561.86376953125,2072.41064453125,12324.6064453125,1159.2259521484375,345.1061706542969,866.0,1425.6063232421875,774.4494018554688,1830.573974609375,655.9105834960938,3399.607666015625,1452.572265625,17.729999542236328
2025-05-06,2352.796875,923.25,1160.4083251953125,874.3547973632812,29514.412109375,5323.732421875,1495.42529296875,475.82763671875,6133.07373046875,1153.0870361328125,1240.7608642578125,1554.4158935546875,952.9686889648438,3814.915283203125,2357.01318359375,1420.63818359375,1490.528076171875,2071.611572265625,4478.349609375,2036.3348388671875,12446.2890625,1173.3167724609375,338.3742980957031,814.8499755859375,1415.2476806640625,758.8623657226562,1813.13134765625,642.6743774414062,3405.217529296875,1454.1273193359375,17.93000030517578
2025-05-07,2351.8974609375,917.25,1160.3084716796875,893.138916015625,30066.912109375,5281.7822265625,1492.8529052734375,477.312744140625,6120.1328125,1153.385009765625,1236.89208984375,1538.8629150390625,959.8260498046875,3810.3837890625,2346.127685546875,1424.4091796875,1487.37255859375,2092.4873046875,4500.56103515625,2058.596435546875,12497.732421875,1164.3045654296875,338.6217956542969,873.5,1400.4068603515625,760.822998046875,1775.4554443359375,674.500732421875,3390.553466796875,1453.1553955078125,18.270000457763672
2025-05-08,2284.132080078125,880.5,1171.198974609375,877.8333129882812,29608.138671875,5321.2646484375,1471.0853271484375,464.0458068847656,5933.482421875,1140.76513671875,1230.6427001953125,1555.9908447265625,951.3900756835938,3743.88916015625,2330.39306640625,1424.5084228515625,1490.4295654296875,2110.167236328125,4541.13330078125,2002.3463134765625,12259.3125,1165.4498291015625,336.5923767089844,835.1500244140625,1401.4029541015625,753.8627319335938,1761.401611328125,677.0289916992188,3394.293212890625,1460.5416259765625,18.229999542236328
2025-05-09,2249.849609375,879.4500122070312,1150.1170654296875,859.9691162109375,29598.2734375,5365.6826171875,1464.357177734375,458.1548767089844,5998.18798828125,1148.6153564453125,1232.130615234375,1544.86767578125,932.248779296875,3796.49365234375,2308.6220703125,1378.2652587890625,1486.6822509765625,2100.67822265625,4562.25830078125,2024.806640625,12118.8330078125,1157.831787109375,331.3949890136719,832.6500244140625,1371.721435546875,763.9110107421875,1739.0753173828125,702.4603881835938,3385.829833984375,1451.697509765625,20.020000457763672
2025-05-12,2424.060546875,940.5499877929688,1201.9727783203125,897.5386352539062,30589.814453125,5535.951171875,1495.6231689453125,470.3327331542969,5915.06640625,1188.0650634765625,1279.150146484375,1644.1903076171875,965.5487060546875,3925.542236328125,2357.7060546875,1437.4088134765625,1604.3270263671875,2142.52978515625,4876.96484375,2027.1917724609375,12480.9140625,1186.90966796875,345.0566711425781,866.0499877929688,1430.7855224609375,785.8701171875,1680.66748046875,714.655517578125,3563.077880859375,1528.8648681640625,20.40999984741211
2025-05-13,2439.952392578125,958.0499877929688,1192.580810546875,899.87744140625,30727.94140625,5414.048828125,1504.0333251953125,469.045654296875,6048.95654296875,1199.49267578125,1261.0260009765625,1594.2828369140625,948.4793701171875,4003.0703125,2335.440185546875,1419.6458740234375,1546.8358154296875,2113.163818359375,4856.33349609375,2051.6396484375,12348.3486328125,1180.1380615234375,338.07733154296875,855.8499755859375,1410.0682373046875,785.9680786132812,1694.4222412109375,701.6671752929688,3459.3466796875,1528.28173828125,20.8700008392334
2025-05-14,2460.641845703125,967.25,1194.4791259765625,903.7587890625,30999.2578125,5413.0615234375,1479.0008544921875,464.2933349609375,6187.32666015625,1212.3114013671875,1276.6605224609375,1612.099853515625,942.5594482421875,4006.616455078125,2326.0390625,1415.279541015625,1570.3056640625,2089.990234375,4969.56103515625,2058.596435546875,12534.3359375,1180.237548828125,335.1568908691406,850.7000122070312,1418.7337646484375,784.9387817382812,1702.59521484375,692.9917602539062,3492.51318359375,1558.118408203125,20.959999084472656
2025-05-15,2518.712158203125,967.9000244140625,1208.0675048828125,914.4573974609375,31305.107421875,5394.3076171875,1486.322509765625,464.34283447265625,6186.3310546875,1228.5086669921875,1285.025634765625,1669.4886474609375,954.0047607421875,4260.57666015625,2330.68994140625,1439.6912841796875,1590.6197509765625,2103.97412109375,4969.26416015625,2060.087158203125,12813.31640625,1194.0296630859375,338.5228271484375,857.2000122070312,1448.4151611328125,791.8499755859375,1734.390625,721.8932495117188,3523.21923828125,1583.2901611328125,21.510000228881836
2025-05-16,2553.6943359375,1020.0999755859375,1207.767822265625,912.3176879882812,31231.111328125,5430.33544921875,1484.046875,471.9168395996094,6251.03662109375,1222.94384765625,1294.087646484375,1633.952880859375,954.44873046875,4280.57373046875,2356.617431640625,1442.86669921875,1567.84033203125,2105.772216796875,4982.98583984375,2055.614990234375,12855.8564453125,1199.3572998046875,339.6612854003906,852.3499755859375,1450.6064453125,792.0999755859375,1729.207763671875,724.4711303710938,3504.91357421875,1571.5303955078125,21.549999237060547
2025-05-19,2539.3017578125,1014.0,1201.77294921875,921.1253662109375,31137.3828125,5448.1025390625,1475.8345947265625,478.64935302734375,6550.17431640625,1211.317626953125,1286.1209716796875,1623.8138427734375,956.4220581054688,4322.3427734375,2357.90380859375,1437.905029296875,1538.157958984375,2108.7685546875,4955.6416015625,2017.0548095703125,12849.919921875,1198.859375,341.69073486328125,870.9500122070312,1435.0684814453125,795.0,1724.5230712890625,723.2813720703125,3463.086669921875,1552.870361328125,21.200000762939453
2025-05-20,2500.321533203125,983.9500122070312,1194.7789306640625,903.5597534179688,31092.986328125,5357.7861328125,1439.02783203125,470.9267883300781,6423.25244140625,1216.48486328125,1255.5489501953125,1612.690673828125,944.6807861328125,4178.4189453125,2316.73681640625,1427.1876220703125,1538.94677734375,2087.693115234375,4951.001953125,1954.742431640625,12502.6787109375,1174.3126220703125,339.16632080078125,850.75,1418.932861328125,785.6500244140625,1702.1966552734375,712.771728515625,3442.911376953125,1531.6832275390625,20.81999969482422
2025-05-21,2499.1220703125,996.5,1196.7772216796875,915.3530883789062,31231.111328125,5422.43896484375,1466.7318115234375,476.9662170410156,6522.30126953125,1216.981689453125,1274.6689453125,1626.17626953125,950.5514526367188,4200.2880859375,2339.29931640625,1433.637939453125,1546.7371826171875,2068.914794921875,4969.16552734375,1983.6624755859375,12479.9248046875,1191.291259765625,342.68072509765625,843.0999755859375,1423.5145263671875,787.0999755859375,1726.117919921875,720.6043701171875,3469.975830078125,1553.259033203125,20.979999542236328
2025-05-22,2486.328857421875,985.8499755859375,1187.485107421875,909.5310668945312,31314.97265625,5367.1630859375,1452.978759765625,472.3128662109375,6508.36474609375,1214.4974365234375,1258.7354736328125,1607.473388671875,947.1474609375,4212.6015625,2306.445068359375,1431.057861328125,1526.028564453125,2063.421142578125,4958.7021484375,1956.5311279296875,12311.7451171875,1175.9058837890625,337.97833251953125,828.4500122070312,1403.79345703125,785.25,1713.060791015625,711.3341064453125,3421.948486328125,1521.57568359375,20.969999313354492
2025-05-23,2538.701904296875,986.9500122070312,1209.066650390625,919.9310913085938,31699.75,5415.529296875,1468.5128173828125,477.16424560546875,6453.6142578125,1222.34765625,1272.0797119140625,1622.4356689453125,953.9060668945312,4244.61767578125,2334.6484375,1438.698974609375,1543.088623046875,2098.380615234375,5026.037109375,1966.668212890625,12319.6591796875,1202.1455078125,341.1462707519531,843.9500122070312,1421.124267578125,790.5,1678.075927734375,712.1272583007812,3458.952880859375,1535.8624267578125,21.149999618530273
2025-05-26,2546.39794921875,1011.8499755859375,1214.162353515625,922.5186767578125,32049.99609375,5453.53125,1468.5128173828125,475.5306091308594,6706.462890625,1233.0797119140625,1279.150146484375,1647.438720703125,957.1619873046875,4294.4638671875,2369.185302734375,1449.4161376953125,1558.5706787109375,2086.89404296875,5091.57958984375,1975.016357421875,12288.001953125,1221.8626708984375,340.0572814941406,870.0,1429.0924072265625,794.4000244140625,1670.6005859375,722.7855834960938,3481.293701171875,1556.369140625,20.989999771118164
2025-05-27,2539.001708984375,1013.0,1194.5791015625,912.7157592773438,32049.99609375,5425.39990234375,1464.8519287109375,479.2928771972656,6667.6396484375,1235.3651123046875,1264.3121337890625,1626.2747802734375,950.3047485351562,4273.580078125,2355.429931640625,1435.324951171875,1548.3150634765625,2075.007568359375,5087.69482421875,1958.0218505859375,12281.0771484375,1225.298095703125,335.1568908691406,866.5499877929688,1416.44287109375,793.7000122070312,1677.876708984375,710.3425903320312,3443.304931640625,1547.6221923828125,21.1299991607666
2025-05-28,2513.714599609375,1001.8499755859375,1193.6798095703125,922.3196411132812,31206.4453125,5402.2041015625,1452.978759765625,479.8869323730469,6605.92041015625,1234.7689208984375,1253.75634765625,1631.3935546875,948.9234008789062,4297.22265625,2337.419189453125,1442.6683349609375,1549.991455078125,2071.9111328125,5079.32763671875,1929.5987548828125,12198.9658203125,1204.4359130859375,336.641845703125,852.5999755859375,1407.279541015625,796.5499877929688,1660.9324951171875,711.829833984375,3442.320556640625,1535.8624267578125,21.110000610351562
2025-05-29,2539.50146484375,1019.0499877929688,1200.673828125,916.0,30836.466796875,5424.4130859375,1461.2900390625,477.312744140625,6601.44091796875,1240.3336181640625,1240.9100341796875,1638.6778564453125,950.896728515625,4291.7060546875,2342.0703125,1445.3475341796875,1563.5999755859375,2079.202880859375,5108.11474609375,1957.922607421875,12259.3125,1212.4024658203125,335.9488830566406,877.0999755859375,1412.1600341796875,797.3499755859375,1694.222900390625,718.2744140625,3442.714599609375,1555.008544921875,21.309999465942383
2025-05-30,2518.612060546875,1014.3499755859375,1191.181884765625,918.0499877929688,30994.32421875,5439.21875,1450.208251953125,478.154296875,6582.029296875,1243.314697265625,1226.2713623046875,1611.01708984375,959.480712890625,4245.1103515625,2323.86181640625,1434.7296142578125,1562.699951171875,2072.310791015625,5049.046875,1945.59912109375,12187.0947265625,1193.0836181640625,330.5534973144531,890.4500122070312,1415.2476806640625,812.2999877929688,1672.095703125,713.3665771484375,3408.5634765625,1529.642333984375,21.479999542236328
2025-06-02,2517.5126953125,1009.0999755859375,1193.380126953125,911.8499755859375,30811.802734375,5532.49658203125,1454.6607666015625,479.639404296875,6509.3603515625,1239.836669921875,1260.8267822265625,1605.996826171875,953.166015625,4169.25732421875,2346.91943359375,1439.3935546875,1553.800048828125,2061.2236328125,5052.6328125,1948.9781494140625,12158.4052734375,1198.112548828125,329.2170104980469,924.3499755859375,1408.0762939453125,813.6500244140625,1669.10546875,705.533935546875,3395.17919921875,1505.539794921875,23.280000686645508
2025-06-03,2469.63720703125,992.5999755859375,1180.4910888671875,897.9000244140625,30935.12890625,5503.3779296875,1457.6290283203125,480.8274841308594,6500.40087890625,1240.4329833984375,1233.3416748046875,1604.9140625,949.466064453125,4145.91015625,2327.8203125,1426.8900146484375,1543.0,2042.1455078125,5041.177734375,1941.922119140625,11998.1396484375,1190.693603515625,324.9601135253906,928.25,1399.908935546875,809.7999877929688,1662.02880859375,697.8499755859375,3351.28515625,1500.388916015625,20.860000610351562
2025-06-04,2488.127685546875,1004.7999877929688,1170.0001220703125,898.7000122070312,30994.32421875,5470.3115234375,1456.3428955078125,486.9659423828125,6588.00244140625,1244.0103759765625,1222.0887451171875,1600.68115234375,957.6553344726562,4138.02978515625,2339.893310546875,1420.0428466796875,1551.199951171875,2043.9434814453125,5132.8173828125,1931.98388671875,12032.7646484375,1193.73095703125,325.9501037597656,939.5499877929688,1417.8372802734375,806.5,1659.4373779296875,709.1500244140625,3356.94482421875,1512.9259033203125,21.139999389648438
2025-06-05,2503.1201171875,1003.5999755859375,1158.0103759765625,893.4000244140625,31033.7890625,5527.56103515625,1474.0537109375,483.84722900390625,6598.45458984375,1282.4664306640625,1209.840087890625,1606.8826904296875,961.79931640625,4116.65283203125,2351.66943359375,1443.66064453125,1554.300048828125,2037.55078125,5161.20556640625,1982.867431640625,11996.1611328125,1195.623046875,325.3561096191406,941.2999877929688,1436.662109375,806.0,1677.57763671875,710.1500244140625,3347.214111328125,1518.8546142578125,20.93000030517578
2025-06-06,2532.90478515625,1018.7999877929688,1193.5799560546875,937.1500244140625,31171.9140625,5534.9638671875,1488.3013916015625,476.47119140625,6514.83544921875,1312.575439453125,1205.0599365234375,1612.099853515625,976.1552734375,4204.42529296875,2364.929931640625,1448.5230712890625,1563.800048828125,2071.01220703125,5183.61767578125,1987.240234375,12328.5634765625,1203.5396728515625,329.5140380859375,961.9500122070312,1437.7576904296875,813.0499877929688,1673.6904296875,711.0,3360.221435546875,1526.921142578125,20.850000381469727
2025-06-09,2580.780517578125,1034.300048828125,1218.8583984375,960.75,31265.642578125,5623.30615234375,1490.676025390625,480.7779846191406,6602.93408203125,1310.7867431640625,1212.52880859375,1622.5343017578125,976.2540283203125,4284.61279296875,2368.294677734375,1423.8138427734375,1572.9000244140625,2135.737548828125,5237.40625,1982.2711181640625,12501.689453125,1202.5936279296875,333.721435546875,969.0499877929688,1443.0367431640625,820.0499877929688,1688.840576171875,717.7999877929688,3397.654296875,1534.6961669921875,21.020000457763672
2025-06-10,2611.7646484375,1060.5,1231.747314453125,949.75,31122.583984375,5593.6943359375,1494.8316650390625,484.6887512207031,6643.74853515625,1340.2996826171875,1208.84423828125,1642.024658203125,969.5447387695312,4313.77197265625,2370.273681640625,1412.0048828125,1596.0,2148.622802734375,5363.90869140625,1992.4080810546875,12385.9423828125,1210.60986328125,335.8003845214844,961.2999877929688,1432.777587890625,817.0499877929688,1683.259033203125,732.25,3438.36376953125,1565.6019287109375,20.829999923706055
2025-06-11,2579.880859375,1046.800048828125,1230.3485107421875,942.5,31467.896484375,5576.91455078125,1505.616455078125,481.6690368652344,6688.54443359375,1342.5850830078125,1218.7030029296875,1694.9837646484375,962.1940307617188,4344.60546875,2351.66943359375,1420.0428466796875,1631.0999755859375,2142.82958984375,5372.87353515625,2014.0733642578125,12318.669921875,1204.5355224609375,334.71142578125,960.4500122070312,1443.13623046875,815.0499877929688,1685.052978515625,736.4000244140625,3447.300048828125,1591.4539794921875,20.709999084472656
2025-06-12,2542.39990234375,1015.7999877929688,1211.8643798828125,936.8499755859375,31097.91796875,5497.45556640625,1486.916259765625,468.25360107421875,6694.51708984375,1354.1119384765625,1198.8858642578125,1674.6072998046875,958.74072265625,4297.81298828125,2308.424072265625,1414.2872314453125,1608.5999755859375,2124.350830078125,5393.791015625,2010.6943359375,12257.333984375,1187.805908203125,330.35552978515625,895.4000244140625,1435.865234375,805.9500122070312,1681.863525390625,715.3499755859375,3409.866943359375,1598.159912109375,20.420000076293945
2025-06-13,2507.89990234375,989.5,1204.7703857421875,933.0999755859375,31162.048828125,5497.94921875,1489.290771484375,461.8676452636719,6636.7802734375,1353.913330078125,1183.8487548828125,1668.799560546875,946.0127563476562,4269.2451171875,2294.86669921875,1405.2569580078125,1602.0,2104.972900390625,5407.736328125,1987.240234375,12275.1416015625,1183.42431640625,328.623046875,882.25,1422.2198486328125,792.3499755859375,1682.2623291015625,712.0499877929688,3421.28564453125,1612.349365234375,20.15999984741211
2025-06-16,2544.0,992.0,1214.3621826171875,938.0,31847.7421875,5488.572265625,1510.8604736328125,467.0160217285156,6657.18701171875,1338.312255859375,1183.052001953125,1696.0665283203125,954.7940673828125,4299.48828125,2303.17919921875,1415.9742431640625,1623.800048828125,2136.53662109375,5428.15625,1998.470458984375,12395.8349609375,1189.8970947265625,330.35552978515625,877.3499755859375,1432.0804443359375,792.5,1679.7705078125,686.6500244140625,3471.527099609375,1646.26806640625,20.239999771118164
2025-06-17,2488.5,977.5,1214.0623779296875,923.0,31783.611328125,5496.46875,1487.60888671875,467.3625183105469,6508.36474609375,1310.48876953125,1190.620361328125,1702.563232421875,951.9327392578125,4305.89111328125,2304.366943359375,1412.302490234375,1639.9000244140625,2134.33935546875,5492.9013671875,1931.98388671875,12460.138671875,1176.0552978515625,331.8404846191406,865.1500244140625,1425.506591796875,792.2999877929688,1644.7855224609375,674.75,3490.392578125,1670.2734375,19.940000534057617
2025-06-18,2459.10009765625,968.9000244140625,1219.9573974609375,919.0,31956.26953125,5500.4169921875,1482.265869140625,465.5309143066406,6519.31494140625,1305.0234375,1191.6162109375,1689.0775146484375,954.0540771484375,4292.986328125,2273.392578125,1401.78369140625,1632.9000244140625,2129.944091796875,5429.15234375,1941.922119140625,12611.5009765625,1165.4996337890625,329.06854248046875,891.5,1424.4110107421875,791.9000244140625,1642.5927734375,670.25,3426.945068359375,1662.595458984375,19.889999389648438
2025-06-19,2420.60009765625,934.0,1216.4603271484375,900.5,31941.46875,5486.1044921875,1468.31494140625,460.4815673828125,6463.56884765625,1317.74267578125,1189.027099609375,1687.1087646484375,954.7447509765625,4318.9931640625,2270.32470703125,1400.4937744140625,1618.4000244140625,2143.927978515625,5346.97509765625,1919.859375,12668.8798828125,1154.595458984375,326.7420654296875,868.2000122070312,1427.598388671875,785.0999755859375,1642.194091796875,672.2999877929688,3399.739501953125,1636.6463623046875,19.40999984741211
2025-06-20,2448.39990234375,947.7000122070312,1219.6575927734375,905.0,31857.607421875,5514.7294921875,1483.8489990234375,462.263671875,6562.1201171875,1316.94775390625,1184.4462890625,1712.7022705078125,969.2486572265625,4273.87548828125,2282.199951171875,1416.1727294921875,1622.9000244140625,2167.30126953125,5355.44189453125,1935.959228515625,12654.0400390625,1175.258544921875,331.8404846191406,871.2000122070312,1460.367431640625,796.1500244140625,1659.63671875,676.2000122070312,3411.3564453125,1648.4061279296875,19.729999542236328
2025-06-23,2472.0,960.5,1213.063232421875,915.5,31152.181640625,5497.45556640625,1483.2552490234375,462.85772705078125,6605.92041015625,1309.5943603515625,1166.122802734375,1676.575927734375,961.2073974609375,4189.74755859375,2275.10009765625,1409.226318359375,1584.0,2181.5849609375,5306.6337890625,1915.2877197265625,12563.025390625,1174.611328125,329.26654052734375,883.4500122070312,1451.0048828125,790.2000122070312,1657.0452880859375,671.25,3369.554931640625,1634.50830078125,19.8799991607666
2025-06-24,2505.60009765625,987.2999877929688,1220.1572265625,916.5,31078.1875,5544.34130859375,1486.5205078125,470.38226318359375,6535.740234375,1328.8721923828125,1168.9112548828125,1665.354248046875,967.3740234375,4228.560546875,2263.10009765625,1413.1956787109375,1581.5999755859375,2221.039306640625,5315.5986328125,1918.8656005859375,12475.9677734375,1177.947265625,326.6430969238281,898.5,1445.0286865234375,795.4000244140625,1656.247802734375,673.6500244140625,3366.37744140625,1629.9403076171875,19.969999313354492
2025-06-25,2527.199951171875,981.0999755859375,1212.2640380859375,928.0,31329.771484375,5634.1640625,1494.0401611328125,475.4811096191406,6556.64501953125,1333.14501953125,1180.3634033203125,1690.2586669921875,976.8953247070312,4236.73681640625,2278.699951171875,1414.8826904296875,1614.9000244140625,2195.7685546875,5414.708984375,1923.3377685546875,12630.2978515625,1197.1663818359375,327.5340881347656,894.7000122070312,1461.463134765625,800.0499877929688,1664.1219482421875,674.5,3420.39208984375,1657.055908203125,20.229999542236328
2025-06-26,2586.199951171875,992.0,1232.44677734375,951.5,31783.611328125,5752.61181640625,1497.800048828125,476.7681884765625,6586.01123046875,1313.171630859375,1179.3675537109375,1697.149169921875,997.4179077148438,4214.2763671875,2280.800048828125,1428.080810546875,1616.0,2201.36181640625,5351.95556640625,1916.7784423828125,12578.8544921875,1210.60986328125,333.77093505859375,915.75,1489.3516845703125,797.0499877929688,1664.3212890625,682.75,3417.413330078125,1642.6719970703125,20.079999923706055
2025-06-27,2646.300048828125,1015.5999755859375,1224.0538330078125,947.0,31828.009765625,5719.544921875,1502.4000244140625,481.5205383300781,6627.82080078125,1292.8009033203125,1171.5003662109375,1696.36181640625,1004.9491577148438,4255.9462890625,2306.89990234375,1451.00390625,1608.0,2205.357177734375,5272.26904296875,1923.23828125,12506.6357421875,1224.2027587890625,334.9093933105469,919.3499755859375,1509.3717041015625,805.4000244140625,1682.0628662109375,686.9000244140625,3416.718505859375,1627.3162841796875,20.18000030517578
2025-06-30,2619.39990234375,1025.5999755859375,1198.1759033203125,936.5,32242.384765625,5775.314453125,1505.9000244140625,480.43145751953125,6778.63427734375,1275.2125244140625,1173.4920654296875,1701.5789794921875,998.2658081054688,4173.98583984375,2294.60009765625,1434.7296142578125,1601.800048828125,2161.008544921875,5296.1748046875,1926.02099609375,12267.2265625,1227.489013671875,331.54345703125,924.0,1494.630615234375,820.3499755859375,1670.201904296875,688.0,3437.47021484375,1639.56201171875,20.34000015258789
2025-07-01,2621.800048828125,1015.7000122070312,1172.2982177734375,936.6500244140625,31882.2734375,5669.205078125,1515.699951171875,477.6097412109375,6825.42138671875,1268.75341796875,1163.7327880859375,1691.4400634765625,1003.5526123046875,4163.05126953125,2295.5,1421.03515625,1606.800048828125,2181.08544921875,5283.22607421875,1948.7794189453125,12308.77734375,1200.004638671875,329.26654052734375,930.25,1522.320068359375,820.2999877929688,1661.729736328125,683.7999877929688,3405.399169921875,1624.206298828125,20.43000030517578
2025-07-02,2630.199951171875,1019.0,1174.2965087890625,923.0,32010.533203125,5715.103515625,1497.5999755859375,482.7086181640625,6828.40771484375,1262.791259765625,1169.7078857421875,1691.7353515625,990.5350341796875,4180.48779296875,2307.10009765625,1416.867431640625,1610.5,2166.60205078125,5283.72412109375,1956.233154296875,12486.849609375,1189.0008544921875,330.4049987792969,926.7000122070312,1512.75830078125,812.9000244140625,1671.9959716796875,688.5499877929688,3399.04443359375,1629.9403076171875,20.280000686645508
2025-07-03,2611.199951171875,1008.5,1170.0999755859375,910.1500244140625,33944.28515625,5719.544921875,1508.699951171875,486.7184143066406,6844.8330078125,1283.1619873046875,1166.322021484375,1685.1400146484375,991.0836181640625,4246.39111328125,2313.39990234375,1414.98193359375,1618.699951171875,2124.151123046875,5303.6455078125,1942.7171630859375,12615.4580078125,1189.199951171875,331.2464904785156,925.2999877929688,1511.76220703125,807.0999755859375,1674.188720703125,690.4000244140625,3376.703857421875,1624.88671875,20.149999618530273
2025-07-04,2599.10009765625,996.7999877929688,1177.5999755859375,925.2999877929688,35448.86328125,5696.8427734375,1513.300048828125,490.18365478515625,6875.1943359375,1299.1605224609375,1187.931640625,1698.9212646484375,992.1809692382812,4280.2783203125,2339.300048828125,1431.7525634765625,1640.699951171875,2127.347412109375,5295.1787109375,1968.6558837890625,12510.5927734375,1196.4000244140625,332.137451171875,930.8499755859375,1521.2244873046875,811.8499755859375,1670.800048828125,689.0499877929688,3395.5693359375,1638.048828125,20.049999237060547
2025-07-07,2576.10009765625,991.0999755859375,1175.0999755859375,924.6500244140625,35562.32421875,5807.88720703125,1510.5,507.65838623046875,6857.27587890625,1302.240966796875,1263.1171875,1683.66357421875,991.2332763671875,4242.8447265625,2410.39990234375,1424.706787109375,1627.0,2147.32421875,5329.0458984375,1966.3699951171875,12385.9423828125,1211.050048828125,334.06793212890625,920.7999877929688,1535.367919921875,806.8499755859375,1679.9000244140625,688.8499755859375,3387.526611328125,1607.0732421875,20.0
2025-07-08,2591.300048828125,992.0,1165.4000244140625,927.6500244140625,35014.7578125,5763.4697265625,1488.300048828125,508.0048828125,6906.5517578125,1275.7093505859375,1272.0797119140625,1681.3994140625,998.2159423828125,4236.3427734375,2392.699951171875,1430.9586181640625,1638.699951171875,2221.938232421875,5347.97119140625,1910.21923828125,12281.0771484375,1208.949951171875,339.76031494140625,911.0499877929688,1531.4833984375,812.6500244140625,1672.5,693.2000122070312,3382.0654296875,1618.4541015625,20.0
2025-07-09,2583.0,995.2000122070312,1164.699951171875,940.5999755859375,35320.60546875,5805.9130859375,1491.699951171875,516.965087890625,6951.845703125,1261.4000244140625,1288.4114990234375,1647.8323974609375,1003.1036987304688,4268.5556640625,2423.39990234375,1420.93603515625,1633.699951171875,2226.732666015625,5308.6259765625,1902.3680419921875,12336.4775390625,1213.9000244140625,340.5522766113281,907.7000122070312,1512.9573974609375,810.9500122070312,1669.4000244140625,692.7999877929688,3359.82421875,1598.0675048828125,19.90999984741211
2025-07-10,2581.0,995.7999877929688,1164.300048828125,947.6500244140625,35710.31640625,5801.96484375,1477.800048828125,517.2125854492188,6813.4755859375,1262.5999755859375,1281.3409423828125,1637.693359375,1000.6099243164062,4256.93115234375,2408.39990234375,1413.1956787109375,1615.800048828125,2201.26220703125,5299.1630859375,1883.0880126953125,12514.5498046875,1200.699951171875,338.02783203125,940.5499877929688,1511.16455078125,808.0,1662.5,695.5999755859375,3358.036865234375,1583.519775390625,19.809999465942383
2025-07-11,2558.699951171875,995.2000122070312,1173.800048828125,933.5,36035.8984375,5684.0107421875,1485.0,525.57861328125,6804.0185546875,1254.699951171875,1279.6480712890625,1612.690673828125,989.3878784179688,4155.85986328125,2519.60009765625,1411.0125732421875,1594.9000244140625,2218.042724609375,5185.60986328125,1882.988525390625,12439.3642578125,1201.75,339.26531982421875,951.1500244140625,1489.2520751953125,808.6500244140625,1672.0,681.7999877929688,3242.85888671875,1585.8948974609375,19.65999984741211
2025-07-14,2581.300048828125,1025.9000244140625,1172.699951171875,918.8499755859375,37338.22265625,5703.2587890625,1484.0,520.974853515625,6747.77490234375,1250.5999755859375,1261.32470703125,1594.4798583984375,989.0387573242188,4188.36865234375,2516.60009765625,1412.1041259765625,1570.300048828125,2201.26220703125,5137.7978515625,1914.1944580078125,12380.0068359375,1196.449951171875,338.67132568359375,974.7000122070312,1477.7977294921875,808.8499755859375,1682.5999755859375,674.5,3199.865478515625,1560.3621826171875,19.989999771118164
2025-07-15,2598.199951171875,1033.0999755859375,1165.9000244140625,928.4000244140625,37806.859375,5710.66162109375,1490.9000244140625,521.7669067382812,6759.22265625,1260.9000244140625,1264.81005859375,1541.91455078125,995.2732543945312,4387.65478515625,2526.89990234375,1419.844482421875,1585.5999755859375,2185.580322265625,5229.935546875,1938.6424560546875,12401.7705078125,1208.1500244140625,338.57232666015625,988.4500122070312,1479.4910888671875,816.4500122070312,1727.5,684.4000244140625,3229.256103515625,1562.638427734375,20.459999084472656
2025-07-16,2608.5,1038.5999755859375,1168.4000244140625,921.75,37959.78515625,5711.6484375,1475.800048828125,522.7074584960938,6800.03662109375,1259.4000244140625,1259.5322265625,1538.3707275390625,995.6722412109375,4358.59423828125,2517.60009765625,1415.4781494140625,1607.9000244140625,2176.89013671875,5306.1357421875,1918.1697998046875,12429.470703125,1230.0,339.017822265625,1005.0,1479.690185546875,831.7000122070312,1701.0,679.0,3221.08642578125,1591.239013671875,20.239999771118164
2025-07-17,2616.60009765625,1050.0999755859375,1159.800048828125,923.2999877929688,38127.5078125,5732.376953125,1482.4000244140625,523.4500122070312,6759.72021484375,1263.0999755859375,1272.8763427734375,1519.76611328125,990.98388671875,4377.41015625,2509.800048828125,1407.8370361328125,1583.5,2168.300048828125,5174.15478515625,1943.611572265625,12342.4130859375,1224.550048828125,339.2157897949219,999.4000244140625,1470.52685546875,829.0,1703.4000244140625,681.7000122070312,3197.275146484375,1547.4969482421875,20.139999389648438
2025-07-18,2596.10009765625,1030.199951171875,1099.300048828125,942.0,37737.796875,5661.30810546875,1482.300048828125,522.5999755859375,6700.98779296875,1257.5,1246.0885009765625,1536.5323486328125,976.2705078125,4331.20849609375,2489.60009765625,1414.8826904296875,1586.0999755859375,2140.5,5103.93115234375,1920.2568359375,12286.0234375,1236.0999755859375,338.67132568359375,1001.5999755859375,1470.12841796875,823.3499755859375,1693.5999755859375,680.25,3178.046875,1532.850341796875,20.170000076293945
2025-07-21,2619.5,1036.5999755859375,1099.5999755859375,948.4500122070312,37806.859375,5608.0068359375,1473.9000244140625,514.5499877929688,6657.68505859375,1259.300048828125,1233.5408935546875,1518.278076171875,997.7670288085938,4342.537109375,2464.89990234375,1454.576416015625,1584.300048828125,2165.199951171875,5133.8134765625,1909.1260986328125,12272.173828125,1236.300048828125,338.1268310546875,1017.7000122070312,1422.9169921875,824.2000122070312,1692.300048828125,687.4500122070312,3146.464599609375,1527.80322265625,20.15999984741211
2025-07-22,2587.800048828125,1013.7000122070312,1098.0,952.5499877929688,37249.42578125,5634.65771484375,1464.4000244140625,515.0499877929688,6583.02490234375,1240.0,1237.2254638671875,1508.0595703125,1001.058837890625,4277.71728515625,2479.699951171875,1462.316650390625,1570.9000244140625,2160.199951171875,5155.22900390625,1891.43603515625,12358.2421875,1221.75,337.433837890625,1051.050048828125,1407.179931640625,815.0,1678.0,673.4000244140625,3147.859619140625,1531.16796875,19.989999771118164
2025-07-23,2614.5,1033.9000244140625,1104.800048828125,968.2999877929688,37471.4140625,5645.51513671875,1473.5,513.8499755859375,6622.84375,1247.4000244140625,1227.36669921875,1517.682861328125,1009.6375122070312,4298.7001953125,2450.39990234375,1477.2017822265625,1574.5,2170.39990234375,5277.24951171875,1908.629150390625,12491.796875,1226.25,339.6117858886719,1071.1500244140625,1418.932861328125,820.6500244140625,1682.5,690.0999755859375,3167.287109375,1530.5740966796875,19.899999618530273
2025-07-24,2608.39990234375,1020.7000122070312,1095.0999755859375,958.9500122070312,37402.3515625,5599.61669921875,1487.9000244140625,512.5499877929688,6588.5,1265.5,1219.300537109375,1495.26171875,1004.5999755859375,4301.89990234375,2437.800048828125,1472.0416259765625,1552.5,2142.10009765625,5185.60986328125,1929.4000244140625,12422.5458984375,1161.050048828125,335.5033874511719,1106.25,1397.3192138671875,815.7000122070312,1692.0,700.5,3136.302734375,1483.071533203125,20.010000228881836
2025-07-25,2550.10009765625,975.9000244140625,1086.0999755859375,913.75,37323.421875,5521.638671875,1532.5,511.3500061035156,6616.5,1277.9000244140625,1212.0308837890625,1478.2972412109375,1002.2999877929688,4230.7001953125,2415.39990234375,1465.789794921875,1515.699951171875,2124.60009765625,5076.04052734375,1951.0,12271.1845703125,1137.300048828125,329.86053466796875,1067.75,1386.1636962890625,806.5499877929688,1699.0,687.4000244140625,3124.14794921875,1446.7518310546875,19.600000381469727
2025-07-28,2522.300048828125,1003.9000244140625,1073.5999755859375,880.5,37723.0,5551.744140625,1572.0,522.0,6584.0,1287.4000244140625,1209.9395751953125,1454.4873046875,1004.25,4291.10009765625,2441.60009765625,1477.00341796875,1516.0,1966.5999755859375,5027.232421875,1960.5,12207.869140625,1114.6500244140625,329.613037109375,1094.199951171875,1382.080078125,797.1500244140625,1702.199951171875,682.9000244140625,3067.85791015625,1435.56884765625,19.329999923706055
2025-07-29,2547.89990234375,1015.5999755859375,1064.199951171875,886.5499877929688,39915.0,5553.224609375,1574.0,518.2999877929688,6676.5,1299.800048828125,1205.557861328125,1460.7374267578125,1010.7999877929688,4325.2001953125,2453.60009765625,1474.8201904296875,1513.699951171875,1972.699951171875,5036.6953125,1984.5999755859375,12335.48828125,1111.8499755859375,331.2464904785156,1073.0999755859375,1411.4627685546875,799.2000122070312,1710.5,692.3499755859375,3044.64453125,1438.73583984375,19.399999618530273
2025-07-30,2532.89990234375,1009.7000122070312,1073.300048828125,884.8499755859375,40060.0,5672.65966796875,1559.4000244140625,522.0,6650.0,1292.0999755859375,1211.532958984375,1464.804931640625,1012.9000244140625,4251.2998046875,2437.39990234375,1471.04931640625,1519.0,1959.699951171875,5119.3701171875,1984.5999755859375,12482.892578125,1115.75,335.4043884277344,1068.199951171875,1404.4906005859375,801.6500244140625,1733.800048828125,668.4500122070312,3042.25341796875,1448.038330078125,19.219999313354492
2025-07-31,2430.699951171875,984.7000122070312,1068.4000244140625,881.2000122070312,40385.0,5696.34912109375,1554.5999755859375,529.0,6595.5,1270.300048828125,1253.75634765625,1456.2730712890625,1009.0999755859375,4260.7001953125,2521.199951171875,1470.0570068359375,1509.0,1978.5999755859375,5086.00146484375,1929.0999755859375,12473.0,1123.8499755859375,330.8999938964844,1089.3499755859375,1384.669677734375,796.5499877929688,1706.699951171875,665.9500122070312,3025.515869140625,1448.5330810546875,18.920000076293945
2025-08-01,2350.89990234375,972.5999755859375,1062.4000244140625,875.5999755859375,40390.0,5723.0,1502.800048828125,534.3499755859375,6361.5,1220.5999755859375,1261.22509765625,1440.59814453125,1006.0999755859375,4311.60009765625,2553.699951171875,1460.3319091796875,1469.5999755859375,1992.4000244140625,4997.84814453125,1867.300048828125,12302.0,1138.25,327.58355712890625,1076.4000244140625,1388.15576171875,794.0,1629.699951171875,648.8499755859375,2991.84130859375,1423.8912353515625,18.600000381469727
2025-08-04,2363.60009765625,989.7999877929688,1068.5999755859375,885.2999877929688,41115.0,5787.0,1515.0999755859375,529.6500244140625,6489.5,1225.0,1244.1964111328125,1462.7215576171875,996.0,4535.89990234375,2543.699951171875,1451.9962158203125,1480.5,1997.0,5069.06787109375,1882.199951171875,12365.0,1138.699951171875,328.67254638671875,1078.199951171875,1405.885009765625,795.7000122070312,1641.5999755859375,653.5999755859375,3062.97607421875,1459.716064453125,18.889999389648438
2025-08-05,2328.199951171875,971.75,1070.800048828125,891.9000244140625,40595.0,5635.5,1499.800048828125,524.7000122070312,6409.0,1214.800048828125,1214.3212890625,1470.955810546875,988.7999877929688,4546.7998046875,2534.699951171875,1433.3402099609375,1460.300048828125,2003.0,5111.4013671875,1864.5,12537.0,1133.6500244140625,330.2565002441406,1053.0,1386.1636962890625,800.5999755859375,1632.0999755859375,654.5999755859375,3052.51513671875,1470.00830078125,18.860000610351562
2025-08-06,2300.300048828125,957.5499877929688,1071.0,876.6500244140625,38255.0,5402.5,1486.699951171875,514.0,6133.5,1196.699951171875,1197.5911865234375,1451.6102294921875,992.6500244140625,4474.89990234375,2535.60009765625,1432.54638671875,1436.699951171875,2002.4000244140625,5015.77734375,1851.800048828125,12524.0,1116.6500244140625,328.77154541015625,1055.4000244140625,1387.259521484375,805.1500244140625,1595.199951171875,652.8499755859375,3021.032470703125,1443.8818359375,18.729999542236328
2025-08-07,2249.800048828125,936.7000122070312,1076.199951171875,879.0999755859375,38570.0,5476.5,1491.0,517.2000122070312,6131.5,1200.800048828125,1214.9188232421875,1463.8128662109375,997.7000122070312,4660.7001953125,2517.5,1429.271728515625,1436.9000244140625,1992.0999755859375,5017.76953125,1944.199951171875,12632.0,1117.300048828125,326.4450988769531,1065.300048828125,1383.8729248046875,805.1500244140625,1598.4000244140625,646.5,3035.677978515625,1466.6435546875,18.770000457763672
2025-08-08,2178.10009765625,914.0499877929688,1058.0999755859375,877.1500244140625,38325.0,5387.0,1485.800048828125,507.25,5914.5,1211.4000244140625,1181.159912109375,1464.01123046875,986.9500122070312,4599.7998046875,2498.60009765625,1424.9053955078125,1423.0999755859375,1952.699951171875,4992.36962890625,1918.0,12590.0,1096.5,331.3949890136719,1062.4000244140625,1362.35888671875,804.2999877929688,1586.9000244140625,633.7000122070312,3025.1171875,1465.0601806640625,18.540000915527344
2025-08-11,2283.39990234375,929.0999755859375,1073.300048828125,877.7999877929688,38710.0,5381.5,1504.800048828125,510.04998779296875,5992.0,1219.5,1195.0020751953125,1476.2138671875,997.7999877929688,4562.2001953125,2518.39990234375,1425.5999755859375,1428.199951171875,1975.9000244140625,5046.65625,1944.800048828125,12597.0,1105.0,332.78094482421875,1122.0,1380.6856689453125,823.4500122070312,1608.4000244140625,653.75,3029.5009765625,1465.7528076171875,18.770000457763672
2025-08-12,2288.199951171875,930.9000244140625,1070.0,853.0,38610.0,5338.0,1521.5999755859375,502.8999938964844,5961.0,1220.300048828125,1195.5,1487.2259521484375,984.9500122070312,4645.2001953125,2483.800048828125,1422.0,1424.0999755859375,1959.0,5086.99755859375,1943.800048828125,12840.0,1091.0999755859375,336.6913757324219,1120.0,1374.9088134765625,820.5999755859375,1622.199951171875,654.0999755859375,3024.120849609375,1493.6607666015625,18.719999313354492
2025-08-13,2280.10009765625,924.1500244140625,1066.0,860.0,38660.0,5375.5,1561.0,503.5,6100.5,1253.4000244140625,1198.800048828125,1489.2100830078125,990.1500244140625,4768.7001953125,2495.10009765625,1420.800048828125,1426.5999755859375,1987.699951171875,5094.46826171875,1989.800048828125,12834.0,1096.9000244140625,336.5428771972656,1155.0,1377.0999755859375,821.8499755859375,1639.800048828125,663.75,3024.91796875,1490.6917724609375,18.829999923706055
2025-08-14,2281.60009765625,917.5,1068.199951171875,861.4500122070312,38585.0,5302.5,1564.0,500.8999938964844,6132.5,1260.4000244140625,1184.9000244140625,1477.9996337890625,995.5499877929688,4708.10009765625,2480.60009765625,1427.300048828125,1447.699951171875,1978.199951171875,5087.99365234375,1961.5999755859375,12936.0,1089.4000244140625,335.9488830566406,1151.300048828125,1373.800048828125,826.5499877929688,1641.4000244140625,664.5999755859375,3011.06982421875,1471.2947998046875,18.780000686645508
2025-08-18,2333.60009765625,941.6500244140625,1082.5999755859375,905.2000122070312,39335.0,5439.0,1565.199951171875,519.0999755859375,6164.5,1262.699951171875,1208.9000244140625,1473.237548828125,1001.7999877929688,4984.0,2568.10009765625,1434.5999755859375,1435.800048828125,2001.4000244140625,5069.56591796875,1968.300048828125,14068.0,1144.0999755859375,332.68194580078125,1173.800048828125,1381.699951171875,827.6500244140625,1632.699951171875,676.0,3000.010986328125,1455.9554443359375,19.09000015258789
2025-08-19,2388.39990234375,973.4000244140625,1083.199951171875,902.2999877929688,39860.0,5499.0,1548.9000244140625,522.0499877929688,6079.5,1244.199951171875,1218.699951171875,1464.4080810546875,995.5499877929688,5118.2001953125,2604.800048828125,1436.300048828125,1440.0,2029.9000244140625,5090.98193359375,1968.5999755859375,14250.0,1161.4000244140625,331.69195556640625,1226.199951171875,1420.0999755859375,830.4000244140625,1626.5999755859375,700.25,3004.992431640625,1481.191162109375,19.350000381469727
2025-08-20,2387.10009765625,975.9500122070312,1080.199951171875,887.7999877929688,39935.0,5701.0,1546.0999755859375,535.0,6005.0,1245.4000244140625,1246.9000244140625,1484.1505126953125,994.0999755859375,5136.0,2669.800048828125,1430.5999755859375,1496.199951171875,2017.5,5160.20947265625,1940.300048828125,14221.0,1190.300048828125,338.57232666015625,1248.0,1413.0,828.9500122070312,1633.0999755859375,689.5999755859375,3087.086181640625,1508.3072509765625,19.360000610351562
2025-08-21,2377.199951171875,966.5999755859375,1078.9000244140625,895.5999755859375,39475.0,5597.5,1592.800048828125,515.7000122070312,6028.0,1276.5999755859375,1247.4000244140625,1481.6702880859375,995.5999755859375,5097.10009765625,2648.0,1446.0,1496.4000244140625,2017.800048828125,5214.49609375,1962.5,14280.0,1179.4000244140625,335.4043884277344,1245.5999755859375,1424.800048828125,825.7000122070312,1640.199951171875,685.4000244140625,3091.071533203125,1505.536376953125,19.43000030517578
2025-08-22,2324.89990234375,957.2000122070312,1070.9000244140625,894.5,39325.0,5545.5,1592.800048828125,515.9500122070312,6151.5,1277.5999755859375,1257.199951171875,1454.685791015625,982.2999877929688,4997.89990234375,2629.89990234375,1436.4000244140625,1487.5,1986.5999755859375,5204.037109375,1974.699951171875,14349.0,1162.9000244140625,333.6224365234375,1264.5999755859375,1409.199951171875,816.25,1641.800048828125,680.2999877929688,3042.65185546875,1489.4052734375,19.280000686645508
2025-08-25,2302.89990234375,964.0999755859375,1070.0,900.7999877929688,39085.0,5550.5,1601.199951171875,518.5999755859375,6248.5,1283.9000244140625,1261.699951171875,1492.2855224609375,982.0499877929688,5063.7998046875,2631.60009765625,1433.199951171875,1532.0999755859375,1983.300048828125,5272.26904296875,1966.300048828125,14452.0,1153.0,334.46392822265625,1276.0999755859375,1412.5999755859375,816.4500122070312,1656.699951171875,686.7999877929688,3128.93017578125,1511.2762451171875,19.549999237060547
2025-08-26,2272.0,931.25,1050.0999755859375,876.25,39510.0,5765.5,1579.800048828125,522.4000244140625,6190.5,1263.199951171875,1258.5999755859375,1480.975830078125,973.4000244140625,5073.39990234375,2692.60009765625,1416.5999755859375,1529.5999755859375,1965.699951171875,5145.2685546875,1924.5999755859375,14714.0,1162.199951171875,329.86053466796875,1253.0999755859375,1384.9000244140625,807.8499755859375,1600.300048828125,681.6500244140625,3145.468505859375,1486.6341552734375,18.950000762939453
2025-08-28,2275.199951171875,921.1500244140625,1051.9000244140625,876.8499755859375,39225.0,5721.0,1580.300048828125,513.8499755859375,6132.0,1259.800048828125,1250.5999755859375,1438.3165283203125,957.7999877929688,5091.7001953125,2654.39990234375,1399.0999755859375,1500.0999755859375,1944.699951171875,5102.93505859375,1902.4000244140625,14752.0,1162.4000244140625,327.48455810546875,1230.800048828125,1385.9000244140625,801.9500122070312,1585.699951171875,675.4500122070312,3082.204345703125,1480.1026611328125,18.68000030517578
2025-08-29,2244.699951171875,913.5,1045.199951171875,877.8499755859375,39960.0,5824.0,1589.4000244140625,521.0999755859375,6131.5,1260.0999755859375,1242.5999755859375,1443.27685546875,951.5999755859375,5087.7001953125,2659.800048828125,1397.800048828125,1469.5999755859375,1960.300048828125,5113.3935546875,1894.9000244140625,14791.0,1156.199951171875,324.2671203613281,1207.0,1357.199951171875,802.5,1594.5,669.0,3073.23779296875,1466.0498046875,19.100000381469727
2025-09-01,2284.199951171875,931.5499877929688,1061.5,889.3499755859375,40785.0,5846.5,1587.199951171875,523.6500244140625,6093.0,1279.9000244140625,1256.800048828125,1456.7691650390625,950.5999755859375,5244.0,2649.5,1411.0,1499.4000244140625,1968.5999755859375,5176.64501953125,1898.0,14887.0,1174.4000244140625,327.3855895996094,1235.800048828125,1353.9000244140625,806.0499877929688,1563.300048828125,690.1500244140625,3101.0341796875,1489.9000244140625,19.549999237060547
2025-09-02,2274.199951171875,933.8499755859375,1056.199951171875,890.0999755859375,41315.0,5891.5,1569.199951171875,544.5999755859375,6120.5,1253.699951171875,1283.800048828125,1454.0904541015625,944.5,5312.0,2677.0,1394.199951171875,1498.699951171875,1942.5,5222.962890625,1889.699951171875,14842.0,1200.9000244140625,332.929443359375,1257.9000244140625,1366.5,803.9000244140625,1565.199951171875,684.4000244140625,3099.938232421875,1497.12451171875,19.549999237060547
2025-09-03,2288.699951171875,935.7000122070312,1054.699951171875,896.2999877929688,41100.0,5908.0,1578.4000244140625,543.5,6164.0,1262.199951171875,1275.5,1454.4873046875,954.4500122070312,5349.0,2664.699951171875,1397.0,1479.0999755859375,1960.199951171875,5170.66845703125,1951.0999755859375,14927.0,1194.800048828125,330.8999938964844,1288.300048828125,1372.5999755859375,812.1500244140625,1578.699951171875,692.0499877929688,3085.990234375,1492.572021484375,20.350000381469727
2025-09-04,2278.800048828125,929.1500244140625,1050.4000244140625,934.75,40740.0,6083.0,1577.800048828125,552.7000122070312,6133.5,1253.0,1245.300048828125,1431.867919921875,961.25,5351.0,2666.60009765625,1405.5,1463.0,1949.699951171875,5189.59423828125,1939.199951171875,14662.0,1212.5999755859375,330.04998779296875,1241.0999755859375,1359.300048828125,809.4000244140625,1582.300048828125,687.5,3084.197021484375,1484.8529052734375,20.290000915527344
2025-09-05,2281.39990234375,929.3499755859375,1055.9000244140625,937.5999755859375,40910.0,6076.0,1553.4000244140625,546.7000122070312,6009.0,1268.0999755859375,1231.5,1407.7603759765625,963.4000244140625,5363.0,2633.39990234375,1402.800048828125,1444.5999755859375,1945.5,5175.15087890625,1943.9000244140625,14895.0,1208.5,328.70001220703125,1254.699951171875,1375.0,806.5999755859375,1593.5999755859375,691.7000122070312,3036.97314453125,1462.5860595703125,20.440000534057617
2025-09-08,2310.89990234375,937.2000122070312,1055.5,944.2999877929688,41355.0,6115.5,1541.199951171875,546.2000122070312,6027.5,1250.5999755859375,1229.9000244140625,1391.8870849609375,966.0,5443.0,2623.89990234375,1402.699951171875,1432.9000244140625,1950.0999755859375,5069.06787109375,1947.199951171875,15258.0,1187.699951171875,326.70001220703125,1253.0,1378.5,808.7999877929688,1581.0,719.5,3007.781982421875,1445.564208984375,20.18000030517578
2025-09-09,2311.60009765625,943.7000122070312,1052.199951171875,948.4000244140625,41495.0,6142.5,1551.5999755859375,544.25,6002.5,1291.300048828125,1244.9000244140625,1415.796142578125,965.1500244140625,5423.5,2642.0,1403.699951171875,1504.300048828125,1960.4000244140625,5165.18994140625,1957.300048828125,15365.0,1202.199951171875,324.1000061035156,1219.0999755859375,1376.199951171875,808.8499755859375,1591.699951171875,715.5499877929688,3038.06884765625,1482.6756591796875,20.34000015258789
2025-09-10,2340.199951171875,963.3499755859375,1070.0999755859375,967.9500122070312,41005.0,6199.0,1563.800048828125,547.5,6031.5,1304.199951171875,1256.199951171875,1452.3048095703125,965.9000244140625,5350.5,2643.5,1403.9000244140625,1532.5999755859375,1973.300048828125,5286.21435546875,1979.699951171875,15108.0,1217.5,325.6499938964844,1237.5999755859375,1377.0,818.2000122070312,1593.4000244140625,709.0999755859375,3098.44384765625,1510.1876220703125,20.770000457763672
2025-09-11,2398.800048828125,976.3499755859375,1087.4000244140625,970.25,40655.0,6300.5,1560.800048828125,544.0999755859375,6015.5,1303.0999755859375,1266.5,1456.0745849609375,967.7999877929688,5302.0,2622.0,1401.5999755859375,1509.699951171875,1972.300048828125,5270.77490234375,1988.0,15095.0,1220.800048828125,331.04998779296875,1224.0,1383.300048828125,823.6500244140625,1609.699951171875,705.8499755859375,3112.591064453125,1505.4373779296875,20.979999542236328
2025-09-12,2392.0,981.7000122070312,1105.300048828125,1003.25,39885.0,6247.0,1574.5999755859375,538.8499755859375,6026.5,1316.699951171875,1249.699951171875,1455.5784912109375,967.2999877929688,5301.5,2580.5,1417.699951171875,1525.5999755859375,1972.300048828125,5311.6142578125,2043.4000244140625,15325.0,1217.5999755859375,331.70001220703125,1219.0,1395.0,823.5499877929688,1616.5999755859375,715.25,3121.7568359375,1509.69287109375,20.860000610351562
2025-09-15,2383.39990234375,986.7000122070312,1104.4000244140625,1009.8499755859375,39445.0,6212.0,1548.300048828125,540.9000244140625,6057.0,1300.800048828125,1257.5999755859375,1454.8841552734375,967.0499877929688,5288.5,2581.0,1419.4000244140625,1508.4000244140625,1970.800048828125,5320.5791015625,2046.0,15265.0,1212.5,331.1000061035156,1228.0,1399.300048828125,824.75,1602.0,712.9000244140625,3100.336669921875,1504.0518798828125,21.010000228881836
2025-09-16,2399.39990234375,987.8499755859375,1121.199951171875,1003.25,39920.0,6202.5,1559.0,535.7000122070312,6099.5,1310.4000244140625,1229.4000244140625,1471.3526611328125,966.8499755859375,5316.0,2580.89990234375,1421.5999755859375,1511.300048828125,2021.699951171875,5354.44580078125,2051.800048828125,15573.0,1204.199951171875,335.04998779296875,1231.300048828125,1405.300048828125,831.5499877929688,1610.5,713.25,3134.01123046875,1515.630615234375,21.010000228881836
2025-09-17,2402.0,979.4500122070312,1126.0,1007.5,39775.0,6097.5,1559.5999755859375,535.1500244140625,6051.5,1311.4000244140625,1243.4000244140625,1469.765380859375,966.5,5350.0,2569.699951171875,1419.199951171875,1522.4000244140625,2050.300048828125,5401.759765625,2031.199951171875,15801.0,1204.300048828125,336.3999938964844,1222.0999755859375,1413.800048828125,857.1500244140625,1620.199951171875,719.1500244140625,3161.010498046875,1531.16796875,21.149999618530273
2025-09-18,2402.0,978.9000244140625,1133.0,996.5,39885.0,6100.5,1578.199951171875,536.2999877929688,6112.0,1322.699951171875,1238.4000244140625,1481.9678955078125,976.9000244140625,5370.0,2586.800048828125,1421.699951171875,1540.5999755859375,2054.60009765625,5502.8623046875,2046.5999755859375,15817.0,1209.0999755859375,336.95001220703125,1229.300048828125,1415.0,854.3499755859375,1648.5999755859375,711.2000122070312,3164.89599609375,1534.631591796875,21.06999969482422
2025-09-19,2524.0,1030.699951171875,1135.9000244140625,992.4500122070312,39790.0,6069.5,1575.800048828125,535.4500122070312,6200.0,1321.699951171875,1238.9000244140625,1455.777099609375,966.9000244140625,5408.0,2559.60009765625,1402.199951171875,1540.199951171875,2031.0,5487.9208984375,2055.60009765625,15864.0,1194.5,338.6499938964844,1177.199951171875,1407.4000244140625,862.3499755859375,1656.0,707.4500122070312,3157.423828125,1537.6995849609375,21.170000076293945
2025-09-22,2629.5,1152.1500244140625,1144.4000244140625,1006.5,39570.0,6056.5,1542.199951171875,522.0499877929688,6092.5,1301.4000244140625,1232.199951171875,1428.494873046875,964.2000122070312,5429.5,2572.199951171875,1401.5,1499.5,2021.699951171875,5239.3984375,2004.4000244140625,15816.0,1188.300048828125,339.20001220703125,1196.199951171875,1390.5999755859375,855.25,1644.0,696.25,3062.37841796875,1489.8011474609375,21.209999084472656
2025-09-23,2676.39990234375,1131.449951171875,1170.800048828125,1025.5,39390.0,5934.0,1527.0999755859375,515.0,6051.0,1308.4000244140625,1192.199951171875,1418.474853515625,957.2000122070312,5370.5,2522.199951171875,1394.300048828125,1497.5,2047.699951171875,5241.888671875,2007.0,16097.0,1168.4000244140625,343.0,1179.4000244140625,1389.800048828125,870.5999755859375,1631.199951171875,701.3499755859375,3051.0205078125,1456.648193359375,21.3799991607666
2025-09-24,2619.800048828125,1095.25,1158.9000244140625,1029.75,38760.0,5970.5,1538.0,517.7999877929688,5984.0,1298.0999755859375,1186.0,1430.8758544921875,951.0499877929688,5277.0,2549.5,1382.699951171875,1494.5999755859375,2031.300048828125,5186.60595703125,1990.9000244140625,16249.0,1178.5999755859375,347.6000061035156,1162.199951171875,1383.0,866.2000122070312,1627.0999755859375,682.9500122070312,3024.120849609375,1437.350341796875,21.190000534057617
2025-09-25,2576.39990234375,1079.550048828125,1166.5999755859375,1012.75,38525.0,5953.5,1509.699951171875,506.29998779296875,5897.0,1275.199951171875,1189.199951171875,1412.5224609375,949.8499755859375,5354.5,2538.300048828125,1375.800048828125,1484.800048828125,2013.5,5193.57861328125,1963.5,16269.0,1173.5,340.5,1141.4000244140625,1372.4000244140625,861.1500244140625,1627.4000244140625,664.2999877929688,2946.41064453125,1429.334228515625,21.350000381469727
2025-09-26,2543.699951171875,1047.4000244140625,1154.0,985.0999755859375,38150.0,5920.5,1499.4000244140625,499.75,5689.5,1253.0999755859375,1163.9000244140625,1384.2481689453125,945.0499877929688,5328.0,2511.800048828125,1359.5999755859375,1448.9000244140625,1994.800048828125,5055.123046875,1919.800048828125,16286.0,1162.5999755859375,337.8999938964844,1125.199951171875,1377.5999755859375,856.9500122070312,1586.699951171875,672.9000244140625,2888.32763671875,1393.1134033203125,20.969999313354492
2025-09-29,2509.5,1035.3499755859375,1132.199951171875,990.9500122070312,38345.0,5929.0,1488.0,492.8500061035156,5697.5,1234.5999755859375,1177.5999755859375,1376.41064453125,950.2999877929688,5300.5,2497.89990234375,1348.0999755859375,1441.800048828125,1991.5999755859375,5137.7978515625,1933.199951171875,15984.0,1152.5,340.95001220703125,1119.0,1372.800048828125,870.75,1589.300048828125,672.5,2885.338623046875,1396.082275390625,21.040000915527344
2025-09-30,2505.89990234375,1026.8499755859375,1131.5999755859375,998.9000244140625,38145.0,5991.0,1503.300048828125,491.29998779296875,5689.5,1223.699951171875,1166.9000244140625,1374.12890625,951.0,5472.5,2514.39990234375,1348.0,1441.800048828125,1992.699951171875,5137.2998046875,1911.300048828125,16029.0,1152.9000244140625,340.45001220703125,1123.800048828125,1364.0,872.4500122070312,1594.300048828125,680.2000122070312,2877.667236328125,1385.7901611328125,21.25
2025-10-01,2592.699951171875,1064.699951171875,1159.5,987.7000122070312,38320.0,5966.5,1513.0,495.04998779296875,5710.0,1244.699951171875,1148.5999755859375,1378.4940185546875,965.25,5432.5,2536.199951171875,1372.0,1445.800048828125,2063.300048828125,5102.93505859375,1981.300048828125,15965.0,1166.4000244140625,340.25,1148.5999755859375,1368.699951171875,864.0999755859375,1636.199951171875,718.3499755859375,2903.371337890625,1401.327392578125,21.760000228881836
2025-10-03,2589.89990234375,1070.300048828125,1181.0,989.75,38630.0,5992.5,1517.699951171875,496.1499938964844,5866.0,1248.0999755859375,1149.0,1382.46240234375,965.1500244140625,5550.5,2544.89990234375,1365.199951171875,1446.5999755859375,2100.5,5099.94677734375,1973.5999755859375,15806.0,1169.9000244140625,342.0,1168.0,1363.4000244140625,867.2999877929688,1631.199951171875,716.0999755859375,2891.116943359375,1386.0870361328125,21.850000381469727
2025-10-06,2573.5,1059.4000244140625,1212.800048828125,1008.9000244140625,38800.0,6011.0,1513.0999755859375,493.3500061035156,5826.5,1248.5999755859375,1147.5999755859375,1406.4705810546875,973.4500122070312,5581.5,2541.800048828125,1363.4000244140625,1476.0,2146.0,5253.34326171875,1937.300048828125,15998.0,1181.699951171875,339.1000061035156,1224.199951171875,1375.0,874.0499877929688,1654.699951171875,712.6500244140625,2977.295654296875,1424.3861083984375,21.93000030517578
2025-10-07,2542.199951171875,1060.699951171875,1186.800048828125,1016.5499877929688,38770.0,5887.0,1513.300048828125,492.25,6104.5,1248.5,1152.800048828125,1422.04638671875,982.5,5615.0,2517.199951171875,1375.9000244140625,1458.5,2126.89990234375,5248.36279296875,1924.800048828125,16108.0,1176.800048828125,338.0,1237.5999755859375,1384.800048828125,864.7000122070312,1653.0999755859375,698.0499877929688,2962.650146484375,1423.990234375,22.219999313354492
2025-10-08,2524.10009765625,1045.0999755859375,1180.5999755859375,1023.1500244140625,38350.0,5836.0,1494.5999755859375,480.1499938964844,6120.5,1234.5,1130.699951171875,1441.689453125,978.7000122070312,5512.5,2500.10009765625,1370.300048828125,1495.0,2117.800048828125,5321.5751953125,1905.5999755859375,16012.0,1180.5,333.79998779296875,1224.9000244140625,1367.4000244140625,858.25,1631.5999755859375,681.5499877929688,3015.951416015625,1443.090087890625,22.040000915527344
2025-10-09,2542.39990234375,1051.5,1167.4000244140625,1024.0999755859375,38465.0,5876.0,1513.0999755859375,485.3999938964844,6132.0,1246.0999755859375,1128.800048828125,1474.7257080078125,977.0999755859375,5512.0,2517.60009765625,1376.199951171875,1509.300048828125,2144.60009765625,5412.716796875,1957.5999755859375,15985.0,1187.800048828125,335.8500061035156,1246.300048828125,1377.800048828125,862.0999755859375,1658.5,681.0999755859375,3050.3232421875,1451.403076171875,22.420000076293945
2025-10-10,2550.89990234375,1064.300048828125,1180.4000244140625,1023.8499755859375,38625.0,5871.5,1561.800048828125,489.70001220703125,6474.5,1264.4000244140625,1129.800048828125,1483.6544189453125,980.9000244140625,5500.0,2528.89990234375,1380.300048828125,1514.9000244140625,2150.10009765625,5450.06982421875,1959.300048828125,16265.0,1199.5,339.70001220703125,1236.9000244140625,1381.699951171875,880.6500244140625,1670.9000244140625,678.9500122070312,3017.04736328125,1442.1004638671875,24.0
2025-10-13,2527.39990234375,1051.300048828125,1189.5999755859375,1036.75,38535.0,5862.0,1563.5999755859375,487.75,6556.0,1262.4000244140625,1110.800048828125,1482.8607177734375,977.0,5559.0,2492.800048828125,1379.4000244140625,1493.199951171875,2152.10009765625,5476.46630859375,1972.4000244140625,16323.0,1188.0999755859375,341.70001220703125,1249.4000244140625,1375.0,882.9500122070312,1668.4000244140625,660.75,2996.02587890625,1435.8658447265625,24.030000686645508
2025-10-14,2517.0,1036.199951171875,1176.800048828125,1019.1500244140625,38010.0,5800.5,1552.300048828125,487.3500061035156,6561.0,1237.300048828125,1101.4000244140625,1483.5552978515625,977.1500244140625,5571.5,2502.300048828125,1384.0999755859375,1489.9000244140625,2151.800048828125,5447.57958984375,1937.300048828125,16261.0,1175.5,336.6499938964844,1244.800048828125,1375.9000244140625,876.9500122070312,1654.4000244140625,395.45001220703125,2949.300048828125,1452.78857421875,23.31999969482422
2025-10-15,2532.800048828125,1043.800048828125,1169.5999755859375,1059.9000244140625,38380.0,5857.5,1558.699951171875,493.1499938964844,6573.0,1232.4000244140625,1110.5999755859375,1483.852783203125,978.25,5537.5,2519.0,1398.4000244140625,1474.4000244140625,2149.60009765625,5587.529296875,1940.5,16212.0,1221.4000244140625,339.25,1277.300048828125,1374.300048828125,886.0999755859375,1655.0999755859375,390.8500061035156,2969.800048828125,1443.8818359375,23.31999969482422
2025-10-16,2557.60009765625,1060.300048828125,1196.300048828125,1065.75,38510.0,6025.5,1569.4000244140625,500.75,6600.5,1240.199951171875,1120.0999755859375,1503.0,994.3499755859375,5579.5,2561.5,1417.300048828125,1471.5,2205.39990234375,5600.478515625,1951.199951171875,16298.0,1276.5999755859375,341.5,1274.0,1398.300048828125,886.9500122070312,1659.0,396.79998779296875,2970.699951171875,1448.6322021484375,23.1200008392334
2025-10-17,2549.39990234375,1036.699951171875,1200.199951171875,1070.0999755859375,38755.0,6083.0,1577.5999755859375,508.3500061035156,6621.5,1255.9000244140625,1132.199951171875,1486.199951171875,1002.5499877929688,5592.5,2603.699951171875,1436.5999755859375,1441.0999755859375,2205.800048828125,5583.046875,1940.0,16401.0,1289.5,341.0,1285.300048828125,1416.800048828125,889.1500244140625,1679.0999755859375,396.6000061035156,2962.199951171875,1432.5999755859375,22.25
2025-10-20,2548.10009765625,1034.0999755859375,1226.0,1081.0,39215.0,6070.0,1639.0999755859375,504.54998779296875,6604.0,1282.0,1136.5,1495.4000244140625,1002.9500122070312,5641.0,2594.39990234375,1390.300048828125,1460.9000244140625,2213.800048828125,5574.580078125,1943.800048828125,16424.0,1285.4000244140625,341.95001220703125,1305.5,1466.800048828125,907.5,1688.5999755859375,399.75,3015.199951171875,1444.4000244140625,22.639999389648438
2025-10-21,2549.89990234375,1040.0,1237.300048828125,1086.5,39200.0,6075.0,1663.5999755859375,506.3999938964844,6587.0,1288.699951171875,1133.800048828125,1486.0,1007.7000122070312,5646.5,2591.699951171875,1382.0,1472.4000244140625,2197.0,5539.21923828125,1942.300048828125,16396.0,1287.300048828125,342.0,1308.199951171875,1465.199951171875,907.8499755859375,1690.5,401.8500061035156,3006.699951171875,1448.699951171875,22.75
2025-10-23,2545.800048828125,1044.699951171875,1258.800048828125,1094.1500244140625,38920.0,6068.0,1645.0999755859375,511.3999938964844,6565.5,1279.4000244140625,1132.300048828125,1523.9000244140625,1008.7999877929688,5588.5,2601.60009765625,1363.699951171875,1528.5,2225.60009765625,5595.0,1939.800048828125,16393.0,1272.800048828125,342.6499938964844,1284.0999755859375,1448.4000244140625,911.5499877929688,1689.9000244140625,405.8500061035156,3073.199951171875,1463.4000244140625,22.719999313354492
2025-10-24,2504.199951171875,1031.0999755859375,1241.9000244140625,1089.75,38585.0,6053.0,1584.4000244140625,508.45001220703125,6593.0,1283.5999755859375,1130.4000244140625,1523.800048828125,994.75,5540.5,2516.39990234375,1377.699951171875,1525.4000244140625,2187.0,5546.0,1931.199951171875,16274.0,1282.0,339.6000061035156,1287.0,1451.5999755859375,904.5,1699.0,403.29998779296875,3063.199951171875,1453.699951171875,22.670000076293945
